PlayerName,PlayerTeam,PlayerPredictions_DNN_Blk,PlayerPredictions_MLP_Blk,PlayerPredictions_RF_Blk,PlayerPredictions_XGB_Blk,PlayerPredictions_LSTM_Blk,PlayerPredictions_MLP_window_Blk,PlayerPredictions_DNN_window_Blk,PlayerPredictions_XGB_window_Blk,PlayerPredictions_LSTM_window_Blk,PlayerPredictions_RF_window_Blk
N.Jokic,Denver Nuggets,[[1.0827377]],[0.65352184],[1.],[0.98450387],[[1.2140232]],1.2783123066814057,1.172629952430725,1.255852222442627,1.046740174293518,1.635
R.Beekman,Brooklyn Nets,[[0.0270556]],[0.],[0.],[0.],[[0.]],0.07325092391806894,0.00014559426927007735,0.001470730872824788,0.0,0.0
D.Jones,Los Angeles Clippers,[[0.4052528]],[0.26139774],[1.],[0.02083267],[[0.38232547]],0.30946575611114124,0.013484364375472069,0.37308433651924133,0.32341814041137695,0.175
J.McDaniels,Minnesota Timberwolves,[[0.92303807]],[0.86409884],[1.],[1.0231466],[[0.8280605]],0.950927659722084,0.7755106091499329,0.965736985206604,0.9346945285797119,1.59
D.DiVincenzo,Minnesota Timberwolves,[[0.]],[0.],[0.],[0.02256119],[[0.]],0.0,0.00011935632210224867,0.0,0.05531493201851845,0.0
M.Porter,Denver Nuggets,[[0.15505928]],[0.10799152],[0.],[0.04656262],[[0.19091609]],0.27920779183898964,3.959703826694749e-05,0.1864149421453476,0.14227613806724548,0.125
C.Braun,Denver Nuggets,[[1.4263939]],[1.18477017],[1.41],[1.2037816],[[1.4071544]],1.4519055476198768,1.326313853263855,1.3563848733901978,1.2880299091339111,0.6
D.Sharpe,Brooklyn Nets,[[0.15594096]],[0.04833061],[1.],[0.],[[0.17138179]],0.22797613079559687,0.0001792879484128207,0.18907055258750916,0.23779265582561493,0.15
B.Sheppard,Indiana Pacers,[[0.49853617]],[0.56859948],[1.],[0.97310203],[[0.61446095]],0.4306055995988285,0.17009364068508148,0.4539725184440613,0.5676878690719604,0.795
K.Johnson,Brooklyn Nets,[[0.16416842]],[0.26662491],[1.],[0.86535746],[[0.13732761]],0.26604007188991374,0.001027614576742053,0.20560094714164734,0.3233811855316162,0.4
S.Milton,Brooklyn Nets,[[0.0222776]],[0.],[0.],[0.00475969],[[0.]],0.051433677808092784,0.0006638419581577182,0.0017639537109062076,0.0,0.0
J.Tyson,Cleveland Cavaliers,[[0.02770534]],[0.03754054],[0.],[0.],[[0.]],0.11091532859928312,0.0,0.003336271271109581,0.0,0.0
D.Peterson,Boston Celtics,[[0.906693]],[0.93358556],[1.],[0.9931838],[[1.1323239]],0.4147207788555158,0.40539222955703735,0.2882687747478485,0.8047192096710205,0.215
J.Springer,Boston Celtics,[[0.0183498]],[0.],[0.],[0.],[[0.]],0.07001391987001034,0.00038019067142158747,0.004617270547896624,0.0,0.0
T.McConnell,Indiana Pacers,[[0.00907121]],[0.],[0.],[0.],[[0.]],0.04051205897150338,0.00013305721222423017,0.006048849318176508,0.0,0.0
T.Bryant,Indiana Pacers,[[0.20421319]],[0.16820923],[1.],[0.8175879],[[0.1856727]],0.4398016033152874,0.00010487558029126376,0.49906113743782043,0.3854592442512512,0.3
J.Brown,Boston Celtics,[[0.30739588]],[0.2316258],[0.],[0.02605269],[[0.3245976]],0.4244600714212883,9.402005525771528e-05,0.7672180533409119,0.26115646958351135,1.25
D.Vassell,San Antonio Spurs,[[0.34541574]],[0.21512153],[1.],[0.],[[0.3203688]],0.5034280010467009,0.00042295127059333026,0.3999375104904175,0.3353000283241272,0.27
C.Paul,San Antonio Spurs,[[0.23388845]],[0.09142286],[0.],[0.],[[0.2277999]],0.14438068888682526,0.000437411101302132,0.15535427629947662,0.19434916973114014,0.135
J.Allen,Cleveland Cavaliers,[[1.9550432]],[1.73675136],[1.675],[1.8687742],[[2.2636843]],1.7979408943426198,1.3716518878936768,1.7935853004455566,1.709088683128357,1.92
J.Tatum,Boston Celtics,[[0.6307088]],[0.33717647],[1.],[0.9649322],[[0.6822795]],0.6457439947164357,0.5159677863121033,0.5841675996780396,0.5839245915412903,0.375
D.White,Boston Celtics,[[0.9228734]],[0.62641086],[1.],[1.0031201],[[0.89049]],1.0392683100119748,0.9679243564605713,1.042143702507019,0.8365734815597534,1.165
P.Siakam,Indiana Pacers,[[0.15246692]],[0.00891153],[0.],[0.02447592],[[0.14107685]],0.2284904326580326,0.00031179666984826326,0.19737078249454498,0.16050125658512115,0.07
M.Turner,Indiana Pacers,[[1.7241447]],[1.64258034],[1.685],[1.8985244],[[1.6485087]],1.7705868497376152,1.716599464416504,2.0001399517059326,1.5161056518554688,1.48
B.Boston,New Orleans Pelicans,[[0.06996112]],[0.],[0.],[0.00331376],[[0.02680633]],0.1827353076546669,0.0007244908483698964,0.20206278562545776,0.10001346468925476,0.57
J.Walsh,Boston Celtics,[[0.1143921]],[0.10169008],[1.],[0.85129863],[[0.06483614]],0.28157317640665447,0.0,0.23156926035881042,0.20979692041873932,0.075
L.Kornet,Boston Celtics,[[0.536331]],[0.5861473],[1.],[0.86951506],[[0.71830153]],0.6514211348991782,0.4501167833805084,0.6677632331848145,0.6951766610145569,0.3
N.Claxton,Brooklyn Nets,[[1.4551864]],[1.31106078],[1.315],[1.1445239],[[1.7464279]],1.3936888648405514,1.2021647691726685,1.5596604347229004,1.3910412788391113,0.95
J.Walker,Indiana Pacers,[[0.02207235]],[0.],[0.],[0.0019423],[[0.]],0.04518397409423475,7.777262362651527e-05,0.003898683236911893,0.0,0.0
J.Furphy,Indiana Pacers,[[0.15931726]],[0.27451145],[1.],[0.817802],[[0.04765964]],0.33254961525469584,0.0002486104494892061,0.24838779866695404,0.2707700729370117,0.395
J.Johnson,Indiana Pacers,[[0.62114626]],[0.34491455],[1.],[0.9615637],[[0.23482701]],0.6180233281755574,0.30100443959236145,0.5483849048614502,0.642898678779602,0.85
E.Freeman,Indiana Pacers,[[0.11984628]],[0.15876202],[1.],[0.8512035],[[0.04345741]],0.27175814061883286,0.0,0.23537208139896393,0.21978531777858734,0.06
Q.Jackson,Indiana Pacers,[[0.17556344]],[0.07862003],[1.],[0.8311804],[[0.15254845]],0.28257270281637664,0.00022036379959899932,0.18470415472984314,0.30685824155807495,0.19
B.Mathurin,Indiana Pacers,[[0.00558318]],[0.],[0.],[0.03296995],[[0.]],0.03132062960023817,0.00026592728681862354,0.007443744223564863,0.0,0.0
T.Haliburton,Indiana Pacers,[[0.5660959]],[0.48102852],[1.],[0.],[[0.52589417]],0.6059846894338538,0.3864608705043793,0.5761171579360962,0.4692230820655823,0.295
H.Barnes,San Antonio Spurs,[[0.49866572]],[0.36162195],[1.],[0.],[[0.4377907]],0.33881007712396816,0.002078407444059849,0.42252546548843384,0.3722791373729706,0.65
N.Queta,Boston Celtics,[[0.08715086]],[0.09873746],[1.],[0.00268617],[[0.07433072]],0.2622761382664253,0.0,0.1957237869501114,0.16788341104984283,0.065
J.Konchar,Memphis Grizzlies,[[0.9473599]],[0.83114768],[1.],[0.96545327],[[1.1153885]],1.0175349718136957,0.8706356287002563,0.9762949347496033,0.9590802192687988,0.95
T.Murphy,New Orleans Pelicans,[[0.7862302]],[0.65757365],[1.],[0.9716788],[[0.72483623]],0.5436614027229162,0.12690620124340057,0.6173712611198425,0.62527996301651,0.825
J.Hawkins,New Orleans Pelicans,[[0.18692626]],[0.16143487],[0.],[0.],[[0.206862]],0.2022654202882092,0.00030744465766474605,0.19729752838611603,0.1828698068857193,0.085
K.Towns,New York Knicks,[[0.65271103]],[0.40119411],[1.],[0.96797454],[[0.60847414]],0.5712918356453934,0.0519808866083622,0.5918377637863159,0.5652940273284912,0.76
N.Batum,Los Angeles Clippers,[[0.95136994]],[0.83062579],[1.],[1.0265114],[[1.1777427]],0.9099908411580094,0.8825046420097351,1.3300668001174927,1.013999342918396,2.975
C.Anthony,Orlando Magic,[[0.12240826]],[0.28895136],[1.],[0.],[[0.12499904]],0.16399861558705492,0.00036926870234310627,0.20881184935569763,0.21679073572158813,0.155
C.Houstan,Orlando Magic,[[0.02533014]],[0.],[0.],[0.],[[0.]],0.040907640495011374,1.1052907211706042e-06,0.004332255106419325,0.0,0.0
K.Irving,Dallas Mavericks,[[0.4704011]],[0.26449692],[1.],[0.06216969],[[0.4641939]],0.42123511579713835,0.0009143681963905692,0.3731694221496582,0.41500478982925415,0.31
K.Thompson,Dallas Mavericks,[[0.]],[0.],[0.],[0.00217392],[[0.]],0.0310835168242429,0.00045428177691064775,0.0016209768364205956,0.02581281214952469,0.0
J.Robinson-Earl,New Orleans Pelicans,[[0.02281225]],[0.],[0.],[0.],[[0.]],0.04706659075738455,3.669492434710264e-05,0.0018470612121745944,0.0,0.0
C.Payne,New York Knicks,[[0.23458953]],[0.23832901],[1.],[0.91565984],[[0.30106828]],0.18761614155887874,0.00013094751921016723,0.20711757242679596,0.3222838044166565,0.145
T.Da,Orlando Magic,[[0.08968215]],[0.14801753],[0.],[0.],[[0.10616288]],0.1681018435201974,0.00027201895136386156,0.21478287875652313,0.12517832219600677,0.175
L.Waters,Golden State Warriors,[[0.09155628]],[0.],[0.],[0.03983599],[[0.02210259]],0.26437432606936007,0.0002926934394054115,0.2809004485607147,0.15668128430843353,0.665
H.Tyson,Denver Nuggets,[[0.08132929]],[0.12738834],[1.],[0.],[[0.0807633]],0.29527634862634156,9.895674884319305e-05,0.2370273321866989,0.14870484173297882,0.075
S.Jones,Denver Nuggets,[[0.02819533]],[0.],[0.],[0.],[[0.]],0.0923123134733063,0.001666181837208569,0.0,0.0,0.0
M.Strus,Cleveland Cavaliers,[[0.00975501]],[0.02694113],[0.],[0.00959183],[[0.]],0.0,0.0005444348207674921,0.0,0.0,0.0
C.LeVert,Cleveland Cavaliers,[[0.6790041]],[0.39116462],[1.],[0.97043175],[[0.68048114]],0.6345120273154775,0.10962884873151779,0.571476399898529,0.6794768571853638,0.26
J.Huff,Memphis Grizzlies,[[1.114962]],[1.03551645],[1.015],[1.1401345],[[1.4401277]],1.4239387676122057,1.1809252500534058,1.4148956537246704,1.2921987771987915,0.9
J.Brunson,New York Knicks,[[0.00227036]],[0.],[0.],[0.04228174],[[0.]],0.0,5.675321881426498e-05,0.006914030760526657,0.014994267374277115,0.0
M.McBride,New York Knicks,[[0.22882667]],[0.13337188],[1.],[0.01114104],[[0.21489155]],0.1791725117696067,8.34468737593852e-05,0.2063199281692505,0.20821255445480347,0.155
O.Anunoby,New York Knicks,[[0.2117022]],[0.14915629],[0.],[0.00860647],[[0.23029396]],0.16563559379728998,0.00024376560759264976,0.19867807626724243,0.17885325849056244,0.185
D.Murray,New Orleans Pelicans,[[0.40255538]],[0.37597434],[1.],[0.06789029],[[0.38040888]],0.3834697197972843,0.0010718361008912325,0.37572911381721497,0.3466234505176544,0.645
C.McCollum,New Orleans Pelicans,[[0.8846293]],[0.66923114],[1.],[1.0233836],[[0.82481843]],0.7906793934948932,0.3574792742729187,0.7368955016136169,0.7160422801971436,0.325
H.Jones,New Orleans Pelicans,[[0.461097]],[0.37837359],[1.],[0.02728387],[[0.4175199]],0.3977637027508733,0.000633364194072783,0.4107751250267029,0.3671562075614929,0.625
Y.Missi,New Orleans Pelicans,[[1.5049838]],[1.41740321],[1.9],[1.9234896],[[1.8078245]],1.7772938360524686,1.2829489707946777,1.42873215675354,1.641960859298706,1.0
J.Kuminga,Golden State Warriors,[[0.68825763]],[0.7510275],[1.],[0.9118859],[[0.7050191]],0.6122941417787006,0.41672199964523315,0.5308980941772461,0.6023042798042297,0.315
D.Theis,New Orleans Pelicans,[[0.8865621]],[1.01799639],[1.],[0.9971879],[[1.0836172]],1.18816831426046,0.7283999919891357,0.9879202246665955,1.0930867195129395,0.36
D.Bane,Memphis Grizzlies,[[0.55743283]],[0.42478149],[1.],[0.97391874],[[0.49693844]],0.6284286722466207,0.22382667660713196,0.6861116886138916,0.4778440296649933,0.545
J.Suggs,Orlando Magic,[[0.65794015]],[0.47065376],[1.],[0.9574104],[[0.6869361]],0.754487858205053,0.8081637620925903,0.7442489266395569,0.6524192690849304,1.38
J.Morant,Memphis Grizzlies,[[0.2833737]],[0.16709111],[1.],[0.02156802],[[0.25430956]],0.2344103713806992,0.0,0.23193524777889252,0.22332710027694702,0.195
S.Pippen,Memphis Grizzlies,[[0.7373024]],[0.53134083],[1.],[0.9573556],[[0.6556623]],0.6283013305069883,0.32847273349761963,0.6986206769943237,0.5832284092903137,0.62
L.Kennard,Memphis Grizzlies,[[0.11825551]],[0.06890818],[0.63],[0.01562836],[[0.13497286]],0.17031386210162042,0.00045779344509355724,0.1733199656009674,0.14894071221351624,0.13
B.Clarke,Memphis Grizzlies,[[0.0064806]],[0.],[0.],[0.04662131],[[0.]],0.04880148193927124,1.564693229738623e-05,0.0014015770284458995,0.0,0.0
A.Holiday,Houston Rockets,[[0.02966876]],[0.],[0.],[0.],[[0.]],0.10004133587052434,8.472244371660054e-05,0.005620183423161507,0.0,0.0
J.LaRavia,Memphis Grizzlies,[[0.5059996]],[0.41410187],[1.],[0.95683813],[[0.47898924]],0.43046662243342804,0.0016005199868232012,0.43992412090301514,0.43997398018836975,0.635
J.Gortman,Dallas Mavericks,[[1.8570896]],[0.06562921],[1.08],[0.99158865],[[1.2045048]],0.13308666549553766,0.34268397092819214,0.406261146068573,0.5477851629257202,0.71
J.Nurkic,Phoenix Suns,[[0.9581759]],[0.8917215],[1.],[0.9762244],[[0.8792232]],0.724085359282233,0.4894484579563141,0.6049116253852844,0.8088778257369995,0.14
P.Washington,Dallas Mavericks,[[1.0935495]],[0.89365378],[1.],[0.9898422],[[1.0956802]],1.192238284356477,1.1228662729263306,1.0939279794692993,1.0295125246047974,1.66
Q.Post,Golden State Warriors,[[0.03534108]],[0.],[0.],[0.],[[0.]],0.0,5.099429108668119e-05,0.0,0.014171399176120758,0.0
K.Looney,Golden State Warriors,[[0.57018405]],[0.51523636],[1.],[1.1335758],[[0.6761177]],0.6237822714255157,0.5095474720001221,0.7673802971839905,0.6372029185295105,0.57
G.Santos,Golden State Warriors,[[0.03343484]],[0.],[0.],[0.],[[0.]],0.09179898176903777,0.0003552187408786267,0.004441303201019764,0.0,0.0
J.Tate,Houston Rockets,[[0.01801926]],[0.],[0.],[0.],[[0.]],0.0920499861930104,0.0003893799730576575,0.0009126038639806211,0.0,0.0
C.Whitmore,Houston Rockets,[[0.06349179]],[0.06343841],[0.],[0.00270277],[[0.03774667]],0.27705260232606554,0.0003763590066228062,0.2654264569282532,0.12211337685585022,0.115
N.Powell,Los Angeles Clippers,[[0.5122978]],[0.31275506],[1.],[0.09148568],[[0.48743448]],0.3141777824780719,0.016529832035303116,0.33685001730918884,0.42235302925109863,0.1
K.Edwards,Dallas Mavericks,[[0.02806653]],[0.26926949],[0.],[0.00054504],[[0.]],0.12719642779323664,0.0001450702256988734,0.00428001256659627,0.0,0.0
A.Coffey,Los Angeles Clippers,[[0.01205862]],[0.],[0.],[0.00592876],[[0.]],0.0,8.147276821546257e-05,0.00133586919400841,0.0,0.0
J.Hardy,Dallas Mavericks,[[0.08482771]],[0.09461632],[1.],[0.],[[0.03940188]],0.23875681459687959,0.0002788359997794032,0.2439156472682953,0.16296571493148804,0.15
B.Beal,Phoenix Suns,[[0.7304805]],[0.50675391],[1.],[0.9875681],[[0.7413307]],0.7341848633667677,0.4406149685382843,0.7338281869888306,0.6156011819839478,0.315
K.Durant,Phoenix Suns,[[1.5505015]],[1.41875096],[1.84],[1.6471057],[[1.631283]],1.692350643448844,1.6764672994613647,1.8318108320236206,1.4043315649032593,2.005
T.Jones,Phoenix Suns,[[0.39292252]],[0.22644968],[1.],[0.],[[0.3699726]],0.34587851446065465,0.0005889703752472997,0.37772586941719055,0.32183656096458435,0.08
R.Dunn,Phoenix Suns,[[0.54505086]],[0.43504011],[1.],[0.9488181],[[0.60223585]],0.3579779227847146,8.068829629337415e-05,0.3864312171936035,0.532891571521759,0.155
L.Shamet,New York Knicks,[[0.06001136]],[0.],[0.],[0.],[[0.]],0.20099527808146161,0.0004894415615126491,0.0,0.009403540752828121,0.0
D.Gafford,Dallas Mavericks,[[1.2065269]],[1.16093146],[1.07],[1.1420633],[[1.5692149]],1.4077343521117673,1.2624785900115967,1.6265344619750977,1.3535858392715454,1.455
J.Sims,New York Knicks,[[0.40962458]],[0.56309967],[1.],[0.92969775],[[0.48230183]],0.5769524872903781,0.11177079379558563,0.5897738933563232,0.6025227308273315,0.735
N.Marshall,Dallas Mavericks,[[0.08503105]],[0.05281102],[0.],[0.],[[0.09370954]],0.233982830627533,0.0003365605662111193,0.24747401475906372,0.13675163686275482,0.38
M.Kleber,Dallas Mavericks,[[0.13180614]],[0.15309516],[1.],[0.04370351],[[0.1420326]],0.23718878133851662,0.00034672499168664217,0.20468756556510925,0.22065146267414093,0.055
S.Dinwiddie,Dallas Mavericks,[[0.17809533]],[0.25444785],[1.],[0.88315237],[[0.2493555]],0.4306158221445048,0.00590584147721529,0.4349902272224426,0.3527216613292694,0.615
D.Powell,Dallas Mavericks,[[0.29276308]],[0.08040921],[1.],[0.8437864],[[0.03070249]],0.5782819948633566,0.1339786946773529,0.5689206123352051,0.50747150182724,0.58
O.Prosper,Dallas Mavericks,[[0.02517096]],[0.],[0.],[0.],[[0.]],0.07166405615616765,0.00015618372708559036,0.0034527424722909927,0.0,0.0
J.Hart,New York Knicks,[[0.01785269]],[0.],[0.],[0.00157145],[[0.04958424]],0.0,6.605561065953225e-05,0.00434031430631876,0.023823555558919907,0.0
J.Harden,Los Angeles Clippers,[[0.6789031]],[0.44876209],[1.],[1.0272897],[[0.70451874]],0.504774588179069,0.06382238864898682,0.5956241488456726,0.5637906193733215,1.45
K.Caldwell-Pope,Orlando Magic,[[1.3277194]],[1.23905316],[1.],[0.9833249],[[1.2397268]],0.9228396810007725,1.1715859174728394,0.83986496925354,1.086255431175232,0.485
G.Bitadze,Orlando Magic,[[0.801254]],[1.02349891],[1.],[1.0914577],[[1.0704721]],0.9479038152339371,1.0619001388549805,0.9646421074867249,1.0272749662399292,1.87
C.Joseph,Orlando Magic,[[0.32594618]],[0.03484207],[1.],[0.84796256],[[0.05647434]],0.33361809961382216,0.0015684337122365832,0.14569033682346344,0.4896583557128906,0.035
J.Green,New Orleans Pelicans,[[0.85378057]],[0.6159827],[1.],[0.9957529],[[0.905154]],0.8040934607808131,0.3724796772003174,0.7655930519104004,0.8009780645370483,1.335
M.Bridges,New York Knicks,[[0.91088134]],[0.66303976],[1.],[0.9952097],[[0.8777151]],0.7572977302895774,0.39923208951950073,0.7906484007835388,0.741749107837677,0.82
D.Lee,Phoenix Suns,[[0.02168321]],[0.],[0.],[0.0563561],[[0.]],0.0,0.000859405379742384,0.0,0.0,0.0
R.O'Neale,Phoenix Suns,[[1.0760293]],[0.81259857],[1.],[1.044024],[[1.0004294]],0.939620212186347,0.7770248651504517,0.8868047595024109,0.8670657277107239,1.035
J.Okogie,Phoenix Suns,[[0.01146221]],[0.],[0.],[0.],[[0.]],0.0,0.0005602279561571777,0.0,0.0,0.0
M.Plumlee,Phoenix Suns,[[0.42307198]],[0.40865519],[1.],[0.95083344],[[0.5171449]],0.5531747991743455,0.026870738714933395,0.5835256576538086,0.5294904112815857,0.835
M.Morris,Phoenix Suns,[[0.02144251]],[0.],[0.],[0.],[[0.]],0.0,0.00022930763952899724,0.0023400888312608004,0.0,0.0
O.Ighodaro,Phoenix Suns,[[0.09027512]],[0.11481464],[1.],[0.01481104],[[0.03206874]],0.17873227488595145,0.0002340594510314986,0.2743421792984009,0.18904416263103485,0.1
K.Dunn,Los Angeles Clippers,[[0.00670802]],[0.],[0.],[0.],[[0.]],0.0,9.744801354827359e-05,0.001789886737242341,0.0,0.0
T.Jones,San Antonio Spurs,[[0.01024241]],[0.],[0.],[0.00211993],[[0.]],0.0,0.00017536019731778651,0.0,0.0,0.0
J.Wilson,Brooklyn Nets,[[0.01226111]],[0.],[0.],[0.],[[0.]],0.02525229442007519,0.0002741578791756183,0.0020910347811877728,0.0,0.0
A.Edwards,Minnesota Timberwolves,[[0.5605416]],[0.3893631],[1.],[0.],[[0.54732084]],0.5507509849794328,0.10933297872543335,0.5726432800292969,0.5328550934791565,0.705
R.Gobert,Minnesota Timberwolves,[[1.1476245]],[0.91613248],[1.],[1.0077392],[[1.1289793]],1.3281993274847377,1.1436270475387573,1.4924310445785522,1.2126801013946533,1.64
T.Jackson-Davis,Golden State Warriors,[[0.5925044]],[0.43138664],[1.],[1.0308974],[[0.68537724]],0.6316712060928686,0.47515255212783813,0.6670259833335876,0.6427979469299316,0.895
J.Murray,Denver Nuggets,[[0.00186173]],[0.],[0.],[0.04967612],[[0.04823667]],0.08233698263335541,3.265032501076348e-05,0.006518661510199308,0.03331226110458374,0.0
J.Smith,Houston Rockets,[[0.5540768]],[0.42960215],[1.],[0.04574739],[[0.52634245]],0.6475262344200282,0.007648127153515816,0.5713039636611938,0.4655226469039917,0.45
T.Martin,Brooklyn Nets,[[0.1125232]],[0.],[1.],[0.00030482],[[0.01081203]],0.37556738258235994,0.0005235010175965726,0.3471815586090088,0.2005077749490738,0.69
V.Wembanyama,San Antonio Spurs,[[3.009127]],[3.2812926],[2.845],[2.969457],[[3.5453408]],3.0396071598605023,2.382935047149658,3.7498905658721924,2.882507562637329,3.755
J.Sochan,San Antonio Spurs,[[0.44947064]],[0.33617259],[1.],[0.01323117],[[0.44900805]],0.3326581611090248,0.0023159559350460768,0.3012066185474396,0.35351064801216125,0.575
P.Watson,Denver Nuggets,[[0.3849635]],[0.52401167],[1.],[0.936411],[[0.40549484]],0.6868620422473715,0.04819471389055252,0.6526760458946228,0.5262936949729919,0.36
J.Strawther,Denver Nuggets,[[0.02403598]],[0.],[0.],[0.00076186],[[0.]],0.10434048796554905,3.455762271187268e-05,0.010971236042678356,0.0,0.0
A.Thompson,Houston Rockets,[[0.414853]],[0.35837537],[1.],[0.96184254],[[0.41651297]],0.46064484814389217,0.0006775492802262306,0.41452670097351074,0.39000391960144043,0.235
D.Mitchell,Cleveland Cavaliers,[[0.20832549]],[0.0817368],[0.],[0.],[[0.2224874]],0.22383802510743117,0.00157570606097579,0.21291537582874298,0.1704777479171753,0.11
D.Wade,Cleveland Cavaliers,[[0.]],[0.],[0.],[0.1040094],[[0.]],0.027465015503093007,0.0006832758663222194,0.01164872758090496,0.0,0.0
S.Castle,San Antonio Spurs,[[0.3677059]],[0.39567822],[1.],[0.97703034],[[0.35265806]],0.3377030593872445,0.0009560971520841122,0.4037010967731476,0.3622763752937317,0.24
J.Bridges,Phoenix Suns,[[0.03302831]],[0.05099603],[0.],[0.],[[0.]],0.06721849685648228,0.0,0.0031585393007844687,0.0,0.0
P.Pritchard,Boston Celtics,[[0.]],[0.],[0.],[0.],[[0.]],0.058865415353650766,0.00013141892850399017,0.00524546205997467,0.011827493086457253,0.0
G.Niang,Cleveland Cavaliers,[[0.]],[0.],[0.],[0.00361171],[[0.]],0.03732739625628548,0.0002678263117559254,0.0020611737854778767,0.0,0.0
T.Jerome,Cleveland Cavaliers,[[0.03104717]],[0.],[0.],[0.],[[0.]],0.059310135002589734,0.0002693761489354074,0.011728844605386257,0.02385457418859005,0.0
M.Conley,Minnesota Timberwolves,[[0.32882187]],[0.2646697],[1.],[0.02425828],[[0.30986273]],0.3691049979003996,0.003232330782338977,0.3620625138282776,0.354537695646286,0.15
D.Finney-Smith,Brooklyn Nets,[[0.59444124]],[0.48431543],[1.],[1.0022312],[[0.52692455]],0.6001240855619816,0.06405831128358841,0.6397451758384705,0.4989350438117981,0.445
N.Clowney,Brooklyn Nets,[[0.3244854]],[0.44618325],[1.],[0.8913317],[[0.34948254]],0.4111633827185402,4.8447403969476e-05,0.3980688750743866,0.42442137002944946,0.255
X.Tillman,Boston Celtics,[[0.0093943]],[0.],[0.],[0.04453716],[[0.]],0.06078294967595578,0.0001168109301943332,0.00039817116339690983,0.0,0.0
W.Carter,Orlando Magic,[[0.42802143]],[0.33327721],[1.],[0.01795545],[[0.45786467]],0.3486590602945327,0.0101031344383955,0.35954615473747253,0.34889453649520874,0.655
D.Garland,Cleveland Cavaliers,[[0.28107658]],[0.15547533],[1.],[0.],[[0.26354986]],0.42338818438219866,0.001613890752196312,0.43144533038139343,0.25123217701911926,0.33
E.Mobley,Cleveland Cavaliers,[[1.8667787]],[1.68949115],[1.99],[1.9194175],[[2.1204405]],1.9857738017919275,1.5184282064437866,1.982901930809021,1.7956769466400146,1.15
D.Jordan,Denver Nuggets,[[0.1788804]],[0.26539262],[1.],[0.8692152],[[0.16269636]],0.2732216600139051,0.00870516523718834,0.19416305422782898,0.31989389657974243,0.08
K.Johnson,San Antonio Spurs,[[0.]],[0.],[0.],[0.01509301],[[0.02569208]],0.0,0.00032317324075847864,0.0,0.018054068088531494,0.0
J.Champagnie,San Antonio Spurs,[[0.58127713]],[0.50695896],[1.],[0.90340775],[[0.5666995]],0.5323298575448446,0.026883061975240707,0.6125132441520691,0.49206092953681946,0.5
A.Horford,Boston Celtics,[[0.6870447]],[0.4608728],[1.],[0.95590407],[[0.58954465]],0.6445031979140389,0.380402535200119,0.6262540221214294,0.538809061050415,0.44
G.Harris,Orlando Magic,[[0.6270231]],[0.63715395],[1.],[0.9538752],[[0.73017627]],0.7593644713970655,0.8644382953643799,0.6245763897895813,0.7552322149276733,0.425
P.Achiuwa,New York Knicks,[[0.7776744]],[0.74986846],[1.],[0.95610136],[[0.9155752]],1.0601871662955271,0.8706000447273254,0.9986914396286011,0.8878098130226135,0.52
J.Miller,Los Angeles Clippers,[[0.02097216]],[0.],[0.],[0.00754233],[[0.]],0.07300154559759857,8.147276821546257e-05,0.011014584451913834,0.0,0.0
J.Jackson,Memphis Grizzlies,[[1.3051865]],[1.12998408],[1.],[0.9641186],[[1.3226296]],1.024288252062102,1.0816434621810913,1.0439776182174683,1.028225064277649,1.37
B.Hield,Golden State Warriors,[[0.29894426]],[0.03412207],[1.],[0.02043273],[[0.3355262]],0.44335797446422487,0.02101835049688816,0.4026001989841461,0.3633803129196167,0.78
K.Anderson,Golden State Warriors,[[0.31394085]],[0.21766199],[1.],[0.87808704],[[0.35515308]],0.4367650838216859,0.07124365866184235,0.6581403017044067,0.4196159839630127,0.825
J.Minott,Minnesota Timberwolves,[[0.23730735]],[0.36229308],[1.],[0.85639495],[[0.17670359]],0.43782566976272486,0.013953913003206253,0.5024413466453552,0.5017916560173035,0.475
J.Wells,Memphis Grizzlies,[[0.17600808]],[0.23027542],[1.],[0.03604572],[[0.18986997]],0.23818661543809222,3.2682517485227436e-05,0.20830152928829193,0.20680803060531616,0.33
M.Moody,Golden State Warriors,[[0.17285916]],[0.11638707],[1.],[0.02115076],[[0.19379541]],0.2385413025989745,0.0003239325596950948,0.18716758489608765,0.1850070357322693,0.085
A.Black,Orlando Magic,[[1.6270692]],[1.50645834],[1.76],[1.559585],[[1.7645669]],1.3314457137616695,1.441937804222107,1.5013362169265747,1.4492372274398804,2.245
Q.Grimes,Dallas Mavericks,[[0.10024944]],[0.13871231],[1.],[0.01073867],[[0.08202697]],0.23802022418510937,0.00028550857678055763,0.20831015706062317,0.21274088323116302,0.2
J.Isaac,Orlando Magic,[[0.71474963]],[0.8760972],[1.],[0.9358398],[[0.9447702]],0.7522363052853234,0.9121295213699341,0.6257532238960266,0.8934692740440369,0.445
T.Queen,Orlando Magic,[[0.25706267]],[0.42682446],[1.],[0.89905304],[[0.32590374]],0.6696920201718352,0.33150923252105713,0.6465016007423401,0.5027246475219727,0.82
J.Randle,Minnesota Timberwolves,[[0.01915908]],[0.],[0.],[0.07809031],[[0.01574846]],0.0,0.00013291844516061246,0.0,0.10304810106754303,0.0
I.Zubac,Los Angeles Clippers,[[0.8226509]],[0.59246156],[1.],[0.9825687],[[0.83356255]],0.6971751964832852,0.3463727533817291,0.7319703698158264,0.6861951351165771,0.26
S.Hauser,Boston Celtics,[[0.1673274]],[0.13198367],[1.],[0.],[[0.2052169]],0.2564568349690451,0.0001353219704469666,0.178727388381958,0.19655102491378784,0.085
S.Adams,Houston Rockets,[[0.02084465]],[0.],[0.],[0.01533841],[[0.]],0.005562588222151832,0.0001655557134654373,0.003815355245023966,0.0,0.0
M.Bamba,Los Angeles Clippers,[[0.5345188]],[0.49674238],[1.],[1.0133756],[[0.6180865]],0.6055268908426629,0.4913269579410553,0.9227064251899719,0.6279410123825073,1.25
D.Schroder,Golden State Warriors,[[0.16371605]],[0.26655527],[0.],[0.04906458],[[0.16478781]],0.2655554267989642,0.00033337197965011,0.2213737666606903,0.19307410717010498,0.225
A.Wiggins,Golden State Warriors,[[1.2730881]],[1.12669339],[1.],[0.987512],[[1.3672165]],1.015565934043103,0.8934643268585205,1.040283441543579,1.048818588256836,1.29
N.Alexander-Walker,Minnesota Timberwolves,[[0.12781957]],[0.],[0.],[0.],[[0.07594892]],0.18957129560496488,6.297604704741389e-05,0.18730269372463226,0.21677808463573456,0.66
N.Reid,Minnesota Timberwolves,[[0.8476648]],[0.59364384],[1.],[0.9749775],[[0.75382656]],0.7664534477314725,0.490090012550354,0.7844711542129517,0.7716709971427917,1.39
R.Westbrook,Denver Nuggets,[[0.7886145]],[0.63750058],[1.],[1.0120935],[[0.79497313]],0.8764077238696176,0.5200744867324829,0.8701135516166687,0.7468432188034058,0.89
B.Podziemski,Golden State Warriors,[[0.60698843]],[0.58571284],[1.],[1.0075396],[[0.6443844]],0.6048490131256616,0.33925366401672363,0.6155793070793152,0.5440511107444763,0.185
A.Sengun,Houston Rockets,[[0.5848205]],[0.47297346],[1.],[0.94825226],[[0.6676867]],0.6490923581770188,0.0694635882973671,0.6550242900848389,0.5139091610908508,0.48
Z.Edey,Memphis Grizzlies,[[0.08808254]],[0.08007788],[0.],[0.01428102],[[0.08495883]],0.24539050145376645,2.9996648663654923e-05,0.21981064975261688,0.1289747655391693,0.08
J.Green,Houston Rockets,[[0.36074027]],[0.18037687],[1.],[0.06107118],[[0.37218717]],0.4605229260132778,0.0004547825956251472,0.386694073677063,0.33110493421554565,0.64
F.VanVleet,Houston Rockets,[[0.02400022]],[0.],[0.],[0.],[[0.09365457]],0.05090803945847362,0.00037883524782955647,0.019190797582268715,0.033090218901634216,0.0
Z.Nnaji,Denver Nuggets,[[0.5596967]],[0.47058341],[1.],[0.9058847],[[0.39677063]],0.5803571981913546,0.0682019591331482,0.36729565262794495,0.6636933088302612,0.325
J.Pickett,Denver Nuggets,[[0.02746737]],[0.],[0.],[0.05048741],[[0.]],0.12429285554065368,4.364920823718421e-05,0.010700458660721779,0.0,0.0
S.Merrill,Cleveland Cavaliers,[[0.00350069]],[0.],[0.],[0.0028417],[[0.]],0.03834883320983706,0.00024771213065832853,0.0025871717371046543,0.0,0.0
R.Sheppard,Houston Rockets,[[0.09460652]],[0.0561634],[1.],[0.00538863],[[0.03906031]],0.2932395377203016,0.00040635233744978905,0.2518915832042694,0.18391570448875427,0.15
A.Nembhard,Indiana Pacers,[[0.]],[0.],[0.],[0.],[[0.]],0.025966209646509683,0.0002571125514805317,0.005938391201198101,0.0,0.0
O.Toppin,Indiana Pacers,[[0.32175294]],[0.13543183],[1.],[0.00956679],[[0.27229163]],0.43691472637525575,0.006480906158685684,0.38991644978523254,0.32005149126052856,0.66
T.Camara,Portland Trail Blazers,[[0.51275414]],[0.35058124],[1.],[0.02074477],[[0.45769864]],0.36689294319245186,0.0002589671639725566,0.3818758726119995,0.3841971755027771,0.66
J.Phillips,Chicago Bulls,[[0.01713662]],[0.],[0.],[0.04158452],[[0.]],0.04943390975969758,0.0004949652357026935,0.0,0.0,0.0
A.Jackson,Milwaukee Bucks,[[0.08158658]],[0.],[1.],[0.],[[0.00975016]],0.2538535403744747,0.001245229272171855,0.30701079964637756,0.13897140324115753,0.195
C.Spencer,Memphis Grizzlies,[[0.14208904]],[0.23724736],[1.],[0.8374375],[[0.15993991]],0.26193962609564936,0.00022668221208732575,0.18488691747188568,0.2726553976535797,0.1
S.Aldama,Memphis Grizzlies,[[1.0249337]],[0.85752202],[1.],[0.9877878],[[0.9470619]],0.8209928907079413,0.692701518535614,0.7661048173904419,0.8129521012306213,0.365
J.Mogbo,Toronto Raptors,[[0.5911828]],[0.56808573],[1.],[0.95850503],[[0.7514104]],1.0065349376402124,0.7704563140869141,1.1009312868118286,0.8523528575897217,1.405
T.Prince,Milwaukee Bucks,[[0.]],[0.],[0.],[0.02314525],[[0.00691901]],0.02796126879192569,0.00032775563886389136,0.004801319446414709,0.007656565401703119,0.0
D.Hunter,Atlanta Hawks,[[0.51970166]],[0.3600273],[1.],[0.98307437],[[0.4531866]],0.33899497482172136,0.0013600388774648309,0.4111475646495819,0.3977246582508087,0.23
L.Nance,Atlanta Hawks,[[0.09974399]],[0.],[0.995],[0.02011887],[[0.05650903]],0.204914286368373,0.0011853041360154748,0.21678033471107483,0.16248992085456848,0.135
M.Bridges,Charlotte Hornets,[[0.7859589]],[0.77226724],[1.],[0.9815512],[[0.729511]],0.8380812582563789,0.5792348980903625,0.8367469310760498,0.7882344722747803,0.44
S.Mykhailiuk,Utah Jazz,[[0.14226456]],[0.08693304],[1.],[0.01734906],[[0.15754832]],0.21653831771382404,0.00015161644842009991,0.18996332585811615,0.25314462184906006,0.135
V.Micic,Charlotte Hornets,[[0.01440919]],[0.],[0.],[0.0305267],[[0.]],0.07353147430995254,0.0001700452557997778,0.0037183354143053293,0.0,0.0
T.Rozier,Miami Heat,[[0.48918867]],[0.34053206],[1.],[0.],[[0.45911002]],0.4529592851664229,0.00045361759839579463,0.41612184047698975,0.3707074820995331,0.34
A.Len,Sacramento Kings,[[0.68142354]],[0.56909264],[1.],[0.86858433],[[0.60887784]],0.7824665212498249,0.6212035417556763,0.6934353113174438,0.7745987176895142,0.67
U.Chomche,Toronto Raptors,[[0.0436022]],[0.],[0.],[0.00202333],[[0.]],0.06237692850607095,7.861803169362247e-05,0.0,0.0,0.0
J.Grant,Portland Trail Blazers,[[1.8400347]],[1.54002088],[1.96],[1.8851831],[[1.8721975]],1.724742436413683,1.7120354175567627,1.4717272520065308,1.6664525270462036,0.77
C.Jones,Sacramento Kings,[[0.46055117]],[0.62335196],[1.005],[0.9174074],[[0.]],0.39792212349004163,0.014850009232759476,0.28829389810562134,0.11004854738712311,0.315
D.Clingan,Portland Trail Blazers,[[1.5781755]],[1.40028929],[1.94],[1.8304074],[[1.828091]],1.7750992045258307,1.602447509765625,1.3792411088943481,1.5330010652542114,1.325
T.Harris,Detroit Pistons,[[1.1481909]],[1.01057653],[1.],[1.0387794],[[1.0508269]],0.9934656194693087,1.2053567171096802,0.9732848405838013,0.9857854843139648,1.03
B.Portis,Milwaukee Bucks,[[0.78291804]],[0.69382379],[1.],[0.96568286],[[0.6908016]],0.6160292148689572,0.2576022148132324,0.6109947562217712,0.6363833546638489,0.315
K.Ellis,Sacramento Kings,[[1.3170904]],[1.37293247],[1.22],[1.3523241],[[1.8052133]],1.4660458354823673,1.3316837549209595,1.4914714097976685,1.3714700937271118,1.715
T.Herro,Miami Heat,[[0.22557375]],[0.0789658],[0.],[0.],[[0.20961083]],0.263783019703195,0.00014424260007217526,0.209222674369812,0.19799594581127167,0.115
A.Reeves,New Orleans Pelicans,[[0.01675063]],[0.42774702],[0.],[0.00048071],[[0.]],0.09047891921548164,0.00023458550276700407,0.0017219098517671227,0.03409189730882645,0.0
M.Monk,Sacramento Kings,[[0.5530189]],[0.42387272],[1.],[0.9799043],[[0.48132554]],0.48295501329268875,0.009009272791445255,0.3948308825492859,0.4080809950828552,0.33
J.Green,Charlotte Hornets,[[0.6118694]],[0.43370993],[1.],[0.9830935],[[0.60212475]],0.6228639796186606,0.16255946457386017,0.5731363892555237,0.5916435122489929,0.265
M.Williams,Charlotte Hornets,[[0.9152258]],[0.7723606],[1.],[1.1477765],[[1.0702451]],1.0979599124761752,1.041238784790039,1.3389123678207397,1.0653572082519531,2.345
M.Beasley,Detroit Pistons,[[0.12426747]],[0.15685774],[0.],[0.],[[0.1429433]],0.2491401051702839,0.00011446540884207934,0.2098769247531891,0.15258319675922394,0.11
A.Simons,Portland Trail Blazers,[[0.00019685]],[0.],[0.],[0.02168781],[[0.02988585]],0.0,0.0002138649724656716,0.0,0.02060103975236416,0.0
D.Avdija,Portland Trail Blazers,[[1.3747948]],[1.18742287],[1.],[1.0008285],[[1.3493851]],1.14660139804582,1.165400505065918,1.1100562810897827,1.1604467630386353,1.69
T.Hardaway,Detroit Pistons,[[0.0030798]],[0.],[0.],[0.03365923],[[0.]],0.05298391779386406,0.0001373284321743995,0.01081183459609747,0.0077957999892532825,0.0
S.Sharpe,Portland Trail Blazers,[[0.2552435]],[0.25044029],[1.],[0.],[[0.27043104]],0.19277198083893798,0.0002350714785279706,0.21557079255580902,0.2652360498905182,0.075
K.Huerter,Sacramento Kings,[[0.7614649]],[0.59577881],[1.],[0.9980257],[[0.6781865]],0.8768200245934372,0.6038868427276611,0.7727833986282349,0.6347379088401794,0.52
J.Valanciunas,Washington Wizards,[[0.1564334]],[0.13282738],[1.],[0.00165467],[[0.16540284]],0.19392881988626332,0.000250187236815691,0.1904154270887375,0.17147842049598694,0.39
J.Duren,Detroit Pistons,[[1.4135569]],[1.24595357],[1.015],[0.9995152],[[1.472725]],1.2253838593569282,1.2879632711410522,1.2155753374099731,1.2293391227722168,1.025
R.Rollins,Milwaukee Bucks,[[0.22685207]],[0.02892665],[1.],[0.82525283],[[0.01685296]],0.3729822481288641,0.0009495927952229977,0.3224457800388336,0.3880351483821869,0.16
J.Landale,Houston Rockets,[[0.03281808]],[0.],[0.],[0.],[[0.]],0.10899167073926579,0.00026793559663929045,0.0038533429615199566,0.010249259881675243,0.0
A.Green,Milwaukee Bucks,[[0.03260103]],[0.],[0.],[0.],[[0.]],0.11518940890255795,0.00021333107724785805,0.011056557297706604,0.008013717830181122,0.0
B.Simmons,Brooklyn Nets,[[1.036167]],[0.87766761],[1.],[0.98592246],[[0.97883445]],0.797496729337111,0.5571922659873962,0.812707781791687,0.827753484249115,1.41
C.Martin,Charlotte Hornets,[[0.6004996]],[0.46057867],[1.],[0.95200646],[[0.56968063]],0.6554799384166194,0.10015774518251419,0.646740734577179,0.5844240784645081,0.85
B.Adebayo,Miami Heat,[[1.0053076]],[0.80002989],[1.],[0.95534307],[[0.99850184]],1.039998910052756,0.8877218961715698,0.9596341252326965,0.8704596757888794,0.9
A.Lawson,Toronto Raptors,[[0.05650802]],[0.],[0.],[0.00829329],[[0.]],0.08153152328098114,6.169356493046507e-05,0.0005700341425836086,0.009479195810854435,0.0
G.Temple,Toronto Raptors,[[0.09440312]],[0.04972632],[1.],[0.],[[0.]],0.2900711613542442,6.665740511380136e-05,0.29747483134269714,0.16971099376678467,0.595
S.Barnes,Toronto Raptors,[[0.34477288]],[0.2084985],[1.],[0.01531677],[[0.3242113]],0.39825327139375427,0.00037872596294619143,0.45298370718955994,0.29533055424690247,0.195
K.Williams,Oklahoma City Thunder,[[0.69657797]],[0.91816501],[1.],[1.002447],[[0.9928679]],0.7545858671159192,0.49400803446769714,0.756227433681488,0.9029892683029175,0.4
A.Mitchell,Oklahoma City Thunder,[[0.13706654]],[0.13346572],[1.],[0.03699611],[[0.15247421]],0.18141160632497438,0.0011828173883259296,0.23085583746433258,0.19428211450576782,0.1
C.Williams,Utah Jazz,[[0.20824774]],[0.30666804],[1.],[0.],[[0.222127]],0.27193177552365827,0.0005858544027432799,0.24128402769565582,0.23017224669456482,0.19
A.Wiggins,Oklahoma City Thunder,[[0.31345177]],[0.22505286],[1.],[0.9526705],[[0.35569474]],0.3776121842741478,0.0009620166383683681,0.4375951290130615,0.3597089350223541,0.33
S.Henderson,Portland Trail Blazers,[[0.]],[0.],[0.],[0.02518588],[[0.]],0.0,0.00011082980199716985,0.00020341147319413722,0.0,0.0
O.Agbaji,Toronto Raptors,[[0.78366023]],[0.67427903],[1.],[0.9656145],[[0.7427928]],0.795579740332454,0.5960811972618103,0.8211538791656494,0.7067078351974487,1.37
G.Dick,Toronto Raptors,[[0.45386153]],[0.4189133],[1.],[0.02303505],[[0.4646609]],0.5973914394565373,0.09031907469034195,0.6175709366798401,0.47583630681037903,0.385
B.Lopez,Milwaukee Bucks,[[2.3174696]],[2.20707273],[2.03],[2.1763992],[[2.539947]],2.559448441449602,2.2030396461486816,1.381370186805725,2.330264091491699,1.14
J.Jaquez,Miami Heat,[[0.]],[0.],[0.],[0.00793983],[[0.]],0.06090284548660753,0.00011335995804984123,0.004422186408191919,0.0,0.0
A.Burks,Miami Heat,[[0.09679569]],[0.00847978],[0.],[0.00764186],[[0.10097523]],0.29260510666992906,0.0003656455082818866,0.20285198092460632,0.1507076770067215,0.215
S.Fontecchio,Detroit Pistons,[[0.15694468]],[0.19211112],[1.],[0.0302208],[[0.16341631]],0.2558244050442027,9.061272430699319e-05,0.19973033666610718,0.19501866400241852,0.065
P.Reed,Detroit Pistons,[[0.64038795]],[0.75802045],[1.],[1.0067148],[[0.8193345]],0.8541067925948673,0.5857477784156799,0.7956705093383789,0.8927313089370728,0.85
C.Johnson,Brooklyn Nets,[[0.64844495]],[0.48311861],[1.],[0.982384],[[0.5997865]],0.6016510147850925,0.1368652731180191,0.5754496455192566,0.532574474811554,0.755
J.Williams,Oklahoma City Thunder,[[0.5081423]],[0.41509351],[1.],[1.0589482],[[0.704441]],0.5633648509268377,0.1074805036187172,0.5989487171173096,0.5444031357765198,0.365
K.Middleton,Milwaukee Bucks,[[0.4767224]],[0.30232576],[1.],[0.91888636],[[0.44545302]],0.3329628831063431,0.001702581997960806,0.40135324001312256,0.4074084162712097,0.195
K.Filipowski,Utah Jazz,[[0.01144856]],[0.],[0.],[0.],[[0.]],0.0,0.0001558383519295603,0.0,0.0,0.0
B.Sensabaugh,Utah Jazz,[[0.02392537]],[0.],[0.],[0.02021036],[[0.]],0.10423760805553485,0.00031363542075268924,0.0021376365330070257,0.0,0.0
J.Juzang,Utah Jazz,[[0.14539915]],[0.09493365],[1.],[0.],[[0.16041142]],0.218170518717883,8.422820246778429e-05,0.16258175671100616,0.20136690139770508,0.465
C.Carrington,Washington Wizards,[[0.4957532]],[0.4646835],[1.],[0.9663404],[[0.47096667]],0.3770021718201017,0.0005090241902507842,0.4537934362888336,0.4301850497722626,0.295
A.Sarr,Washington Wizards,[[2.558558]],[2.44200194],[2.765],[2.6599455],[[2.9479802]],2.714676808543644,2.2638466358184814,2.2663187980651855,2.5679283142089844,3.25
R.Barrett,Toronto Raptors,[[0.00862489]],[0.],[0.],[0.00355511],[[0.]],0.0,3.768462920561433e-05,0.003357352688908577,0.04157450422644615,0.0
M.Brogdon,Washington Wizards,[[0.01577211]],[0.],[0.],[0.00016008],[[0.]],0.04866254401068233,0.00015085746417753398,0.006197992712259293,0.0,0.0
K.George,Washington Wizards,[[1.599186]],[1.49294587],[1.51],[1.6210804],[[1.6004947]],1.5394612636330747,1.2259869575500488,1.3111610412597656,1.5131107568740845,1.78
D.Daniels,Atlanta Hawks,[[1.0549462]],[0.8130804],[1.],[0.9889587],[[0.9900826]],0.730163082622871,0.6565582156181335,0.705924928188324,0.832030713558197,0.25
C.Capela,Atlanta Hawks,[[1.1525365]],[0.95009692],[1.],[0.9852732],[[1.2623968]],0.9286457860086729,0.8104879260063171,0.9014624953269958,1.0707826614379883,0.815
J.Howard,Orlando Magic,[[0.13313442]],[0.],[1.],[0.78616095],[[0.03972612]],0.24982924610122853,0.000215120060602203,0.24104304611682892,0.2586037516593933,0.395
I.Collier,Utah Jazz,[[0.32144386]],[0.3661304],[1.],[0.9302223],[[0.3210239]],0.4101645884571042,0.008039126172661781,0.388572096824646,0.39913761615753174,0.225
L.Markkanen,Utah Jazz,[[0.]],[0.],[0.],[0.],[[0.]],0.0807672296731018,0.0005151887889951468,0.0,0.0,0.0
D.Fox,Sacramento Kings,[[0.01936674]],[0.],[0.],[0.00116648],[[0.08341408]],0.0801855273956119,0.0008865336421877146,0.0,0.025070976465940475,0.0
N.Jovic,Miami Heat,[[0.20435703]],[0.15751989],[0.995],[0.],[[0.20644712]],0.2613844798722306,0.00040284564602188766,0.2200726866722107,0.17262689769268036,0.16
W.Kessler,Utah Jazz,[[2.438647]],[2.30118096],[2.565],[2.5046499],[[2.879763]],2.6148238555738472,2.4616329669952393,3.1855180263519287,2.4220004081726074,3.11
N.Richards,Charlotte Hornets,[[2.3182757]],[2.14880148],[2.23],[2.1729257],[[2.6586695]],2.409780666594264,2.1679203510284424,2.462839126586914,2.3794398307800293,2.235
A.Thompson,Detroit Pistons,[[0.54901487]],[0.6653637],[1.],[0.97418165],[[0.7316156]],0.6683838852947247,0.3976495563983917,0.7912267446517944,0.7279607057571411,0.955
M.Sasser,Detroit Pistons,[[0.08675247]],[0.],[0.],[0.],[[0.]],0.3048860429879886,0.0001629914331715554,0.3468571901321411,0.14452560245990753,0.76
T.Lyles,Sacramento Kings,[[0.8746462]],[0.92824992],[1.],[1.1124924],[[1.1240091]],1.0691173392026267,0.9418892860412598,1.1219565868377686,1.0134000778198242,1.045
J.Champagnie,Washington Wizards,[[0.12418976]],[0.08682276],[0.],[0.00547715],[[0.10851634]],0.39796833901753176,0.00023463253455702215,0.3725312650203705,0.17471425235271454,0.21
C.White,Chicago Bulls,[[0.16724184]],[0.10100395],[0.],[0.0042898],[[0.211101]],0.22376158546191505,0.0003876577247865498,0.210668683052063,0.13724571466445923,0.125
Z.Risacher,Atlanta Hawks,[[1.2300618]],[1.11670579],[1.],[0.966649],[[1.1879234]],1.1174144475109082,1.0562717914581299,1.0512545108795166,1.1868234872817993,1.055
R.Holland,Detroit Pistons,[[0.09944986]],[0.04865443],[1.],[0.03241076],[[0.10452359]],0.2644311558387729,0.00010117611236637458,0.20679979026317596,0.17939603328704834,0.13
C.Kispert,Washington Wizards,[[0.]],[0.00568312],[0.],[0.],[[0.01702203]],0.0,0.0001916608598548919,0.002551799174398184,0.04033063352108002,0.0
J.Smith,Chicago Bulls,[[0.13340439]],[0.],[1.],[0.0150455],[[0.10117359]],0.2604920399586365,0.00042932748328894377,0.20521922409534454,0.2236309051513672,0.52
N.Vucevic,Chicago Bulls,[[0.5775564]],[0.40475088],[1.],[0.02064832],[[0.5726373]],0.6202541095292168,0.034816693514585495,0.6315587162971497,0.4682888090610504,0.76
C.Sexton,Utah Jazz,[[0.14702591]],[0.20589855],[0.63],[0.],[[0.17273025]],0.27699331844587116,0.0005829227156937122,0.2572491466999054,0.17567078769207,0.215
T.Salaun,Charlotte Hornets,[[0.01967097]],[0.],[0.],[0.09831841],[[0.]],0.0,0.00011708895908668637,0.0,0.0,0.0
G.Trent,Milwaukee Bucks,[[0.]],[0.],[0.],[0.],[[0.01860982]],0.023883819465804396,0.00022068725957069546,0.001778998295776546,0.03552401065826416,0.0
D.Wright,Milwaukee Bucks,[[0.2751809]],[0.3131649],[1.],[0.8941603],[[0.3236467]],0.44248079178288136,0.001229973160661757,0.44960305094718933,0.41564273834228516,0.635
S.Gilgeous-Alexander,Oklahoma City Thunder,[[0.84030885]],[0.64792974],[1.],[1.0625839],[[1.1522611]],1.1596714808568471,0.88353431224823,0.9320807456970215,1.0069739818572998,0.455
J.Ivey,Detroit Pistons,[[0.00592836]],[0.],[0.],[0.08131169],[[0.01750709]],0.04788887988794999,0.00013236183440312743,0.011035433039069176,0.017472758889198303,0.0
C.Cunningham,Detroit Pistons,[[1.3638755]],[1.04879386],[1.],[0.9972771],[[1.3787905]],1.2144421165613135,1.3439234495162964,1.2266013622283936,1.154320478439331,1.23
D.Terry,Chicago Bulls,[[0.10496609]],[0.05474269],[1.],[0.],[[0.0396202]],0.24901307592824856,0.0006116167642176151,0.2007036954164505,0.18562602996826172,0.095
J.Carter,Chicago Bulls,[[0.02991944]],[0.],[0.],[0.],[[0.]],0.1787872756850643,0.0,0.01834743469953537,0.0,0.0
I.Hartenstein,Oklahoma City Thunder,[[2.0655496]],[1.84595294],[2.],[1.9171492],[[2.3924732]],1.5764585961640303,1.2151023149490356,1.4033935070037842,1.682051181793213,1.37
P.Williams,Chicago Bulls,[[0.59999245]],[0.54799258],[1.],[0.9846213],[[0.55989784]],0.61402976083001,0.034869495779275894,0.5993909239768982,0.5049970746040344,0.285
D.Robinson,Miami Heat,[[0.38688093]],[0.43626668],[1.],[0.9777254],[[0.38586983]],0.47023452916951325,0.0004748354840558022,0.38915151357650757,0.4593920111656189,0.22
K.Murray,Sacramento Kings,[[0.6056134]],[0.47977904],[1.],[0.],[[0.5655172]],0.6552407353155408,0.12138475477695465,0.6429895758628845,0.5044336915016174,0.82
D.DeRozan,Sacramento Kings,[[0.5069295]],[0.31736923],[1.],[0.02627488],[[0.54325646]],0.4754439262333099,0.008008360862731934,0.47869500517845154,0.4068709909915924,0.765
D.Eubanks,Utah Jazz,[[0.35071528]],[0.32158184],[1.],[0.8586097],[[0.4257397]],0.7960513339233412,0.5232470035552979,0.821976363658905,0.64567631483078,0.48
T.Craig,Chicago Bulls,[[0.0763672]],[0.02059887],[0.],[0.],[[0.01703733]],0.31085166463572494,0.00041771354153752327,0.23298971354961395,0.11017827689647675,0.215
C.Wallace,Oklahoma City Thunder,[[0.4139598]],[0.38996924],[1.],[0.05050749],[[0.5243586]],0.36582571171404277,0.0008421888342127204,0.470525324344635,0.4038916230201721,0.79
I.Joe,Oklahoma City Thunder,[[0.00505781]],[0.],[0.],[2.7151904e-05],[[0.]],0.0,0.000790586112998426,0.0,0.0,0.0
G.Mathews,Atlanta Hawks,[[0.10550563]],[0.],[0.],[0.00169745],[[0.06284836]],0.2675630017966729,0.0006251876475289464,0.2046566605567932,0.1356213092803955,0.645
V.Krejci,Atlanta Hawks,[[0.28707805]],[0.28614133],[1.],[0.9316774],[[0.3369974]],0.35510451057826337,0.0010962615488097072,0.43184608221054077,0.40205153822898865,0.565
I.Wong,Charlotte Hornets,[[0.01926028]],[0.],[0.],[0.],[[0.]],0.03701145756705275,5.636837158817798e-06,0.0,0.0,0.0
J.Poole,Washington Wizards,[[0.53663325]],[0.3342781],[1.],[0.9454738],[[0.48943144]],0.5839286563156803,0.0012170198606327176,0.5806504487991333,0.5007100105285645,0.995
L.Dort,Oklahoma City Thunder,[[1.1248634]],[1.01889113],[1.],[1.0519477],[[1.3016524]],0.9614788583726669,0.7416320443153381,1.004241943359375,1.0447834730148315,1.36
J.Battle,Toronto Raptors,[[0.2808655]],[0.25129298],[1.],[0.94025105],[[0.30981094]],0.42166426434810345,9.006689651869237e-07,0.4161101281642914,0.38835957646369934,0.165
L.Ball,Charlotte Hornets,[[0.39685413]],[0.27636776],[1.],[0.00614547],[[0.39238223]],0.45497050173190223,0.0,0.41274896264076233,0.3890973925590515,0.3
J.Johnson,Atlanta Hawks,[[1.0760026]],[0.95910696],[1.],[0.99872345],[[0.9797247]],0.8866195141854476,0.9598899483680725,0.8897083401679993,0.961660623550415,0.615
I.Jones,Sacramento Kings,[[0.03219252]],[0.11641524],[0.],[0.00215163],[[0.]],0.13499419111457184,6.246998236747459e-05,0.0040106577798724174,0.0,0.0
B.Coulibaly,Washington Wizards,[[0.15523167]],[0.06969814],[0.],[0.03083247],[[0.17164348]],0.1843461615129245,0.00024601712357252836,0.20986513793468475,0.16014300286769867,0.08
T.Young,Atlanta Hawks,[[0.43204197]],[0.31612384],[1.],[0.4706365],[[0.44035432]],0.3345216389669269,0.0007995913038030267,0.3942621350288391,0.36989885568618774,0.22
K.Olynyk,Toronto Raptors,[[0.1730095]],[0.10697697],[1.],[0.08364231],[[0.20233549]],0.09617468913168144,0.00034608764690347016,0.1470371037721634,0.2536545991897583,0.11
D.Mitchell,Toronto Raptors,[[0.280709]],[0.3273859],[1.],[0.],[[0.27551335]],0.3991889551898089,5.060533658252098e-05,0.37760430574417114,0.32089829444885254,0.285
K.Ware,Miami Heat,[[0.81231475]],[0.83626127],[1.],[0.90712774],[[0.4308163]],0.8948937914604713,0.7331461906433105,1.4912383556365967,0.7510138154029846,2.18
M.Diabate,Charlotte Hornets,[[0.1875352]],[0.17837071],[1.],[0.83813494],[[0.19818692]],0.48047206439141776,0.00017356305033899844,0.5618821978569031,0.3705703616142273,0.355
T.Horton-Tucker,Chicago Bulls,[[0.02673135]],[0.],[0.],[0.],[[0.]],0.06590993705489893,0.0003163272049278021,0.002492007799446583,0.0,0.0
C.Boucher,Toronto Raptors,[[1.1648738]],[1.20503768],[1.01],[1.0965587],[[1.4646753]],1.385294620897725,1.2166965007781982,1.309697151184082,1.3506382703781128,1.105
Z.LaVine,Chicago Bulls,[[0.5948134]],[0.43135294],[1.],[0.00519358],[[0.5967037]],0.6172736309360023,0.03253600373864174,0.6360830068588257,0.47635501623153687,0.405
D.Jeffries,Charlotte Hornets,[[0.82196677]],[0.54992253],[1.],[0.96951187],[[0.8383611]],0.8241540240541687,0.6506090760231018,0.8160479664802551,0.7900002598762512,1.325
H.Highsmith,Miami Heat,[[0.5059761]],[0.45228292],[1.],[0.9759871],[[0.5975555]],0.4626331769241764,0.000532386708073318,0.4296419024467468,0.5216804146766663,0.315
D.Ayton,Portland Trail Blazers,[[0.8078351]],[0.62172846],[1.],[0.99795634],[[0.77421236]],0.7538935532977261,0.682757556438446,0.7546876668930054,0.6767829060554504,0.7
D.Jones,Oklahoma City Thunder,[[0.01408114]],[0.01732127],[0.],[0.01598739],[[0.]],0.02460779666585168,0.0009178865002468228,0.007589459419250488,0.0,0.0
K.Murray,Portland Trail Blazers,[[0.110688]],[0.04952072],[1.],[0.02532977],[[0.11678506]],0.18865775869175022,2.3523356503574178e-05,0.2025797963142395,0.15870563685894012,0.47
B.Miller,Charlotte Hornets,[[0.8173941]],[0.58436004],[1.],[0.9467385],[[0.761208]],0.6537788923708941,0.3171217739582062,0.6192036271095276,0.6939483284950256,0.785
M.Christie,Los Angeles Lakers,[[0.26491815]],[0.2705842],[1.],[0.92587274],[[0.27757472]],0.46220901680354665,0.0010797422146424651,0.3664935231208801,0.32367977499961853,0.23
G.Payton,Golden State Warriors,[[0.22139587]],[0.10243563],[1.],[0.8490951],[[0.20674421]],0.2532574946913353,0.0003913556574843824,0.2858565151691437,0.35752496123313904,0.325
G.Vincent,Los Angeles Lakers,[[0.01309449]],[0.],[0.],[0.],[[0.]],0.07057287996796648,0.0008957086829468608,0.0,0.0,0.0
L.James,Los Angeles Lakers,[[0.6939326]],[0.50275027],[1.],[1.0457355],[[0.6555189]],0.6503747200716857,0.3246585428714752,0.5984005928039551,0.5748933553695679,0.335
R.Hachimura,Los Angeles Lakers,[[0.45169955]],[0.32618101],[1.],[0.0043194],[[0.4325688]],0.4501785272869626,0.0010930615244433284,0.37079697847366333,0.36949440836906433,0.25
T.Maxey,Philadelphia 76ers,[[0.63082534]],[0.51938978],[1.],[0.02393517],[[0.6178761]],0.5590027479692489,0.15950284898281097,0.5717501640319824,0.5103794932365417,0.395
C.Koloko,Los Angeles Lakers,[[0.23558958]],[0.12186036],[1.],[0.82918894],[[0.1963351]],0.543503459237458,0.0013515515020117164,0.5284101963043213,0.44443127512931824,0.71
D.Lively,Dallas Mavericks,[[1.09405]],[0.87796474],[1.],[0.99304014],[[1.1043723]],1.012836083398265,0.9501574635505676,1.0266802310943604,0.9781370759010315,0.93
K.Lowry,Philadelphia 76ers,[[0.2663557]],[0.02849242],[1.],[0.02269494],[[0.2153523]],0.1917297166614063,9.156254964182153e-05,0.18542593717575073,0.2561534345149994,0.12
R.Jackson,Philadelphia 76ers,[[0.02239003]],[0.],[0.],[0.],[[0.]],0.04952876923067226,0.0,0.0033962661400437355,0.0,0.0
D.Knecht,Los Angeles Lakers,[[0.01795323]],[0.],[0.],[0.06066185],[[0.]],0.08147266119887682,0.0007676467066630721,0.0008983449079096317,0.0,0.0
L.Doncic,Dallas Mavericks,[[0.67836905]],[0.48596642],[1.],[0.9827001],[[0.6685958]],0.6061758825890452,0.2186509370803833,0.6247430443763733,0.5600160956382751,0.5
D.Green,Golden State Warriors,[[1.6437482]],[1.67294751],[1.43],[1.3707144],[[2.0502331]],1.794397291283799,1.5054352283477783,2.5403025150299072,1.6482477188110352,2.86
A.Gordon,Denver Nuggets,[[0.40721995]],[0.25659417],[1.],[0.],[[0.40044296]],0.48308964003698895,0.00011853143223561347,0.3967560827732086,0.33939406275749207,0.28
G.Yabusele,Philadelphia 76ers,[[0.4579083]],[0.34287014],[1.],[0.94667697],[[0.4834654]],0.3812132448851405,0.004255523439496756,0.38887909054756165,0.4439969062805176,0.25
J.Embiid,Philadelphia 76ers,[[1.6697907]],[1.39711464],[1.31],[1.4314742],[[1.709285]],1.173540393091355,1.1528548002243042,1.139408826828003,1.3300904035568237,1.57
S.Curry,Golden State Warriors,[[0.4005078]],[0.1813247],[1.],[0.06952045],[[0.4775609]],0.43472314951800095,0.03912568837404251,0.48428142070770264,0.420709490776062,0.825
P.George,Philadelphia 76ers,[[0.487683]],[0.30832985],[1.],[0.],[[0.45039487]],0.32758531460621304,0.0001665503077674657,0.34100401401519775,0.3875969648361206,0.56
C.Martin,Philadelphia 76ers,[[0.57856864]],[0.613683],[1.],[0.9328138],[[0.5333456]],0.5494543394077134,0.17551183700561523,0.6141842007637024,0.5585255026817322,0.76
A.Davis,Los Angeles Lakers,[[2.1357174]],[1.74440864],[2.],[1.9689351],[[2.321795]],2.0227406778955563,1.7898141145706177,1.8416529893875122,1.8099162578582764,1.125
K.Oubre,Philadelphia 76ers,[[0.18580993]],[0.18421539],[0.],[0.06461119],[[0.21096174]],0.16923280439422705,5.39751817996148e-05,0.19897162914276123,0.19525785744190216,0.385
C.Reddish,Los Angeles Lakers,[[0.08915739]],[0.05845625],[0.],[0.00302784],[[0.08835745]],0.2513541869106912,1.890705607365817e-05,0.20058785378932953,0.11464101076126099,0.11
A.Reaves,Los Angeles Lakers,[[0.44504568]],[0.28993152],[1.],[0.03683919],[[0.4201532]],0.45177118642744296,0.0010140694212168455,0.3705796003341675,0.3608491122722626,0.28
K.Porzingis,Boston Celtics,[[1.4486629]],[1.16971398],[1.02],[1.1496652],[[1.429469]],1.3666777027911674,1.3216134309768677,1.3480666875839233,1.1911237239837646,2.005
D.Whitehead,Brooklyn Nets,[[0.08413792]],[0.],[1.],[0.07463887],[[0.]],0.2646888238307902,0.0006032250821590424,0.3010895848274231,0.14839330315589905,0.54
M.Bagley,Washington Wizards,[[0.13759854]],[0.10015019],[1.],[0.79320633],[[0.04684356]],0.2825308436446827,0.0002820282825268805,0.25940167903900146,0.2498723864555359,0.1
K.Johnson,Miami Heat,[[0.01963284]],[0.],[0.],[0.],[[0.]],0.03283948958587307,0.00030885147862136364,0.0008684108615852892,0.0,0.0
P.Larsson,Miami Heat,[[0.02134326]],[0.],[0.],[0.],[[0.]],0.09348576009495672,0.0003090641985181719,0.002476942492648959,0.0,0.0
M.Potter,Utah Jazz,[[0.41843247]],[0.35496716],[1.],[0.94174373],[[0.43078706]],0.5943138803703671,0.08075779676437378,0.6118761301040649,0.505034863948822,0.39
P.Hall,Denver Nuggets,[[0.03116427]],[0.08641705],[0.],[0.],[[0.]],0.10492912608393827,0.0001253026130143553,0.008227716200053692,0.0,0.0
R.Rupert,Portland Trail Blazers,[[0.1123354]],[0.],[1.],[0.05212524],[[0.03349781]],0.21392740748654432,8.536082896171138e-05,0.27161991596221924,0.19579976797103882,0.625
K.Porter,Los Angeles Clippers,[[0.13122357]],[0.29936691],[1.],[0.03071213],[[0.15072706]],0.11305151427145337,0.00016879363101907074,0.3258873224258423,0.20204699039459229,0.725
T.Alexander,Denver Nuggets,[[0.03172523]],[0.],[0.],[0.0019861],[[0.]],0.15326534079523724,3.298890442238189e-05,0.010195409879088402,0.0,0.0
K.Wallace,Atlanta Hawks,[[0.07101945]],[0.],[0.],[0.01372834],[[0.01642272]],0.2821416665455576,0.00017545481387060136,0.24880726635456085,0.09629356861114502,0.225
A.Caruso,Oklahoma City Thunder,[[0.8536515]],[0.90552648],[1.],[0.9505351],[[1.0185691]],0.7556241795160178,0.43786314129829407,0.7124249339103699,0.8653426766395569,0.41
J.Butler,Washington Wizards,[[0.1606029]],[0.],[1.],[0.7746435],[[0.06410243]],0.284224411249519,0.0002580569707788527,0.20398017764091492,0.2819227874279022,0.065
J.Davis,Washington Wizards,[[0.03712917]],[0.],[0.],[0.],[[0.]],0.04577433984589188,0.0002272832061862573,0.00015221218927763402,0.0,0.0
N.Smith,Charlotte Hornets,[[0.0267297]],[0.00132906],[0.],[5.5778044e-05],[[0.]],0.07396355694833882,0.0,0.008307917974889278,0.0,0.0
A.Drummond,Philadelphia 76ers,[[0.7366956]],[0.68586549],[1.],[0.97379446],[[0.65251833]],0.5569282403049881,0.20605048537254333,0.6410953402519226,0.6019296646118164,0.285
K.Martin,Philadelphia 76ers,[[0.91605407]],[0.73715634],[1.],[1.0363992],[[1.0017091]],0.9685045781812484,0.8157006502151489,0.960192084312439,0.9473773837089539,1.26
C.Duarte,Chicago Bulls,[[0.05786964]],[0.],[0.],[0.],[[0.]],0.08396450206023494,0.00011575628013815731,4.619228275259957e-05,0.0,0.0
R.Holmes,Washington Wizards,[[0.29009938]],[0.27030306],[1.],[0.8615964],[[0.15169063]],0.5645553620152226,0.011369161307811737,0.5794728398323059,0.5296567678451538,0.635
A.Dosunmu,Chicago Bulls,[[0.6558527]],[0.57669088],[1.],[0.9851574],[[0.589169]],0.6179796890673546,0.05345030874013901,0.6147653460502625,0.5256019234657288,0.695
J.Walter,Toronto Raptors,[[0.08734831]],[0.09692128],[0.],[0.01244813],[[0.07087029]],0.17441094649339495,0.0002070089685730636,0.16317033767700195,0.13446469604969025,0.095
D.Banton,Portland Trail Blazers,[[0.29721695]],[0.14544605],[1.],[0.824002],[[0.16696054]],0.5022668612972397,0.00835702009499073,0.43478092551231384,0.5331826210021973,0.705
S.Curry,Charlotte Hornets,[[0.11449377]],[0.04823735],[0.],[0.],[[0.10907663]],0.26580519615784337,0.0,0.2060738354921341,0.15666596591472626,0.12
T.Kolek,New York Knicks,[[0.03723527]],[0.],[0.],[0.00711781],[[0.]],0.0879481309897787,0.00013414857676252723,0.005253772251307964,0.008768037892878056,0.0
J.Toppin,New York Knicks,[[0.03831035]],[0.],[0.],[0.],[[0.]],0.03673480341498474,0.00018877876573242247,0.00024622856290079653,0.0,0.0
R.Dillingham,Minnesota Timberwolves,[[0.03570397]],[0.],[0.],[0.],[[0.]],0.06903276484454786,0.0002531063510105014,0.005715946201235056,0.04512925446033478,0.0
J.Holiday,Boston Celtics,[[0.13442016]],[0.09606601],[0.],[0.04317323],[[0.15156631]],0.24529363845690855,0.00011457246728241444,0.20374338328838348,0.13767249882221222,0.145
D.Smith,Miami Heat,[[0.67597413]],[0.85263318],[1.],[0.9663246],[[0.8111916]],0.8693829705725366,0.7011829614639282,0.9487314224243164,0.8957480788230896,0.45
T.Shannon,Minnesota Timberwolves,[[0.3113587]],[0.],[1.],[0.63414335],[[0.]],0.33213122503445786,0.010445225983858109,0.09636720269918442,0.45579275488853455,0.015
J.Martin,Brooklyn Nets,[[0.03714838]],[0.],[0.],[0.00764741],[[0.]],0.0,0.0008002674439921975,0.0,0.004042120650410652,0.0
T.Vukcevic,Washington Wizards,[[2.4080198]],[0.78520504],[1.],[0.96549106],[[0.37921977]],0.9548376159984785,0.7711893320083618,1.1003038883209229,0.5656085014343262,1.115
S.Umude,Milwaukee Bucks,[[0.5347643]],[0.],[1.],[0.98718977],[[0.08678026]],0.3920801594693718,0.024294890463352203,0.16877633333206177,0.5658248066902161,0.26
D.Russell,Los Angeles Lakers,[[0.1972406]],[0.15604241],[0.],[0.00512535],[[0.2168382]],0.25475209376117386,0.0010161766549572349,0.1913958489894867,0.19370491802692413,0.09
O.Dieng,Oklahoma City Thunder,[[0.53327924]],[0.51644932],[1.],[0.9713286],[[0.6664503]],0.5736880659771181,0.1474330574274063,0.6564189791679382,0.6702142357826233,0.795
L.Robbins,Milwaukee Bucks,[[0.0350749]],[0.],[0.],[0.],[[0.]],0.08049338608179003,8.220062591135502e-05,0.0063696205615997314,0.0,0.0
J.Clarkson,Utah Jazz,[[0.1681288]],[0.18239729],[0.63],[0.00235194],[[0.18743326]],0.27581741016688077,0.0006156722083687782,0.2572491466999054,0.18417885899543762,0.22
C.Bassey,San Antonio Spurs,[[0.16166805]],[0.],[1.],[0.8082162],[[0.]],0.2465775630994888,0.0003466458001639694,0.3658629059791565,0.3032446503639221,0.26
M.Buzelis,Chicago Bulls,[[0.02608973]],[0.07479019],[0.],[0.00195757],[[0.]],0.10310035675120484,0.0005031200125813484,0.0022938617039471865,0.0,0.0
L.Miller,Minnesota Timberwolves,[[0.09190196]],[0.],[0.],[0.],[[0.28062764]],0.0,0.0009775772923603654,0.0023009153082966805,0.046371761709451675,0.0
P.Baldwin,Washington Wizards,[[0.2518776]],[0.],[1.],[0.7622673],[[0.05116808]],0.3580985402476922,0.0005781837971881032,0.16055500507354736,0.4275602102279663,0.17
P.Dozier,Minnesota Timberwolves,[[0.03883823]],[0.],[0.],[0.],[[0.]],0.02594692020745097,0.00014367337280418724,0.011823649518191814,0.05235327035188675,0.0
D.Roddy,Atlanta Hawks,[[0.4391169]],[0.24411926],[1.],[0.9557792],[[0.39737812]],0.4606635697176983,0.0016427641967311502,0.43086689710617065,0.399357408285141,0.26
M.Beauchamp,Milwaukee Bucks,[[0.03022592]],[0.16167933],[0.],[0.00218998],[[0.]],0.09399075972474515,0.00013388445950113237,0.0015575118595734239,0.0,0.0
J.Walker,Portland Trail Blazers,[[0.08553412]],[0.06984156],[1.],[0.0010563],[[0.08875098]],0.1891316608510994,1.6909943951759487e-05,0.2103043645620346,0.17074327170848846,0.185
J.Christopher,Miami Heat,[[0.00366814]],[0.29103542],[0.],[0.00381602],[[0.]],0.0,0.0,0.0026068754959851503,0.0,0.0
T.Smith,Milwaukee Bucks,[[0.03917142]],[0.],[0.],[0.],[[0.]],0.08181236419255287,0.0001726758200675249,0.0023950436152517796,0.0,0.0
D.Sabonis,Sacramento Kings,[[0.4459879]],[0.24921791],[1.],[0.00928707],[[0.47386906]],0.4815666548471125,0.0074923052452504635,0.4225925803184509,0.38371163606643677,0.38
J.Shead,Toronto Raptors,[[0.1438518]],[0.12431783],[0.995],[0.],[[0.14050531]],0.21878079180590465,2.4175016733352095e-05,0.19410409033298492,0.16906069219112396,0.135
J.McLaughlin,Sacramento Kings,[[0.02938845]],[0.],[0.],[0.],[[0.]],0.1215211698380426,0.0007241517305374146,0.0,0.0,0.0
D.Brooks,Houston Rockets,[[0.35210124]],[0.28962006],[0.995],[0.],[[0.34668845]],0.44252303940335824,0.0006431208457797766,0.4540765583515167,0.3111138343811035,0.675
D.McDermott,Sacramento Kings,[[0.03111373]],[0.],[0.],[0.02495803],[[0.]],0.18810452092714564,0.00043506064685061574,0.0,0.0,0.0
O.Robinson,Sacramento Kings,[[0.150141]],[0.13897919],[1.],[0.78466445],[[0.10295157]],0.3222104587244862,0.023341335356235504,0.190146803855896,0.281015008687973,0.075
R.Council,Philadelphia 76ers,[[0.04381411]],[0.],[0.],[0.],[[0.]],0.04298170127473279,0.00017581431893631816,0.0,0.0,0.0
L.Ball,Chicago Bulls,[[0.47453228]],[0.40982218],[1.],[0.9499728],[[0.59084046]],0.6433432264617154,0.15191657841205597,0.6151988506317139,0.6356804966926575,0.405
B.Wesley,San Antonio Spurs,[[0.01916586]],[0.],[0.],[0.01776876],[[0.]],0.0,0.00016074551967903972,0.0,0.0,0.0
D.Barlow,Atlanta Hawks,[[0.03200046]],[0.],[0.],[0.00809864],[[0.]],0.08792921430132931,0.0007640487747266889,0.0025416072458028793,0.0,0.0
E.Gordon,Philadelphia 76ers,[[0.11253574]],[0.14921315],[0.],[0.],[[0.10779379]],0.18709828809357454,0.00014239767915569246,0.19149906933307648,0.13766184449195862,0.165
J.Dowtin,Philadelphia 76ers,[[0.02421457]],[0.],[0.],[0.0259691],[[0.]],0.0047492483675107555,0.0001423346548108384,0.0,0.0,0.0
D.Reath,Portland Trail Blazers,[[0.77747697]],[0.06964393],[1.],[1.0475808],[[0.25252825]],0.38098647413221776,0.1116478368639946,0.15164777636528015,0.5848250985145569,0.365
K.Jones,Los Angeles Clippers,[[0.80536145]],[0.80738685],[1.],[1.0145149],[[0.9009497]],0.78462543946875,0.7293115854263306,0.7870249152183533,0.9145674109458923,0.92
M.Wagner,Orlando Magic,[[0.34455842]],[0.4030459],[1.],[0.96248555],[[0.47463968]],0.3689048122837974,0.11846628040075302,0.39333727955818176,0.49171435832977295,0.375
B.Bogdanovic,Atlanta Hawks,[[0.36038932]],[0.35857339],[1.],[0.00901234],[[0.34385085]],0.33772072392167113,0.0003965877403970808,0.38700607419013977,0.35706329345703125,0.255
T.Thompson,Cleveland Cavaliers,[[0.02918517]],[0.],[0.],[0.],[[0.]],0.11322580057182406,0.0,0.0022076102904975414,0.0,0.0
J.Collins,Utah Jazz,[[1.0789001]],[0.89505017],[1.],[0.98458517],[[1.1475575]],1.0607752760635332,1.0822639465332031,1.3403211832046509,0.9798663854598999,1.125
S.Mamukelashvili,San Antonio Spurs,[[0.18942547]],[0.08630387],[1.],[0.8131519],[[0.05664036]],0.26455760393367267,0.0003638492780737579,0.2997699975967407,0.3376757502555847,0.225
A.Bona,Philadelphia 76ers,[[0.46662778]],[0.01163383],[1.],[0.94908994],[[0.03614901]],0.3470024878463668,0.039491210132837296,0.2181420922279358,0.5259623527526855,0.315
M.Smart,Memphis Grizzlies,[[0.5838958]],[0.54155449],[1.],[0.9628078],[[0.5854796]],0.6269587549532205,0.2920008897781372,0.6520000100135803,0.591099202632904,0.975
M.Branham,San Antonio Spurs,[[0.3343535]],[0.21417496],[1.],[0.93985564],[[0.38661247]],0.362900641339291,0.0024489809293299913,0.5823165774345398,0.5085972547531128,0.19
C.Porter,Cleveland Cavaliers,[[0.7819745]],[0.37017501],[1.],[0.9579001],[[0.46791452]],0.5517682470084407,0.1743200272321701,0.46510255336761475,0.6760286092758179,0.485
S.Cissoko,San Antonio Spurs,[[0.04830897]],[0.],[0.],[0.],[[0.]],0.1422325682907788,6.484096229542047e-05,0.012599552050232887,0.009139026515185833,0.0
G.Allen,Phoenix Suns,[[0.57797503]],[0.43546708],[1.],[0.9598694],[[0.66450435]],0.7502821238058552,0.3475649058818817,0.6562706232070923,0.6643073558807373,0.405
R.Williams,Portland Trail Blazers,[[1.4289036]],[1.34015239],[1.38],[1.5250404],[[1.8084484]],1.221942771338588,1.2167483568191528,1.2340128421783447,1.3106273412704468,0.555
J.Butler,Miami Heat,[[0.50237155]],[0.3288672],[1.],[0.03025629],[[0.48721364]],0.45501233223965143,0.00042897945968434215,0.4133200943470001,0.3881811201572418,0.28
P.Connaughton,Milwaukee Bucks,[[0.08051686]],[0.10125114],[0.],[0.07280456],[[0.0721572]],0.24101263294213637,0.0001917696208693087,0.2190699279308319,0.12186308205127716,0.165
G.Antetokounmpo,Milwaukee Bucks,[[0.59448224]],[0.36162696],[1.],[0.9975304],[[0.5847221]],0.6248312742626555,0.09376983344554901,0.6416879296302795,0.5407960414886475,0.86
K.Love,Miami Heat,[[0.05318854]],[0.],[0.],[0.10226594],[[0.]],0.06836159100255752,0.00023787196550983936,0.0,0.02854618988931179,0.0
L.Garza,Minnesota Timberwolves,[[0.02025822]],[0.13700971],[0.],[0.00330255],[[0.]],0.05077405571793733,0.00022017868468537927,0.0036734219174832106,0.0,0.0
A.Hukporti,New York Knicks,[[1.2178245]],[0.91745958],[1.],[1.013975],[[0.658756]],0.8107616014816423,0.39217913150787354,1.0030237436294556,0.7992146611213684,0.965
K.George,Utah Jazz,[[0.]],[0.04176723],[0.],[0.01622783],[[0.03762016]],0.06700247516264575,0.0005541176069527864,0.013789760880172253,0.05185273662209511,0.0
M.Ryan,New York Knicks,[[0.02638921]],[0.06058598],[0.],[0.],[[0.]],0.11598931616052592,4.934929893352091e-05,0.0,0.0,0.0
P.Dadiet,New York Knicks,[[0.12420216]],[0.14450691],[1.],[0.8354809],[[0.07013802]],0.2305624918416307,0.00016546646656934172,0.2293512523174286,0.24734169244766235,0.405
M.Morris,Dallas Mavericks,[[0.15394232]],[0.17162969],[1.],[0.78036934],[[0.00191648]],0.37167690961561395,0.0003220483777113259,0.3962424397468567,0.2676568329334259,0.515
T.Jemison,New Orleans Pelicans,[[0.19678096]],[0.],[1.],[0.78408813],[[0.04932371]],0.31446219837134487,2.8282189305173233e-05,0.2104661911725998,0.3260170817375183,0.535
D.Booker,Phoenix Suns,[[0.4235174]],[0.22706445],[1.],[0.06116459],[[0.41800946]],0.34690159254867203,0.0005371833685785532,0.3968243896961212,0.35840460658073425,0.14
J.Crowder,Sacramento Kings,[[0.01660769]],[0.],[0.],[0.00468494],[[0.]],0.10789414652653635,0.00046891445526853204,0.0,0.0,0.0
T.Watford,Brooklyn Nets,[[0.6723044]],[0.78786245],[1.],[0.9191358],[[0.85000724]],0.8118210109760504,0.7797116041183472,0.832495927810669,0.844659149646759,0.845
J.Thor,Cleveland Cavaliers,[[2.3745599]],[0.17491847],[1.075],[0.92288756],[[2.0255594]],0.5127229085194884,0.6671003699302673,0.8182960152626038,0.9217356443405151,0.93
I.Okoro,Cleveland Cavaliers,[[0.4305583]],[0.45931797],[1.],[0.9728332],[[0.534307]],0.6239549768173589,0.047460101544857025,0.6531096696853638,0.5516407489776611,0.465
J.Poeltl,Toronto Raptors,[[1.4301945]],[1.25942481],[1.035],[1.0541036],[[1.379695]],1.1745665993407723,1.1585378646850586,1.0260032415390015,1.2395445108413696,0.59
B.Hyland,Los Angeles Clippers,[[0.53733355]],[0.26868977],[1.],[0.8093272],[[0.25967592]],0.5500365018411766,0.15606720745563507,0.2901502549648285,0.6325151324272156,0.155
I.Stewart,Detroit Pistons,[[0.9864365]],[0.88147005],[1.],[0.9877482],[[1.1059448]],1.0278057637117004,1.095487117767334,1.1002496480941772,0.9828723669052124,1.49
J.Giddey,Chicago Bulls,[[0.13381661]],[0.],[0.],[0.],[[0.12970743]],0.23437509518455296,0.00040211380110122263,0.2127000093460083,0.13536104559898376,0.17
J.Cain,New Orleans Pelicans,[[0.24466103]],[0.19626918],[1.],[0.90168595],[[0.26225883]],0.3903072975972421,0.00013630570902023464,0.4663393497467041,0.3807890713214874,0.7
P.Spencer,Golden State Warriors,[[0.03573837]],[0.],[0.],[0.],[[0.]],0.10541341227932104,0.0004232905339449644,0.006885342765599489,0.002697637304663658,0.0
A.Gill,Washington Wizards,[[0.03494721]],[0.],[0.],[0.],[[0.]],0.026364644634378778,0.0002642660401761532,0.0051042186096310616,0.008278613910079002,0.0
O.Okongwu,Atlanta Hawks,[[0.8283251]],[0.61115797],[1.],[0.9728366],[[0.80248886]],0.7393605578046124,0.5920439958572388,0.7217190265655518,0.7560647130012512,0.92
D.Lillard,Milwaukee Bucks,[[0.23446564]],[0.15905585],[0.],[0.],[[0.25099522]],0.22547889079507494,0.0008018381195142865,0.19596077501773834,0.20565356314182281,0.125
T.Eason,Houston Rockets,[[0.48327577]],[0.23769139],[1.],[1.0003506],[[0.54139864]],0.6725155131346436,0.15983356535434723,0.6527068614959717,0.6201198697090149,0.88
A.Sanogo,Chicago Bulls,[[0.03142179]],[0.],[0.],[0.],[[0.]],0.14276055925950787,0.000287554576061666,0.002966498490422964,0.0,0.0
T.Gibson,Charlotte Hornets,[[0.3465104]],[0.53619678],[1.],[0.90720403],[[0.4474747]],0.5604304847201059,0.1155068427324295,0.5714225769042969,0.5823553800582886,0.65
C.Castleton,Memphis Grizzlies,[[0.7295177]],[0.25284243],[1.005],[0.87217075],[[0.21672156]],0.2946118308140915,0.15563127398490906,0.0,0.5581946969032288,0.06
D.Schroder,Brooklyn Nets,[[0.01550408]],[0.],[0.],[0.04779011],[[0.]],0.0214603950321446,5.2967516239732504e-05,0.00677955849096179,0.05213901028037071,0.0
K.Simpson,Charlotte Hornets,[[0.11604449]],[0.06049498],[1.],[0.],[[0.13733782]],0.24459147250636876,0.000675598275847733,0.17731799185276031,0.19479717314243317,0.095
J.McCain,Philadelphia 76ers,[[0.03094409]],[0.],[0.],[0.],[[0.]],0.01947219455202749,7.18018418410793e-05,0.0,0.0031254603527486324,0.0
Y.Kawamura,Memphis Grizzlies,[[0.02297197]],[0.29544796],[0.],[0.00147832],[[0.]],0.058054041611475135,0.0003057851572521031,0.0037325976882129908,0.0,0.0
J.Davison,Boston Celtics,[[0.02027015]],[0.],[0.],[0.00901587],[[0.]],0.08687339551392807,0.0003936905995942652,0.00013695361849386245,0.0,0.0
W.Moore,Detroit Pistons,[[0.04401157]],[0.],[0.],[0.],[[0.]],0.26071777382417877,8.147276821546257e-05,0.3138386607170105,0.07501652836799622,0.595
B.Fernando,Toronto Raptors,[[0.50610673]],[0.56199168],[1.],[0.9630505],[[0.41667295]],0.6663322817671261,0.28310900926589966,0.5179701447486877,0.7112941741943359,0.29
B.Carlson,Oklahoma City Thunder,[[0.23834428]],[0.0317373],[1.],[0.74388915],[[0.]],0.3175371264997767,0.003807302564382553,0.30164408683776855,0.3751181960105896,0.22
B.McGowens,Portland Trail Blazers,[[0.04050812]],[0.],[0.],[0.],[[0.]],0.001990022190810306,0.0,0.005219950340688229,0.00900359358638525,0.0
Z.Collins,San Antonio Spurs,[[0.16046536]],[0.11240011],[1.],[0.82006794],[[0.18932237]],0.1592306711859453,0.0003623854136094451,0.29583635926246643,0.2519039511680603,0.11
M.Lewis,Los Angeles Lakers,[[0.03058058]],[0.],[0.],[0.],[[0.]],0.13808875764431633,0.0001312766835326329,0.001951409736648202,0.0,0.0
K.Bufkin,Atlanta Hawks,[[0.15471257]],[0.16455427],[1.],[0.8633174],[[0.18791112]],0.38919033739504055,0.0001941294758580625,0.4136178195476532,0.30707719922065735,0.2
B.James,Los Angeles Lakers,[[0.03557983]],[0.],[0.],[0.],[[0.]],0.07378060096371729,0.0006560947513207793,0.0,0.0,0.0
A.Traore,Los Angeles Lakers,[[0.09397191]],[0.06652085],[1.],[0.],[[0.01366537]],0.2647920965923538,0.0056175352074205875,0.267171174287796,0.17652732133865356,0.64
T.Bryant,Miami Heat,[[0.597339]],[0.75373875],[1.],[0.9633662],[[0.8593144]],0.8636420728555344,0.6601051092147827,0.8940662741661072,0.8781517744064331,1.07
B.Bol,Phoenix Suns,[[0.0455175]],[0.],[0.],[0.],[[0.]],0.0422664641303786,8.147276821546257e-05,0.006814037449657917,0.009626337327063084,0.0
I.Crawford,Sacramento Kings,[[0.0227603]],[0.],[0.],[0.],[[0.]],0.14870473675233237,0.008300596848130226,0.003731335047632456,0.0,0.0
L.Travers,Cleveland Cavaliers,[[0.31858215]],[0.39052293],[1.],[0.83695465],[[0.2479606]],0.2944446271133406,0.001348512014374137,0.19533859193325043,0.4812512993812561,0.115
Q.Olivari,Los Angeles Lakers,[[0.02213074]],[0.],[0.],[0.],[[0.]],0.092776855651976,0.0005085950251668692,0.0039325375109910965,0.0,0.0
B.Ingram,New Orleans Pelicans,[[0.39108375]],[0.24042677],[1.],[0.06012222],[[0.36378866]],0.4034037841733395,0.0005305915838107467,0.41195547580718994,0.3248140215873718,0.19
D.Nix,Minnesota Timberwolves,[[0.01977095]],[0.12413149],[0.],[0.01466572],[[0.]],0.026114958154758672,0.0003960605536121875,0.0,0.0,0.0
F.Wagner,Orlando Magic,[[0.5201062]],[0.33343252],[1.],[0.961374],[[0.48435727]],0.36286040473461983,0.014308461919426918,0.3998798727989197,0.43935292959213257,0.64
A.Flagler,Oklahoma City Thunder,[[0.05072419]],[0.],[0.],[0.],[[0.]],0.014855783422745267,0.0013493006117641926,0.007485198322683573,0.020103245973587036,0.0
M.Brown,Indiana Pacers,[[0.11060491]],[0.13370374],[1.],[0.83280647],[[0.03309723]],0.3183501996886111,0.0,0.22439104318618774,0.23504960536956787,0.16
T.Flowers,Los Angeles Clippers,[[0.0134484]],[0.],[0.],[0.00496641],[[0.]],0.016444252155255412,0.0038579509127885103,0.0,0.0,0.0
C.Christie,Los Angeles Clippers,[[0.02797129]],[0.],[0.],[0.],[[0.]],0.010876847255015268,0.008153961040079594,0.0,0.0,0.0
T.Newton,Indiana Pacers,[[0.04080855]],[0.34923352],[0.],[0.],[[0.]],0.05322198755068798,0.0002698989992495626,0.0033962661400437355,0.0,0.0
T.Mann,Los Angeles Clippers,[[0.]],[0.04588811],[0.],[0.0181211],[[0.]],0.0,8.147276821546257e-05,0.0005113336956128478,0.0,0.0
A.Johnson,Milwaukee Bucks,[[0.03244211]],[0.09994586],[0.],[0.00294732],[[0.]],0.0803897432658743,0.0001477477781008929,0.0,0.0,0.0
C.Livingston,Milwaukee Bucks,[[0.10124344]],[0.],[0.],[0.],[[0.]],0.13028327574838433,0.00025320652639493346,0.0,0.0,0.0
E.Liddell,Chicago Bulls,[[0.04409515]],[0.],[0.],[0.],[[0.]],0.1174224079684927,0.0,0.0,0.0,0.0
C.Yongxi,Brooklyn Nets,[[0.02881176]],[0.1166518],[0.],[0.00032904],[[0.]],0.04120924096750188,0.00037037234869785607,0.0034493478015065193,0.0,0.0
B.Scheierman,Boston Celtics,[[0.01845362]],[0.],[0.],[0.01473676],[[0.]],0.044023268685192615,0.0004212401108816266,0.0,0.0,0.0
E.Payton,New Orleans Pelicans,[[0.2800082]],[0.20367147],[1.],[0.01116865],[[0.2780892]],0.2115412429493368,8.147276821546257e-05,0.20155878365039825,0.2365591824054718,0.4
J.Hood-Schifino,Los Angeles Lakers,[[0.33736762]],[0.35372867],[1.],[0.81247085],[[0.23722017]],0.68222051871784,0.5286960601806641,0.8097906112670898,0.5793050527572632,0.895
K.Matkovic,New Orleans Pelicans,[[2.2261715]],[1.23130942],[1.3],[1.424],[[1.0774617]],0.23399690967804881,0.2017754465341568,0.4618157148361206,0.5996277332305908,0.515
Z.Williams,Brooklyn Nets,[[0.59287876]],[0.36883794],[1.],[0.9889805],[[0.5983608]],0.6183011656864895,0.1756725013256073,0.5559750199317932,0.609821617603302,0.75
J.Edwards,Philadelphia 76ers,[[0.03325341]],[0.],[0.],[0.00488358],[[0.]],0.022292953428927675,8.267737575806677e-05,0.0007944073295220733,0.0074331373907625675,0.0
L.Quinones,Philadelphia 76ers,[[0.04097402]],[0.],[0.],[0.],[[0.]],0.05592820092290572,0.0001590552128618583,0.0,0.0,0.0
K.Kuzma,Washington Wizards,[[0.4583469]],[0.50817074],[1.],[0.00809922],[[0.42022422]],0.37244839421975723,0.0005253810668364167,0.42313075065612793,0.42954549193382263,0.715
O.Tshiebwe,Utah Jazz,[[0.01735451]],[0.],[0.],[0.],[[0.]],0.017922050806428502,6.886081246193498e-05,0.0016288758488371968,0.004434114322066307,0.0
C.Swider,Detroit Pistons,[[0.03168133]],[0.15282029],[0.],[2.1011236e-05],[[0.]],0.15163554313229533,0.0003047473728656769,0.0005120458081364632,0.0,0.0
J.Hayes,Los Angeles Lakers,[[0.34059095]],[0.31440285],[1.],[0.8936083],[[0.42505586]],0.47076333747636845,0.016346294432878494,0.3917894661426544,0.4713648557662964,0.245
J.Minaya,Portland Trail Blazers,[[0.03282693]],[0.],[0.],[0.],[[0.]],0.13913525873535176,0.0,0.010237941518425941,0.0,0.0
K.Brown,Los Angeles Clippers,[[0.03156687]],[0.],[0.],[0.00729935],[[0.]],0.10610293379816967,8.147276821546257e-05,0.011783434078097343,0.0,0.0
T.Moore,Portland Trail Blazers,[[0.02451046]],[0.],[0.],[0.00250686],[[0.]],0.0904644333238017,0.0003365583543200046,0.004681394901126623,0.0,0.0
C.Thomas,Brooklyn Nets,[[0.0066563]],[0.],[0.],[0.],[[0.03329163]],0.012917044417516538,5.6100820074789226e-05,0.004270621575415134,0.02355516329407692,0.0
A.Williams,Detroit Pistons,[[0.12617727]],[0.],[0.],[0.],[[0.]],0.1656685842390298,6.535787542816252e-05,0.0026109516620635986,0.0,0.0
D.Saric,Denver Nuggets,[[0.02794983]],[0.12042031],[0.],[0.00578022],[[0.]],0.11912241178407147,5.6771204981487244e-05,0.012829454615712166,0.0,0.0
G.Williams,Charlotte Hornets,[[0.3246325]],[0.22824087],[1.],[0.01929834],[[0.326703]],0.46046154729915956,4.346700734458864e-05,0.385839581489563,0.3563254475593567,0.54
J.McVeigh,Houston Rockets,[[0.21307658]],[0.50179948],[1.],[0.81011707],[[0.]],0.29874214665709864,0.017061473801732063,0.3524136245250702,0.2848816514015198,0.635
T.Mann,Charlotte Hornets,[[0.5306492]],[0.44689433],[1.],[0.9691415],[[0.5217363]],0.6551359324171186,0.0873311385512352,0.7164761424064636,0.5478293299674988,0.85
J.Williams,Houston Rockets,[[0.06432858]],[0.],[0.],[0.],[[0.]],0.09967313939670051,0.0005526930326595902,0.014137388207018375,0.01157265156507492,0.0
T.Washington,Phoenix Suns,[[0.03420316]],[0.],[0.],[0.],[[0.]],0.05146274084461415,8.147276821546257e-05,0.006348536349833012,0.012756002135574818,0.0
J.Nowell,New Orleans Pelicans,[[0.10426147]],[0.09490436],[0.],[0.],[[0.08713496]],0.23021042038805067,0.00025977438781410456,0.24787072837352753,0.1322205364704132,0.565
B.Williams,Dallas Mavericks,[[0.00914001]],[0.15118504],[0.],[0.],[[0.]],0.14667885372036943,0.0007688926998525858,0.0,0.0,0.0
V.Williams,Memphis Grizzlies,[[0.32213846]],[0.51001458],[1.],[0.8942042],[[0.3549082]],0.6119574466534206,0.33640483021736145,0.563173234462738,0.4850037395954132,0.41
V.Cancar,Denver Nuggets,[[0.20503026]],[0.33269622],[1.],[0.83586675],[[0.17008549]],0.3482254004637705,0.0012156161246821284,0.25139376521110535,0.36409518122673035,0.165
J.Richardson,Miami Heat,[[0.00918133]],[0.],[0.],[0.],[[0.]],0.016741157195963974,0.00013466013479046524,0.0032541167456656694,0.0,0.0
Y.Cui,Brooklyn Nets,[[0.03171019]],[0.13239379],[0.],[0.],[[0.]],0.0,0.0002996621769852936,0.0,0.0,0.0
J.Rhoden,Charlotte Hornets,[[0.02413209]],[0.25910524],[0.],[0.00405467],[[0.]],0.08419259046725151,0.0005692776758223772,0.0,0.0,0.0
J.Ingles,Minnesota Timberwolves,[[0.03879976]],[0.],[0.],[0.],[[0.]],0.08325405599258627,7.74713116697967e-05,0.0,0.022588517516851425,0.0
M.Jones,Sacramento Kings,[[0.04458654]],[0.],[0.],[0.],[[0.]],0.12067334977329273,0.0002250099350931123,0.00145889597479254,0.0263019111007452,0.0
M.Leons,Oklahoma City Thunder,[[0.02500675]],[0.03009174],[0.],[0.00504896],[[0.]],0.0653495268467112,0.0,0.01116865873336792,0.0,0.0
D.Melton,Golden State Warriors,[[0.44622147]],[0.39043453],[1.],[0.95355994],[[0.50038534]],0.4320294368101598,0.021749600768089294,0.41481679677963257,0.45169883966445923,0.255
J.Alvarado,New Orleans Pelicans,[[0.4393711]],[0.3407271],[1.],[1.0018328],[[0.45851606]],0.6099055542706819,0.037001729011535645,0.5797637701034546,0.4702184498310089,1.17
I.Quickley,Toronto Raptors,[[0.01092963]],[0.],[0.],[0.008034],[[0.]],0.028564935265965735,8.164199971361086e-05,0.0005456250510178506,0.0,0.0
C.Holmgren,Oklahoma City Thunder,[[3.5495617]],[4.16912135],[4.37],[4.2296357],[[3.997442]],3.653542496982088,3.0217208862304688,4.123945236206055,3.302036762237549,4.58
P.Mills,Utah Jazz,[[0.21863507]],[0.22899686],[1.],[0.9060014],[[0.2731766]],0.48509700596034966,0.0005226191715337336,0.45021310448646545,0.3373773694038391,0.18
Z.Williamson,New Orleans Pelicans,[[1.3054843]],[1.12102448],[1.],[0.9599],[[1.2650996]],1.19950697775817,1.0646671056747437,1.1583340167999268,1.1513642072677612,0.77
R.Minix,San Antonio Spurs,[[0.03555088]],[0.],[0.],[0.],[[0.]],0.15351458011046581,0.0006209175335243344,0.0021916416008025408,0.0,0.0
H.Ingram,San Antonio Spurs,[[0.03626012]],[0.],[0.],[0.00508467],[[0.]],0.16133300429936026,0.0006690780865028501,0.0021916416008025408,0.0,0.0
D.Duke,San Antonio Spurs,[[0.03263751]],[0.],[0.],[0.],[[0.]],0.15111635138052454,0.0006128262029960752,0.0021916416008025408,0.0,0.0
M.Gueye,Atlanta Hawks,[[0.03902578]],[0.],[0.],[0.],[[0.]],0.12511060634104681,0.00014076035586185753,0.012590206228196621,0.0,0.0
I.Jackson,Indiana Pacers,[[1.5680836]],[1.54876502],[1.865],[1.7241133],[[1.9921435]],1.608778092919586,1.5809526443481445,1.504018783569336,1.5840466022491455,1.25
A.Nesmith,Indiana Pacers,[[0.44769198]],[0.44782507],[1.],[0.9563062],[[0.41122743]],0.41494968883490196,0.007666379678994417,0.4004581868648529,0.3695842921733856,0.61
D.Carton,Toronto Raptors,[[0.02235433]],[0.00357986],[0.],[0.],[[0.]],0.09178524139225873,0.00019563655951060355,0.00207214942201972,0.0,0.0
D.Jenkins,Detroit Pistons,[[0.04265301]],[0.33800589],[0.],[0.00052985],[[0.]],0.056158153837254574,0.00011822010856121778,0.0004037855251226574,0.0,0.0
A.Ducas,Oklahoma City Thunder,[[0.02021084]],[0.22707425],[0.],[0.00247186],[[0.]],0.016805442132239362,0.0005936614470556378,0.0035600659903138876,0.0,0.0
R.Beekman,Golden State Warriors,[[0.07537411]],[0.],[0.],[0.03045922],[[0.]],0.07277462593623495,0.0011564166052266955,0.0,0.0,0.0
P.Banchero,Orlando Magic,[[0.79784286]],[0.54116956],[1.],[1.0262601],[[0.81924325]],0.7475030283331281,0.8233113288879395,0.8608076572418213,0.693814218044281,0.47
T.Hendricks,Utah Jazz,[[1.4001558]],[1.28704378],[1.01],[0.96237385],[[1.4051417]],1.3786451495510947,1.3830838203430176,1.5759327411651611,1.292394995689392,1.115
A.Reese,Oklahoma City Thunder,[[0.05104443]],[0.],[0.],[0.],[[0.]],0.0037445974165746104,0.0005241982289589942,0.0009293531766161323,0.0,0.0
M.McClung,Orlando Magic,[[0.0389538]],[0.],[0.],[0.00960612],[[0.]],0.10860521340744352,6.3019979279488325e-06,0.005728618241846561,0.010217929258942604,0.0
C.Gillespie,Phoenix Suns,[[0.04249463]],[0.],[0.],[0.],[[0.]],0.0,0.0005612440872937441,0.0,0.009882215410470963,0.0
J.Wiseman,Indiana Pacers,[[0.03635586]],[0.],[0.],[0.01021356],[[0.]],0.05717133374918838,5.26101139257662e-05,0.005351569503545761,0.00909265037626028,0.0
