PlayerName,PlayerTeam,PlayerPredictions_DNN_3pt M,PlayerPredictions_MLP_3pt M,PlayerPredictions_RF_3pt M,PlayerPredictions_XGB_3pt M,PlayerPredictions_LSTM_3pt M,PlayerPredictions_MLP_window_3pt M,PlayerPredictions_DNN_window_3pt M,PlayerPredictions_XGB_window_3pt M,PlayerPredictions_LSTM_window_3pt M,PlayerPredictions_RF_window_3pt M
L.Waters,Golden State Warriors,[[1.1891289]],[1.77251702],[1.57],[1.2901149],[[1.6270186]],2.0989807130636784,1.8112084865570068,2.3435161113739014,2.038642168045044,2.19
T.Jackson-Davis,Golden State Warriors,[[0.]],[0.2698733],[0.],[0.06560047],[[1.6379948]],0.3362556322489094,0.0026350906118750572,0.0014430710580199957,0.12329244613647461,0.0
M.Moody,Golden State Warriors,[[1.4910693]],[2.19548522],[2.82],[2.878725],[[1.4377667]],3.093413840667214,2.967700958251953,3.5915539264678955,3.132368326187134,4.265
K.Thompson,Dallas Mavericks,[[3.1339486]],[3.12501629],[3.875],[4.274445],[[2.290695]],4.565921929141354,3.9357352256774902,3.7019598484039307,4.4057841300964355,2.945
P.Washington,Dallas Mavericks,[[1.4391592]],[1.42966502],[1.47],[1.6041747],[[1.8925503]],1.7825254515701106,1.5307263135910034,1.6195389032363892,1.559255838394165,2.28
K.Irving,Dallas Mavericks,[[2.7734559]],[2.63414945],[2.715],[3.0039315],[[2.5148902]],3.769950193838285,3.2981741428375244,3.6890628337860107,3.5977694988250732,4.675
L.Doncic,Dallas Mavericks,[[3.1365597]],[2.67059429],[2.705],[2.887375],[[2.3387806]],3.0198228095076085,2.5885579586029053,2.366964817047119,2.5893826484680176,1.795
G.Santos,Golden State Warriors,[[0.04742785]],[0.],[0.],[0.00366699],[[0.]],0.23660764286716138,0.0006516794674098492,0.014295170083642006,0.18437425792217255,0.0
R.Beekman,Golden State Warriors,[[0.]],[0.],[0.],[0.],[[0.3745403]],0.22664885784018066,0.00745778251439333,0.004278027452528477,0.0,0.0
Y.Missi,New Orleans Pelicans,[[0.]],[0.],[0.],[0.07359346],[[1.7059693]],0.3551682517167416,0.0,0.003584969323128462,0.10709793120622635,0.0
J.Hawkins,New Orleans Pelicans,[[1.3885938]],[1.73853565],[1.805],[1.7781891],[[1.7524273]],2.6126721484717303,2.113136053085327,2.2902023792266846,2.3382129669189453,0.965
J.Randle,Minnesota Timberwolves,[[2.6218007]],[2.51763972],[2.04],[1.9437493],[[2.539639]],2.708236048837407,2.4398841857910156,2.5823028087615967,2.467146158218384,2.875
A.Edwards,Minnesota Timberwolves,[[4.280929]],[3.80615167],[4.86],[4.644582],[[2.369628]],5.650160353057156,5.524228572845459,6.335602760314941,4.4964189529418945,6.69
J.Hardy,Dallas Mavericks,[[0.23170346]],[1.289588],[0.865],[0.9489768],[[0.1422099]],1.0542171916484129,0.6266186833381653,1.0181196928024292,1.0688892602920532,0.425
T.Lyles,Sacramento Kings,[[0.6142219]],[1.29659839],[1.],[1.0974594],[[0.9740254]],0.9999081678741919,0.37349995970726013,0.694040834903717,0.9223044514656067,0.365
N.Marshall,Dallas Mavericks,[[0.]],[0.09747227],[0.07],[0.18427245],[[0.93709546]],0.24840080160972963,0.00010968977585434914,0.0,0.21653684973716736,0.0
S.Dinwiddie,Dallas Mavericks,[[0.21375959]],[1.32654849],[0.84],[0.5137176],[[0.5957671]],1.6114904417200469,1.095239520072937,1.7411503791809082,1.4483312368392944,1.82
D.Green,Golden State Warriors,[[0.5410711]],[0.89104246],[0.29],[0.73914427],[[1.5276972]],1.0366229975030163,0.5882888436317444,0.7704758048057556,0.9335063695907593,0.855
B.Hield,Golden State Warriors,[[3.1599176]],[3.53169029],[4.615],[4.469245],[[2.571537]],5.320534750694852,5.324303150177002,5.465138912200928,4.801537990570068,5.745
A.Len,Sacramento Kings,[[0.]],[0.],[0.005],[0.],[[0.38943475]],0.24411232962112597,0.0005972671788185835,0.004558042157441378,0.2556239068508148,0.0
K.Ellis,Sacramento Kings,[[0.07635823]],[0.53333527],[0.185],[0.],[[1.301267]],0.5742268687456624,0.0014199779834598303,0.412142276763916,0.5468403697013855,0.245
D.Lively,Dallas Mavericks,[[0.]],[0.44155928],[0.],[0.07327747],[[2.0280116]],0.3307782399299163,0.0,0.0020917770452797413,0.1100296899676323,0.0
J.Strawther,Denver Nuggets,[[0.95823485]],[1.35350588],[1.185],[1.1260221],[[1.3650292]],1.619204277614702,1.7275160551071167,1.397424578666687,1.4933596849441528,1.225
A.Gordon,Denver Nuggets,[[1.4013221]],[1.37938427],[1.1],[0.8492462],[[2.182881]],1.3047555418431727,1.13752281665802,1.1904371976852417,1.0685986280441284,1.085
J.Murray,Denver Nuggets,[[1.8817576]],[1.74246944],[1.535],[1.5041097],[[1.9578571]],2.020537847807845,1.9811737537384033,1.699306607246399,1.726983904838562,1.895
C.Braun,Denver Nuggets,[[1.4809572]],[1.36378714],[1.24],[1.2713947],[[2.14665]],1.321510679286387,1.1935973167419434,1.2221351861953735,1.0883370637893677,1.435
N.Jokic,Denver Nuggets,[[3.6272912]],[3.48976198],[1.88],[2.248588],[[2.904254]],3.0215444409274586,3.06935715675354,1.8092559576034546,2.4853436946868896,0.98
M.Porter,Denver Nuggets,[[2.0406723]],[1.67926381],[1.72],[1.5440116],[[1.9358217]],2.2815361231446167,2.210345983505249,2.281292200088501,2.050241470336914,3.1
N.Clowney,Brooklyn Nets,[[0.06291079]],[0.62327813],[0.7],[0.17964013],[[0.8285728]],1.4447435449284194,0.6774965524673462,1.1252986192703247,1.3661000728607178,0.405
D.Finney-Smith,Brooklyn Nets,[[1.841105]],[1.92280155],[2.24],[2.0419276],[[1.770713]],1.9671672795009372,1.395020842552185,1.6918914318084717,1.823441743850708,1.22
Q.Grimes,Dallas Mavericks,[[0.05256844]],[0.65114105],[0.235],[0.55297285],[[0.32182056]],1.020968586625767,0.23855815827846527,1.3295971155166626,0.9905181527137756,1.465
P.Mills,Utah Jazz,[[0.]],[0.47350704],[0.],[0.06808446],[[0.5632992]],0.43016570165462575,0.001971555408090353,0.30288469791412354,0.3276464641094208,0.295
B.Ingram,New Orleans Pelicans,[[2.4487438]],[2.50161425],[2.5],[2.6266754],[[2.3329701]],2.840283770194711,2.3603873252868652,2.58675479888916,2.4029080867767334,2.93
K.Johnson,Brooklyn Nets,[[0.]],[0.33416226],[0.],[0.0052926],[[0.00095858]],0.5157126248461478,0.0005779389757663012,0.0,0.36663711071014404,0.0
S.Milton,Brooklyn Nets,[[0.01361088]],[0.60639034],[0.],[0.07423665],[[0.24895339]],0.6905981939496001,0.0018791330512613058,0.903226375579834,0.47598543763160706,0.895
J.Wilson,Brooklyn Nets,[[0.7701528]],[1.12422231],[1.075],[1.0164471],[[1.1736975]],1.262160813030736,0.7126460671424866,1.029527187347412,1.217888355255127,1.7
Z.Williams,Brooklyn Nets,[[0.76419675]],[1.43275032],[1.635],[1.6919994],[[1.7113456]],2.2621970797932858,1.746390461921692,2.1784698963165283,2.1416516304016113,2.985
N.Claxton,Brooklyn Nets,[[0.]],[0.38767256],[0.],[0.01007573],[[1.844929]],0.24371652650529177,0.0005233695264905691,0.0030129053629934788,0.10774047672748566,0.0
J.Juzang,Utah Jazz,[[0.01404802]],[0.10396507],[0.],[0.],[[0.]],0.30344087160660604,0.0002016252838075161,0.0019077879842370749,0.11992435902357101,0.0
H.Jones,New Orleans Pelicans,[[0.80992377]],[1.05410081],[1.055],[0.45423815],[[1.4167062]],0.8622536939581111,0.03717697039246559,0.5070774555206299,0.6695459485054016,0.87
I.Jones,Sacramento Kings,[[0.]],[0.],[0.],[0.],[[0.205246]],0.12300127572085326,0.0006531195249408484,0.013602593913674355,0.019007189199328423,0.0
J.McLaughlin,Sacramento Kings,[[0.]],[0.],[0.],[0.],[[0.]],0.16882472416095337,0.0012927281204611063,0.009331826120615005,0.13637711107730865,0.0
C.Jones,Sacramento Kings,[[0.]],[0.05823875],[0.],[0.00115423],[[0.]],0.1559526410870419,0.0018727148417383432,0.015202280133962631,0.022721119225025177,0.0
D.McDermott,Sacramento Kings,[[0.6609193]],[2.06825415],[0.93],[0.18883017],[[0.04742097]],0.8623328287554186,0.5495458245277405,0.6223874688148499,0.929058849811554,0.505
D.Eubanks,Utah Jazz,[[0.5269567]],[0.9088066],[0.],[0.26395762],[[0.844545]],0.8336368499853347,0.23382537066936493,0.6956751346588135,0.530772864818573,0.335
G.Payton,Golden State Warriors,[[0.08712669]],[0.6721422],[0.555],[0.4035569],[[1.4035968]],0.5713280520765885,0.010493380948901176,0.29730963706970215,0.40323406457901,0.725
J.Kuminga,Golden State Warriors,[[0.16578932]],[0.71423142],[0.215],[0.19987948],[[1.1661968]],0.7737918640150335,0.20911423861980438,0.47724756598472595,0.6195094585418701,0.795
D.Gafford,Dallas Mavericks,[[0.]],[0.29308265],[0.],[0.05960078],[[1.7378246]],0.31329972923231775,0.0,0.0,0.10943248867988586,0.0
C.Sexton,Utah Jazz,[[0.43216413]],[0.98557833],[0.59],[0.28993464],[[1.1580553]],0.7590159439813376,0.16613425314426422,0.5125565528869629,0.6696363687515259,0.275
J.Collins,Utah Jazz,[[0.68909585]],[1.1969666],[0.935],[0.9976101],[[1.720828]],1.507205550963355,1.2397956848144531,1.3746604919433594,1.3212172985076904,1.23
K.Filipowski,Utah Jazz,[[0.00399226]],[0.93795974],[0.52],[0.50268406],[[0.43013188]],0.8737458564978713,0.0006130931433290243,1.3697596788406372,0.8609853982925415,1.565
L.Markkanen,Utah Jazz,[[1.7784573]],[2.0811549],[2.385],[2.0940917],[[1.9908011]],2.491258296760755,2.1634628772735596,2.3835840225219727,2.3359177112579346,1.58
J.Clarkson,Utah Jazz,[[1.255806]],[1.57141662],[1.775],[2.267998],[[1.7327912]],1.4883986879677054,1.2370538711547852,1.185440182685852,1.3319064378738403,1.48
W.Kessler,Utah Jazz,[[0.]],[0.26283256],[0.01],[0.09073407],[[1.8787024]],0.27971986670746585,0.0,0.01765809766948223,0.13718333840370178,0.0
C.Williams,Utah Jazz,[[0.11182001]],[0.61562487],[0.125],[0.24326184],[[0.8505409]],0.9840411743217419,0.1454908698797226,1.1254512071609497,0.9595049023628235,1.765
J.Ingles,Minnesota Timberwolves,[[0.]],[0.80791193],[0.],[0.],[[0.]],0.13486808741654496,0.0010952760931104422,0.012154385447502136,0.1468113660812378,0.0
D.Theis,New Orleans Pelicans,[[0.14127332]],[0.69143178],[0.255],[0.13717595],[[1.3212801]],0.356427745002066,0.0,0.015179716981947422,0.19197747111320496,0.0
N.Alexander-Walker,Minnesota Timberwolves,[[2.260445]],[2.13083595],[2.375],[2.3097544],[[1.9108404]],2.784637333684308,2.520475387573242,2.456220865249634,2.6987617015838623,2.825
N.Reid,Minnesota Timberwolves,[[1.8092723]],[2.01118646],[2.4],[2.4911542],[[2.0318139]],2.2423661836876447,1.935571551322937,2.004248857498169,2.1235973834991455,1.885
D.DiVincenzo,Minnesota Timberwolves,[[1.50773]],[1.61879183],[1.925],[1.9858737],[[1.4840223]],2.1801451988210263,1.754705786705017,1.7992950677871704,2.0560009479522705,1.445
M.Conley,Minnesota Timberwolves,[[1.1129639]],[1.31411425],[1.525],[1.529727],[[1.5844443]],1.6906082399977354,1.295430064201355,1.6104443073272705,1.585478663444519,1.995
R.Gobert,Minnesota Timberwolves,[[0.113736]],[0.16451478],[0.005],[0.08152533],[[1.8499151]],0.1914136342895689,0.0005400350783020258,0.055678848177194595,0.12453346699476242,0.0
J.McDaniels,Minnesota Timberwolves,[[0.37491727]],[0.588056],[0.695],[0.79893196],[[1.4260485]],0.7056449716265413,0.05938516929745674,0.4942091107368469,0.6392440795898438,0.635
D.Fox,Sacramento Kings,[[2.2876441]],[2.09598329],[1.945],[1.8040084],[[2.1229975]],1.9955795188986796,1.669271469116211,1.834052324295044,1.7045612335205078,1.545
K.Murray,Sacramento Kings,[[2.0653365]],[1.86104954],[1.675],[1.4353007],[[1.8943079]],2.4873565174439047,2.004163980484009,1.9766285419464111,2.3070409297943115,1.805
D.Sabonis,Sacramento Kings,[[2.6731899]],[2.58010924],[1.56],[1.6012931],[[2.6454356]],1.7801813280406127,1.2623388767242432,1.3550885915756226,1.4063525199890137,1.435
B.Podziemski,Golden State Warriors,[[0.8839634]],[1.2157908],[0.89],[1.0468166],[[1.4760218]],1.2536077659929037,0.955155074596405,1.0220454931259155,1.1028321981430054,1.975
K.George,Utah Jazz,[[1.4274913]],[1.34939229],[1.325],[1.1288085],[[1.37736]],1.9745567181128008,1.6464239358901978,1.6980304718017578,1.7634705305099487,1.74
C.Thomas,Brooklyn Nets,[[3.2773972]],[3.24531618],[2.65],[2.3466914],[[2.3837214]],3.4371568022307537,3.0170159339904785,2.941476583480835,2.976034641265869,1.85
C.Johnson,Brooklyn Nets,[[2.8135471]],[2.53575858],[2.59],[2.6850019],[[2.1129806]],3.2257736541903927,2.563232660293579,3.304649591445923,3.2089853286743164,4.925
D.Schroder,Brooklyn Nets,[[3.0899646]],[2.80581653],[3.235],[2.9041722],[[2.3527794]],3.969438790904665,3.600721597671509,4.089537620544434,3.8196072578430176,4.535
D.Saric,Denver Nuggets,[[0.]],[0.],[0.01],[0.],[[0.]],0.25644588235050625,0.0008266817312687635,0.017369017004966736,0.37482014298439026,0.0
P.Watson,Denver Nuggets,[[0.01062025]],[0.18415873],[0.01],[0.],[[0.55946875]],0.521363656248301,0.020178314298391342,0.24994605779647827,0.43891143798828125,0.595
K.Huerter,Sacramento Kings,[[2.2860546]],[2.46266869],[2.76],[2.6813107],[[2.0548484]],2.7953407840900097,2.1955575942993164,2.4837474822998047,2.65376877784729,2.12
Z.Williamson,New Orleans Pelicans,[[0.90436476]],[0.92991491],[0.01],[0.12530729],[[1.8931472]],0.6529264052788216,0.020565329119563103,0.3576652407646179,0.3390691578388214,0.78
D.DeRozan,Sacramento Kings,[[1.9155563]],[2.02566436],[1.255],[1.2055373],[[2.4755242]],0.7584477613824133,0.2392096370458603,0.47892874479293823,0.46315157413482666,0.39
K.Anderson,Golden State Warriors,[[0.03372734]],[0.42680397],[0.],[0.05282865],[[0.934635]],0.48684747304525333,0.00441001309081912,0.24168650805950165,0.3567656874656677,0.425
P.Spencer,Golden State Warriors,[[0.]],[0.],[0.005],[0.],[[0.08233993]],0.31415058960393816,0.0,0.008341904729604721,0.19805966317653656,0.0
J.Alvarado,New Orleans Pelicans,[[0.15478487]],[0.81448293],[0.78],[0.7511394],[[0.8383217]],0.8370089377428276,0.0,0.44180211424827576,0.5983994007110596,0.17
J.Green,New Orleans Pelicans,[[0.49550235]],[0.75549884],[0.67],[0.7727101],[[1.3901006]],0.9139349529772407,0.05164867267012596,0.5101425647735596,0.7028691172599792,0.845
J.Robinson-Earl,New Orleans Pelicans,[[0.12489682]],[0.37824512],[0.175],[0.2883757],[[0.]],1.1052945675457226,0.03596822917461395,1.212249517440796,0.9152036905288696,1.185
J.Cain,New Orleans Pelicans,[[3.6828659]],[1.48521257],[1.],[1.0041382],[[1.0725774]],1.5931475631481224,1.9984334707260132,1.070030689239502,1.304818868637085,0.995
B.Boston,New Orleans Pelicans,[[0.]],[0.02022632],[0.],[0.],[[0.]],0.246596509792281,0.0,0.022194810211658478,0.0,0.0
B.Sensabaugh,Utah Jazz,[[0.07591154]],[0.54862176],[0.365],[0.23990685],[[1.0330849]],1.4935395784240777,0.8331632614135742,1.520425796508789,1.3281883001327515,1.645
K.Looney,Golden State Warriors,[[0.]],[0.],[0.],[0.0057688],[[1.4590443]],0.2595238548874017,0.0,0.0003965927753597498,0.11688242107629776,0.0
R.Westbrook,Denver Nuggets,[[0.17936961]],[0.52340857],[0.465],[0.5429717],[[1.3479177]],1.0513877823021003,0.5312666296958923,0.8034693598747253,0.8947035074234009,1.325
C.McCollum,New Orleans Pelicans,[[2.5524516]],[2.40624889],[3.445],[3.4608598],[[2.2951407]],3.5767517366617376,2.9962503910064697,3.2005176544189453,3.4752249717712402,2.025
M.Monk,Sacramento Kings,[[1.6558659]],[1.84100109],[2.115],[2.251694],[[1.8959024]],2.284186842326308,1.7905876636505127,1.969591498374939,2.108661651611328,1.94
J.Green,Houston Rockets,[[3.739559]],[3.61467274],[3.95],[4.134206],[[2.5890288]],5.038232074565315,5.551805019378662,4.631524085998535,4.3669352531433105,5.565
S.Barnes,Toronto Raptors,[[1.3360163]],[1.40239683],[1.04],[1.1957073],[[2.1615503]],0.8083154946307225,0.278474897146225,0.3915542662143707,0.4696413278579712,0.795
D.Mitchell,Toronto Raptors,[[0.626033]],[0.96543608],[0.945],[1.2118908],[[1.2570386]],1.5458849670509627,1.2618932723999023,1.1523642539978027,1.3583439588546753,2.32
R.Barrett,Toronto Raptors,[[1.4658251]],[1.56429589],[1.55],[1.9699425],[[1.6133449]],2.2292300115713175,2.5151710510253906,2.1266331672668457,1.9401905536651611,2.06
O.Agbaji,Toronto Raptors,[[0.8585466]],[1.17273797],[0.975],[1.0000566],[[1.9763337]],1.5921577698552856,1.385501742362976,1.29105544090271,1.3095195293426514,1.66
J.Shead,Toronto Raptors,[[0.20816047]],[0.7271104],[0.735],[0.63013744],[[1.1130841]],1.071139495295511,0.6090755462646484,0.760513961315155,0.956943690776825,0.385
D.Garland,Cleveland Cavaliers,[[2.492186]],[2.47915833],[3.34],[3.912688],[[2.1668122]],3.572022558565665,2.8722827434539795,3.222238302230835,3.58103084564209,4.17
D.Mitchell,Cleveland Cavaliers,[[2.7522676]],[2.68273146],[3.04],[3.213941],[[2.1950142]],3.2992865840170067,2.6296277046203613,2.9388060569763184,3.0787551403045654,3.32
J.Suggs,Orlando Magic,[[2.6679037]],[2.77415474],[3.575],[3.3403332],[[2.3892002]],3.848389776601763,3.120680809020996,4.015934467315674,4.031217098236084,5.055
G.Harris,Orlando Magic,[[0.46297997]],[1.58823117],[1.115],[1.3437293],[[1.1322956]],2.2828759915217116,1.4697189331054688,1.763047218322754,2.0091278553009033,1.895
M.Wagner,Orlando Magic,[[0.67892665]],[1.36836909],[1.39],[1.478703],[[1.2140801]],1.367790273653427,0.6371343731880188,1.088634967803955,1.1782180070877075,1.04
M.Plumlee,Phoenix Suns,[[0.]],[0.],[0.],[0.01414858],[[1.1928369]],0.23580781117834174,0.0002716328017413616,0.0018113863188773394,0.1587986797094345,0.0
C.Boucher,Toronto Raptors,[[0.23741817]],[1.10673116],[0.805],[0.7455633],[[1.1199014]],1.2929355118772536,0.7583844661712646,0.9179306030273438,1.1658881902694702,0.525
R.Dunn,Phoenix Suns,[[1.1740085]],[1.80636712],[1.77],[1.4025339],[[1.2287222]],2.009314402639554,1.9748910665512085,1.6835451126098633,1.9651440382003784,1.48
L.James,Los Angeles Lakers,[[2.1995118]],[2.02399552],[2.38],[2.4798474],[[2.3683226]],2.427465808270392,2.2710213661193848,2.2025747299194336,2.2359561920166016,1.985
A.Davis,Los Angeles Lakers,[[3.0510697]],[3.16933019],[0.235],[0.21838962],[[2.7982318]],0.7025541098472913,0.06578393280506134,0.45212823152542114,0.4023706316947937,0.365
D.Russell,Los Angeles Lakers,[[1.6747011]],[1.5790945],[1.64],[1.6439106],[[1.8707312]],1.9496573709850293,1.6880440711975098,1.7213802337646484,1.8042891025543213,1.885
K.Towns,New York Knicks,[[1.0192198]],[1.36064244],[1.04],[0.82060516],[[2.2756844]],1.5676975373969513,1.4971569776535034,1.4268227815628052,1.340455174446106,1.315
M.McBride,New York Knicks,[[2.3125618]],[2.31789121],[2.445],[1.9574515],[[2.1178007]],2.964078602799376,2.722557306289673,2.566399574279785,2.992807626724243,2.355
J.Valanciunas,Washington Wizards,[[0.]],[0.3139132],[0.08],[0.13687639],[[1.5659658]],0.24806447283287522,0.0,0.0,0.15030670166015625,0.0
J.Nurkic,Phoenix Suns,[[0.41879886]],[0.81884454],[0.955],[1.0111774],[[0.8882868]],0.48552349048686627,0.025533363223075867,0.2564722001552582,0.5503634214401245,0.28
D.Knecht,Los Angeles Lakers,[[0.6091618]],[1.42793577],[1.175],[0.8725403],[[0.94735223]],1.4733100219905815,1.138465166091919,1.1715009212493896,1.4511282444000244,0.645
E.Mobley,Cleveland Cavaliers,[[1.1266348]],[1.34986605],[1.205],[0.71083736],[[2.3151052]],1.300154010844759,0.6842280030250549,1.0397722721099854,1.0186716318130493,0.94
L.Kornet,Boston Celtics,[[0.]],[0.],[0.],[0.],[[0.89705]],0.24487326634889575,0.0010249544866383076,0.0,0.1605854630470276,0.0
D.Peterson,Boston Celtics,[[0.]],[0.],[0.],[0.00244442],[[0.]],0.449554679251539,0.001694785081781447,0.0,0.0,0.0
S.Merrill,Cleveland Cavaliers,[[1.4062662]],[1.90839833],[1.975],[1.7238302],[[0.9998371]],1.8271112705118124,1.3977433443069458,1.5678287744522095,1.6398072242736816,1.78
G.Niang,Cleveland Cavaliers,[[1.1189667]],[1.6146773],[0.975],[1.0458952],[[0.97860897]],1.8355338809146233,1.506971836090088,1.763792872428894,1.657454252243042,1.385
B.Scheierman,Boston Celtics,[[0.02789483]],[0.34856929],[0.],[0.],[[0.]],0.17367642478586506,0.001586609985679388,0.0021995024289935827,0.31047943234443665,0.0
R.O'Neale,Phoenix Suns,[[1.312995]],[1.43461397],[1.6],[1.4901367],[[1.9252915]],1.4666201912690215,1.4348835945129395,1.1773922443389893,1.379860520362854,1.61
A.Reaves,Los Angeles Lakers,[[2.9618375]],[2.53735159],[3.185],[3.2694],[[2.495876]],3.2158545661636624,3.0513155460357666,3.3057918548583984,3.1887943744659424,4.225
J.Walsh,Boston Celtics,[[0.]],[0.89814096],[0.],[0.02356104],[[0.03516997]],0.21732369269300897,0.001243226113729179,0.0108516626060009,0.40721094608306885,0.0
F.VanVleet,Houston Rockets,[[3.1564484]],[2.53387065],[3.],[3.1109686],[[2.2767715]],3.823637663992988,4.124721050262451,3.9348952770233154,3.670320749282837,3.75
H.Highsmith,Miami Heat,[[0.35388392]],[0.67262053],[0.415],[0.55938435],[[1.5338713]],0.8217247331433679,0.235148623585701,0.5116322040557861,0.6156893968582153,0.3
B.Beal,Phoenix Suns,[[2.7266598]],[2.32557406],[2.975],[2.9434757],[[2.3897295]],2.8721144853537877,2.69279408454895,2.37306547164917,2.813793659210205,1.635
M.Bridges,New York Knicks,[[2.4154885]],[2.11622045],[2.265],[2.4391153],[[2.3226783]],1.9044387694469973,1.7683354616165161,1.5307475328445435,1.6640551090240479,1.185
T.Jerome,Cleveland Cavaliers,[[0.26841378]],[0.96433272],[0.785],[0.73936194],[[1.6674346]],1.092012128576763,0.42710861563682556,0.7724788188934326,0.8146744966506958,0.435
I.Okoro,Cleveland Cavaliers,[[0.00213862]],[0.],[0.045],[0.29633835],[[0.88233054]],0.27928820434756874,0.002232518047094345,0.0078998738899827,0.23553818464279175,0.0
J.Howard,Orlando Magic,[[1.2847043]],[1.4526806],[0.995],[1.0001669],[[0.7757808]],1.3644096047646432,0.8270630836486816,1.005541205406189,1.283566951751709,0.525
R.Sheppard,Houston Rockets,[[0.]],[0.14530145],[0.],[0.10555715],[[0.1653546]],0.7922842738864888,0.162594273686409,0.6137179136276245,0.5004057288169861,0.62
C.Whitmore,Houston Rockets,[[0.0961684]],[0.61554121],[0.98],[1.1361401],[[0.38297224]],0.3308140013733589,0.07343092560768127,0.0,0.31624600291252136,0.0
D.Wade,Cleveland Cavaliers,[[1.4090837]],[1.84765721],[1.76],[1.8430498],[[1.6099386]],1.8073239018064033,1.2701021432876587,1.5113037824630737,1.5800838470458984,0.64
T.Haliburton,Indiana Pacers,[[1.9289918]],[1.84665783],[2.085],[1.9895968],[[1.7524186]],2.3816143550767435,2.1637682914733887,2.1019723415374756,2.231462001800537,3.165
J.Sims,New York Knicks,[[0.]],[0.],[0.],[0.00959363],[[0.46994582]],0.24026329228424778,0.00017363578081130981,0.0,0.19469578564167023,0.0
C.Payne,New York Knicks,[[0.35534173]],[0.8318814],[1.015],[0.9838063],[[1.149235]],1.5544272721131696,1.4379421472549438,1.4152894020080566,1.4691319465637207,1.915
A.Hukporti,New York Knicks,[[0.]],[0.08493576],[0.],[0.00153912],[[0.10119652]],0.04802938725846978,0.0005925032310187817,0.007390777114778757,0.030729936435818672,0.0
J.Hayes,Los Angeles Lakers,[[0.]],[0.],[0.01],[0.07120283],[[0.9775165]],0.24640130053387763,0.0,0.004739420022815466,0.1724829375743866,0.0
J.Poeltl,Toronto Raptors,[[0.04222322]],[0.24766652],[0.],[0.0124728],[[1.6902812]],0.2875928382060955,0.0,0.0,0.14926797151565552,0.0
M.Turner,Indiana Pacers,[[1.5655254]],[1.61839855],[1.845],[1.9538982],[[1.6958159]],1.6645733507247038,1.7631490230560303,1.3445193767547607,1.5203759670257568,1.21
J.Hart,New York Knicks,[[2.0157459]],[1.80368901],[2.345],[2.4489548],[[2.2117262]],1.2354568104750796,1.1992770433425903,1.0505752563476562,1.0892194509506226,1.545
O.Toppin,Indiana Pacers,[[0.8489551]],[1.51493309],[1.65],[1.6085616],[[1.7772411]],1.2116574606536603,1.2581124305725098,1.045403003692627,1.0536261796951294,1.995
I.Jackson,Indiana Pacers,[[0.]],[0.],[0.],[0.00016103],[[1.0426244]],0.28582373794191895,0.0,0.023981161415576935,0.2547188997268677,0.0
B.Wesley,San Antonio Spurs,[[0.]],[0.01489839],[0.335],[0.07976927],[[0.63031703]],0.5364058937486572,0.0002422782126814127,0.4863165020942688,0.448781818151474,0.785
Z.Collins,San Antonio Spurs,[[0.1695083]],[0.71864818],[0.78],[0.4921095],[[1.6734558]],0.9037535850391636,0.26075640320777893,0.7463069558143616,0.7520043849945068,0.9
M.Branham,San Antonio Spurs,[[0.5847302]],[1.28346952],[1.475],[1.6433133],[[1.6158397]],1.5862883698624646,1.4054491519927979,1.5200018882751465,1.4932479858398438,2.295
S.Castle,San Antonio Spurs,[[0.02476507]],[0.11836339],[0.57],[0.26190224],[[0.9489912]],0.18612029875259137,0.0010327845811843872,0.00323209329508245,0.2562819719314575,0.0
K.Johnson,San Antonio Spurs,[[0.31246728]],[0.77573814],[0.405],[0.4366925],[[1.1394305]],0.8403557200698958,0.37849992513656616,0.5565754175186157,0.8412885069847107,0.29
G.Dick,Toronto Raptors,[[1.8908827]],[2.04732618],[1.965],[1.981189],[[1.883249]],2.5608101830852408,2.295320510864258,2.0957839488983154,2.3214526176452637,2.14
F.Wagner,Orlando Magic,[[2.6071334]],[2.75696808],[3.6],[3.9030118],[[2.4447818]],3.08104285673786,2.319018602371216,2.736586332321167,2.9404401779174805,1.765
K.Caldwell-Pope,Orlando Magic,[[0.88620794]],[1.34636865],[0.8],[0.7183788],[[1.2759082]],0.7789268515890012,0.13744007050991058,0.46649467945098877,0.6920753121376038,0.3
A.Nesmith,Indiana Pacers,[[0.03458792]],[0.50891973],[0.615],[0.80387],[[1.0762019]],0.6767923268203557,0.18929575383663177,0.5044052004814148,0.618988573551178,0.26
T.McConnell,Indiana Pacers,[[0.]],[0.],[0.005],[0.06339414],[[0.8459279]],0.17558704538780898,0.0,0.01149787288159132,0.21445418894290924,0.0
J.Battle,Toronto Raptors,[[1.2193172]],[1.55991739],[1.74],[1.1136082],[[1.22565]],1.6134638718279382,1.5802909135818481,1.314782738685608,1.454405426979065,0.455
O.Anunoby,New York Knicks,[[1.1104375]],[1.14060836],[0.945],[0.90557724],[[1.7229897]],0.8543768312245622,0.586394190788269,0.7108151316642761,0.7700455784797668,0.98
B.Mathurin,Indiana Pacers,[[1.9484384]],[2.11522141],[2.36],[2.2503574],[[1.4027857]],1.494125142222877,1.6718509197235107,1.020835041999817,1.4100043773651123,1.015
K.George,Washington Wizards,[[0.5170305]],[1.11524848],[0.92],[0.8513953],[[0.7981255]],0.5392159832062211,0.03328538313508034,0.2675241529941559,0.5635995864868164,0.725
R.Holland,Detroit Pistons,[[0.13541064]],[0.65157256],[0.54],[0.6549995],[[0.70599955]],0.5065325710791259,0.0017159406561404467,0.25965240597724915,0.47387781739234924,0.2
B.Sheppard,Indiana Pacers,[[0.19070539]],[0.67302402],[0.19],[0.5316775],[[0.5821005]],1.1811597584401274,1.0070141553878784,1.1269519329071045,1.2106375694274902,1.16
A.Jackson,Milwaukee Bucks,[[0.03834853]],[0.03023523],[0.015],[0.03847428],[[0.3095342]],0.12975050920921535,0.00051865354180336,0.004229213111102581,0.10482882708311081,0.0
D.Wright,Milwaukee Bucks,[[0.01992231]],[0.2173228],[0.],[0.03972055],[[0.3614346]],0.405158821033308,0.0018778367666527629,0.27705127000808716,0.37875232100486755,0.275
A.Nembhard,Indiana Pacers,[[0.35634238]],[0.56469783],[0.18],[0.19901319],[[1.3032058]],0.38851917062731844,0.013028550893068314,0.27079519629478455,0.3721051812171936,0.275
P.Siakam,Indiana Pacers,[[1.8983572]],[1.85196898],[1.965],[2.052731],[[2.366277]],1.4220367572263315,1.3995640277862549,1.1628539562225342,1.2152750492095947,1.555
A.Black,Orlando Magic,[[0.22028656]],[0.58007438],[0.735],[0.8069074],[[1.5711454]],1.321634020614133,0.46223992109298706,1.02679443359375,1.1404701471328735,1.52
G.Vincent,Los Angeles Lakers,[[0.08049168]],[0.69313859],[0.695],[0.70054823],[[0.5966337]],0.6985786780722023,0.011428735218942165,0.5508519411087036,0.6732662916183472,0.785
J.Brunson,New York Knicks,[[1.7598116]],[1.72572541],[1.065],[1.126423],[[2.0341768]],1.5602087673153229,1.5456268787384033,1.1947532892227173,1.3050639629364014,0.59
S.Henderson,Portland Trail Blazers,[[1.0222944]],[1.27461188],[0.89],[0.7817075],[[1.7946672]],1.0874802272125756,0.7664414048194885,0.6775774359703064,0.8495833873748779,0.945
K.Murray,Portland Trail Blazers,[[0.17415416]],[0.83097323],[0.405],[0.3881052],[[0.7895509]],1.0927887980143505,0.6232006549835205,0.8003774285316467,0.9855030179023743,0.985
J.Walker,Portland Trail Blazers,[[0.02544857]],[0.29164043],[0.515],[0.45388624],[[0.60653526]],0.5672878489558948,0.0013638074742630124,0.2945118844509125,0.3080960214138031,0.415
R.Rupert,Portland Trail Blazers,[[0.]],[0.17763407],[0.03],[0.23786758],[[1.4057382]],0.30741720137663997,0.0,0.028260990977287292,0.12261702865362167,0.0
J.Smith,Houston Rockets,[[1.355992]],[1.38947683],[1.485],[1.5668561],[[1.7851317]],1.5737245419253547,1.8908406496047974,1.120710849761963,1.3507678508758545,1.65
A.Sengun,Houston Rockets,[[0.6264064]],[0.76282218],[0.215],[0.03582453],[[2.118161]],1.3004604692647819,1.2404323816299438,1.0326765775680542,1.0328139066696167,1.025
V.Wembanyama,San Antonio Spurs,[[1.9563626]],[1.83475861],[1.79],[1.6562548],[[2.051322]],1.5418669652924466,1.342450499534607,1.299009919166565,1.3517199754714966,1.15
J.Sochan,San Antonio Spurs,[[1.0187334]],[1.25529531],[0.435],[0.4934127],[[2.0284698]],0.5363896695644134,0.08035087585449219,0.3585647940635681,0.34360411763191223,0.33
H.Barnes,San Antonio Spurs,[[1.0201217]],[1.33603001],[1.59],[1.6226057],[[1.7266068]],1.5525677222738377,1.2624834775924683,1.2131158113479614,1.4269179105758667,0.63
C.Paul,San Antonio Spurs,[[1.0402739]],[1.15984201],[1.03],[1.2372987],[[1.5525905]],1.8597722530943008,1.5901869535446167,1.5267337560653687,1.7173672914505005,1.915
A.Simons,Portland Trail Blazers,[[2.5029602]],[2.45683047],[2.915],[3.1896803],[[2.0004227]],2.814986439219834,2.36938214302063,2.358245611190796,2.6016433238983154,1.53
D.Clingan,Portland Trail Blazers,[[0.]],[0.],[0.],[0.],[[0.9594054]],0.35110665752381076,0.0,0.013057400472462177,0.2142414003610611,0.0
D.Banton,Portland Trail Blazers,[[0.]],[0.],[0.065],[0.14074685],[[0.]],0.6818872342431604,0.0004055870231240988,0.4992215633392334,0.3947310149669647,0.47
K.Durant,Phoenix Suns,[[3.3437219]],[3.081418],[2.09],[1.8820273],[[2.5921192]],2.6870522943475095,2.486804723739624,2.416883945465088,2.2618961334228516,2.405
D.Powell,Dallas Mavericks,[[0.0293076]],[0.],[0.],[0.],[[0.]],0.24929706480603583,0.0006597540341317654,0.007875257171690464,0.10609366744756699,0.0
B.Williams,Dallas Mavericks,[[0.]],[0.],[0.],[0.],[[0.20399365]],0.07999944099528464,0.0,0.0,0.09776686131954193,0.0
A.Thompson,Houston Rockets,[[0.07824539]],[0.55907765],[0.6],[0.6232374],[[0.9842878]],0.8138542789067043,0.5266615152359009,0.5997300744056702,0.7182357907295227,0.815
S.Adams,Houston Rockets,[[0.]],[0.02601804],[0.],[0.00144964],[[0.74416906]],0.33509893911885036,0.0,0.009294254705309868,0.26052361726760864,0.0
T.Hendricks,Utah Jazz,[[0.5065368]],[1.09149492],[0.62],[0.19773205],[[1.2100817]],1.2041001879225388,0.45005762577056885,1.033532977104187,1.1171107292175293,0.53
T.Rozier,Miami Heat,[[2.740433]],[2.61368336],[3.74],[3.6836505],[[2.1086454]],3.658807152449928,3.6844959259033203,3.4353020191192627,3.6186487674713135,4.315
N.Vucevic,Chicago Bulls,[[2.1635153]],[2.31789733],[2.43],[2.3167014],[[2.256015]],3.062763691417831,2.877620220184326,2.825150728225708,2.834475517272949,3.31
Z.LaVine,Chicago Bulls,[[3.584983]],[3.50908794],[4.685],[4.8392053],[[2.389516]],4.303709442157595,4.0677056312561035,4.4656758308410645,3.9911720752716064,4.675
J.Jaquez,Miami Heat,[[0.6896321]],[0.91958427],[0.71],[0.57367766],[[1.6988395]],2.348785668681925,2.431976795196533,2.258680820465088,2.150343894958496,2.08
N.Queta,Boston Celtics,[[0.04643847]],[0.19722829],[0.015],[0.],[[0.]],0.22482358658549415,0.001803163904696703,0.0,0.3798084855079651,0.0
J.Springer,Boston Celtics,[[0.]],[0.],[0.],[0.00482744],[[0.]],0.15311076768261742,0.0010382486507296562,0.0,0.16373004019260406,0.0
T.Bryant,Miami Heat,[[0.81191486]],[1.0868487],[1.045],[0.98580796],[[1.1567564]],1.0669468184941295,0.9883972406387329,0.7048068046569824,0.9662143588066101,0.875
A.Burks,Miami Heat,[[0.39965308]],[0.78864778],[0.475],[0.61391175],[[0.9245813]],1.88024976555628,1.8127319812774658,1.4601483345031738,1.6223094463348389,0.61
J.Ivey,Detroit Pistons,[[2.0886662]],[2.08151225],[2.295],[2.1746056],[[2.2371104]],2.4844793835325714,2.015535593032837,1.9366775751113892,2.1362199783325195,3.455
J.Grant,Portland Trail Blazers,[[2.5006828]],[2.50424801],[3.115],[3.4586034],[[2.3917875]],3.5455529665564467,3.0356662273406982,2.8447484970092773,3.447324752807617,1.605
J.Allen,Cleveland Cavaliers,[[0.72830606]],[1.38645588],[0.07],[0.17943528],[[2.4377651]],0.34959926963476484,0.0006747525185346603,0.024901002645492554,0.13400955498218536,0.0
M.Beasley,Detroit Pistons,[[1.2801514]],[1.66972597],[1.6],[1.2941419],[[1.362375]],2.9946360239090715,2.4769372940063477,2.535127639770508,2.7643823623657227,1.515
C.LeVert,Cleveland Cavaliers,[[1.0911658]],[1.61526216],[1.35],[1.465702],[[2.1739433]],1.6017076820282241,1.028177261352539,1.3372294902801514,1.2826160192489624,0.57
C.Anthony,Orlando Magic,[[0.]],[0.54386389],[0.],[0.08870938],[[0.28847167]],0.5412841823522454,0.0005487005691975355,0.26297280192375183,0.5203948616981506,0.155
C.Carrington,Washington Wizards,[[0.98883915]],[1.31107922],[1.37],[1.3864808],[[1.3280504]],1.9400245697127085,1.907302737236023,1.6668304204940796,1.783158779144287,2.475
M.Bagley,Washington Wizards,[[0.]],[0.1267957],[0.38],[0.40489227],[[0.71687436]],0.29948195409011913,0.008786329999566078,0.0,0.22955676913261414,0.0
K.Kuzma,Washington Wizards,[[1.2776014]],[1.30354967],[1.145],[0.9672425],[[1.499542]],1.8946199675953703,1.9664151668548584,1.8555265665054321,1.6381347179412842,3.715
B.Coulibaly,Washington Wizards,[[1.5169263]],[1.73169826],[1.655],[1.6252732],[[1.9490325]],1.9198624704424063,1.933802843093872,1.6935081481933594,1.6967353820800781,1.245
W.Carter,Orlando Magic,[[0.88042754]],[0.92394389],[1.075],[1.135244],[[1.7424417]],0.8135205067806284,0.06021919474005699,0.5132308006286621,0.5755264759063721,0.305
D.Robinson,Miami Heat,[[0.51632786]],[1.1966068],[0.79],[1.0906333],[[0.4357414]],1.6514783795234913,1.5590318441390991,1.3321380615234375,1.3745135068893433,1.645
P.Banchero,Orlando Magic,[[3.0363526]],[2.94890067],[2.105],[2.2285092],[[2.6027303]],2.5175587286002252,1.8562016487121582,2.4559741020202637,1.9730323553085327,2.695
S.Aldama,Memphis Grizzlies,[[1.9103792]],[2.21324194],[2.27],[2.1987786],[[2.2272725]],2.724027671633617,2.818819046020508,2.3794052600860596,2.622408628463745,1.805
D.Bane,Memphis Grizzlies,[[2.4836]],[2.62982074],[3.135],[3.1040826],[[2.2767396]],3.2142915167987907,3.3475005626678467,3.0416512489318848,3.1844191551208496,4.535
T.Camara,Portland Trail Blazers,[[0.5616695]],[0.89119538],[0.93],[1.1145002],[[1.8385146]],1.5806491565948162,1.1616878509521484,1.1991199254989624,1.3241209983825684,0.52
J.Jackson,Memphis Grizzlies,[[0.5971509]],[1.11134395],[0.76],[1.0592477],[[1.4096857]],0.7751414228001582,0.374613881111145,0.5982312560081482,0.5540487766265869,0.795
Z.Edey,Memphis Grizzlies,[[0.]],[0.21803267],[0.035],[0.32867327],[[0.6163037]],0.48787593269980967,0.0018726837588474154,0.23362915217876434,0.38398277759552,0.185
D.Brooks,Houston Rockets,[[1.2660918]],[1.44752183],[1.365],[1.4665464],[[1.6282227]],2.052372754221349,2.3245348930358887,1.598742127418518,1.7671774625778198,1.34
S.Pippen,Memphis Grizzlies,[[0.56116384]],[0.9916545],[0.935],[1.1055815],[[2.0294538]],1.475018325352083,1.541524887084961,1.2994157075881958,1.2957127094268799,1.78
J.Huff,Memphis Grizzlies,[[2.1110613]],[2.45365309],[2.725],[2.7925498],[[2.051272]],2.795004346387937,3.0850648880004883,2.614969491958618,2.826845169067383,2.28
T.Eason,Houston Rockets,[[0.44840747]],[1.1944031],[1.14],[0.7478939],[[1.8773576]],1.084061164588087,0.9970841407775879,0.85223788022995,0.7765288352966309,0.43
P.Williams,Chicago Bulls,[[0.46666622]],[0.79456366],[0.915],[0.47665253],[[1.2530192]],1.5148896007324235,1.2612186670303345,1.1631959676742554,1.3114231824874878,0.83
A.Dosunmu,Chicago Bulls,[[0.5931993]],[0.88611921],[0.745],[0.91466814],[[1.1921657]],1.0370310032710761,0.6620178818702698,0.7296227812767029,0.9386577606201172,1.39
O.Prosper,Dallas Mavericks,[[0.]],[0.02372452],[0.],[0.],[[0.29359353]],0.0,0.0017077402444556355,0.007182678673416376,0.10127867758274078,0.0
K.Edwards,Dallas Mavericks,[[0.]],[0.0115538],[0.],[0.],[[0.25532344]],0.0,0.0012857739347964525,0.018529746681451797,0.07236935943365097,0.0
D.Reath,Portland Trail Blazers,[[0.09481821]],[0.06097955],[0.02],[0.10959923],[[0.48755097]],0.5597215336627438,0.000929797301068902,0.503075122833252,0.1277758628129959,0.635
J.Smith,Chicago Bulls,[[1.271914]],[2.02245335],[2.35],[2.336187],[[1.6662505]],2.3607620352001217,2.0959248542785645,2.3548808097839355,2.2034568786621094,2.465
M.Buzelis,Chicago Bulls,[[0.]],[0.89661545],[0.],[0.00537345],[[0.]],0.25957279325238125,0.0016681376146152616,0.016617953777313232,0.39823266863822937,0.0
D.Avdija,Portland Trail Blazers,[[0.5217919]],[0.7737612],[0.515],[0.671569],[[1.6984074]],0.5611447290368573,0.02358318120241165,0.2515370547771454,0.3402186930179596,0.24
M.Smart,Memphis Grizzlies,[[0.24592848]],[0.75273458],[0.855],[0.78629744],[[1.0722214]],0.9398321987771241,0.6328954100608826,0.7186999320983887,0.9529510736465454,0.28
A.Green,Milwaukee Bucks,[[1.0818619]],[1.41811265],[0.805],[0.84127504],[[1.013172]],1.4948247746233314,1.2910609245300293,1.3049638271331787,1.506535291671753,1.26
R.Rollins,Milwaukee Bucks,[[0.]],[0.],[0.],[0.],[[0.]],0.1439277621394449,0.0006930362433195114,0.0,0.09291304647922516,0.0
T.Smith,Milwaukee Bucks,[[0.13307548]],[0.4195215],[0.],[0.17019108],[[0.]],0.46267813850123773,0.02681424655020237,0.3258250653743744,0.3864312767982483,0.315
G.Antetokounmpo,Milwaukee Bucks,[[2.242072]],[2.29275548],[0.015],[0.08156259],[[2.484976]],0.22292257513171246,0.029594849795103073,0.0,0.20353589951992035,0.0
G.Trent,Milwaukee Bucks,[[2.190916]],[1.959117],[2.035],[2.0520613],[[1.5099411]],2.2234967609698337,2.064389705657959,1.8932502269744873,2.0774970054626465,1.93
D.Lillard,Milwaukee Bucks,[[3.822779]],[3.64265421],[3.835],[3.5881479],[[2.481915]],3.190109319200876,3.0173020362854004,2.1278204917907715,2.8742334842681885,2.6
B.Lopez,Milwaukee Bucks,[[1.3355371]],[1.37356754],[1.325],[1.4218885],[[1.7897863]],1.4284012790434748,1.3902355432510376,1.1070234775543213,1.3529088497161865,0.38
T.Prince,Milwaukee Bucks,[[1.5946207]],[1.41972999],[1.545],[1.5546249],[[1.7206316]],1.9874943691575175,1.9000693559646606,1.5406718254089355,1.853888988494873,1.39
C.White,Chicago Bulls,[[2.549288]],[2.59398286],[3.48],[3.221129],[[2.0442889]],3.283453896859201,3.093212127685547,3.3052830696105957,3.222018241882324,4.39
J.Giddey,Chicago Bulls,[[0.9363246]],[1.18808838],[1.02],[1.1115938],[[2.0394046]],1.8105108431713406,1.752962350845337,1.5994263887405396,1.5208789110183716,1.755
J.Poole,Washington Wizards,[[3.5233128]],[3.55491086],[4.45],[4.7385015],[[2.6461174]],5.5952631234403,5.530124664306641,5.73131799697876,4.8665971755981445,5.855
L.Ball,Chicago Bulls,[[1.340559]],[1.72865746],[0.995],[0.8907626],[[1.0278612]],1.676967753267559,1.5403748750686646,1.4524507522583008,1.5203170776367188,1.71
J.Phillips,Chicago Bulls,[[0.67590964]],[1.27229671],[0.93],[0.81236196],[[0.8049239]],1.3375309831571807,1.1215307712554932,1.062788963317871,1.2608057260513306,0.925
G.Allen,Phoenix Suns,[[1.7546232]],[1.91792284],[1.015],[1.0712612],[[1.1703393]],1.7631783934230771,1.8133978843688965,1.556203007698059,1.7133065462112427,1.365
M.Morris,Phoenix Suns,[[0.20640047]],[1.06892249],[0.55],[0.45903957],[[0.9366662]],0.9560145570293925,0.4727115333080292,0.903976559638977,0.9551366567611694,0.88
D.Ayton,Portland Trail Blazers,[[0.43655807]],[0.78316511],[0.105],[0.01598915],[[2.031459]],0.5735744796872382,0.0347413569688797,0.2823083698749542,0.26195207238197327,0.12
R.Hachimura,Los Angeles Lakers,[[1.4996288]],[1.53746165],[1.01],[0.9292327],[[2.2154925]],2.1923379612813467,1.9958134889602661,1.9919291734695435,1.9699467420578003,2.66
M.Christie,Los Angeles Lakers,[[0.75504714]],[1.17818429],[1.],[0.97843593],[[0.6586724]],0.7533472057909045,0.4145837724208832,0.6548046469688416,0.8531426191329956,0.855
T.Jones,Phoenix Suns,[[1.6867917]],[1.50696037],[1.745],[1.7631346],[[2.3073993]],1.7171377734791182,1.6877464056015015,1.5166314840316772,1.5516576766967773,1.285
J.Walker,Indiana Pacers,[[0.1065783]],[0.45895733],[0.165],[0.33475724],[[0.350157]],0.6990673486824963,0.32457029819488525,0.5395766496658325,0.7286645174026489,0.485
J.Mogbo,Toronto Raptors,[[0.]],[0.65374146],[0.6],[0.19321448],[[1.377224]],0.5645826152426914,0.0,0.2476777881383896,0.38300037384033203,0.165
D.Booker,Phoenix Suns,[[3.1910648]],[2.88973349],[3.365],[3.1466804],[[2.3683891]],3.4436201550240693,3.2072739601135254,2.746223211288452,3.3816027641296387,2.86
A.Sarr,Washington Wizards,[[0.554828]],[1.08690121],[0.92],[0.99692965],[[1.1851065]],1.2131020698269055,0.9609817266464233,0.9716423749923706,1.1346046924591064,1.03
I.Stewart,Detroit Pistons,[[0.]],[0.],[0.],[0.03356822],[[0.7339974]],0.222180753336615,0.0009291707538068295,0.0,0.2487291395664215,0.0
D.White,Boston Celtics,[[3.2333145]],[2.95023418],[3.965],[4.0457153],[[2.536736]],3.561560405292407,3.2110238075256348,3.0220556259155273,3.4623148441314697,2.925
J.Holiday,Boston Celtics,[[2.076254]],[1.95687304],[2.28],[2.0008242],[[1.9603629]],2.82935814058745,2.596278429031372,2.304443120956421,2.619631290435791,3.285
B.Adebayo,Miami Heat,[[0.42673957]],[0.5759964],[0.525],[0.40915263],[[1.7237978]],0.3000458424025477,0.0003639967180788517,0.0,0.16170600056648254,0.0
J.Butler,Miami Heat,[[1.1374303]],[1.33048057],[0.85],[0.79008424],[[2.420841]],0.633497293288425,0.0458439439535141,0.4561517834663391,0.33666476607322693,0.23
J.LaRavia,Memphis Grizzlies,[[0.41342962]],[0.91138426],[0.78],[0.9047376],[[1.4766892]],0.7455146912819534,0.5446614623069763,0.5379437208175659,0.5915298461914062,0.77
T.Herro,Miami Heat,[[2.3757503]],[2.28627862],[3.59],[4.075182],[[2.0641944]],2.9878265067217162,2.9461047649383545,2.4618449211120605,2.852910041809082,2.9
N.Jovic,Miami Heat,[[1.4828477]],[1.68099693],[1.96],[2.0975018],[[1.4964743]],2.021853058710779,2.0856528282165527,1.6453207731246948,1.8160243034362793,1.76
J.Wells,Memphis Grizzlies,[[0.15206437]],[0.76388972],[0.89],[1.1710391],[[0.8877957]],1.4581239172891638,1.4160268306732178,1.162461280822754,1.3572633266448975,1.035
J.Champagnie,San Antonio Spurs,[[2.0449681]],[2.08205189],[2.49],[2.706723],[[1.990362]],2.5540107082337626,2.134441375732422,2.3330414295196533,2.4903242588043213,1.68
D.Carton,Toronto Raptors,[[0.]],[0.10359108],[0.01],[0.0262065],[[0.02951451]],0.23336681976378706,0.0009156062733381987,0.0,0.47998470067977905,0.0
C.Cunningham,Detroit Pistons,[[2.9106135]],[2.54112165],[2.505],[2.4456074],[[2.4045386]],2.7423705340533995,2.2019171714782715,2.425461530685425,2.2289328575134277,3.31
T.Hardaway,Detroit Pistons,[[2.6190257]],[2.46680623],[2.775],[2.779667],[[1.9747549]],3.0492241415368433,2.5089030265808105,2.631633758544922,2.7884304523468018,2.835
M.Beauchamp,Milwaukee Bucks,[[0.03888218]],[0.56779682],[0.],[0.1098092],[[0.]],0.43172678154451694,0.18505626916885376,0.5120078325271606,0.39070215821266174,0.66
J.Duren,Detroit Pistons,[[0.25741762]],[0.59029216],[0.005],[0.11322836],[[2.2248883]],0.29472222531724435,0.0016601330135017633,0.0,0.16441486775875092,0.0
S.Fontecchio,Detroit Pistons,[[0.55226326]],[1.35209906],[0.86],[1.0049332],[[0.7152379]],1.4985545306200894,1.1327532529830933,1.0192283391952515,1.323760747909546,1.075
J.Brown,Boston Celtics,[[2.6849673]],[2.54459179],[2.18],[2.354582],[[2.133117]],2.9997420247667983,2.876099109649658,2.147385358810425,2.547020673751831,1.075
J.Tatum,Boston Celtics,[[4.0529485]],[3.89755573],[5.01],[4.4853144],[[2.7759616]],4.769209287126705,4.588665008544922,3.872530698776245,4.356010913848877,3.17
A.Horford,Boston Celtics,[[1.8356382]],[1.92502103],[1.72],[1.7879397],[[2.0508127]],2.8191623897828935,2.4937844276428223,2.4186928272247314,2.48547625541687,2.38
P.Pritchard,Boston Celtics,[[3.352792]],[3.42071261],[4.36],[4.884472],[[2.2677152]],5.086570353518584,4.888407230377197,5.850407123565674,4.6278605461120605,6.315
C.Kispert,Washington Wizards,[[1.7164273]],[1.95029698],[1.945],[1.8704064],[[1.5077422]],2.2602749083205507,2.0912933349609375,1.9558361768722534,2.0665833950042725,3.42
X.Tillman,Boston Celtics,[[0.4804597]],[1.02585536],[0.94],[0.9815796],[[0.65157884]],1.04040691305899,0.6681786775588989,0.7290065288543701,0.9398604035377502,0.275
B.Portis,Milwaukee Bucks,[[0.18934946]],[0.7046563],[0.415],[0.3757436],[[1.4962152]],0.9428782040672399,0.6771070957183838,0.8377878069877625,0.8941105008125305,0.385
P.Connaughton,Milwaukee Bucks,[[1.3805879]],[1.30266932],[1.01],[1.0963627],[[0.7691799]],1.2596685159946914,1.2439253330230713,1.0234174728393555,1.302690863609314,1.085
B.Clarke,Memphis Grizzlies,[[0.02799284]],[0.05681251],[0.02],[0.10951582],[[0.26771128]],0.18601968171340869,0.0013479581102728844,0.0077933045104146,0.3254922926425934,0.0
T.Harris,Detroit Pistons,[[0.84400064]],[0.86829613],[0.625],[0.75428283],[[1.5913618]],0.9682529474744714,0.23483607172966003,0.722094714641571,0.9154258966445923,0.29
D.Terry,Chicago Bulls,[[0.]],[0.],[0.],[0.],[[0.43014294]],0.24647016278912967,0.0007018893957138062,0.0,0.441633015871048,0.0
A.Coffey,Los Angeles Clippers,[[0.74608886]],[1.04089735],[1.19],[1.3818592],[[1.6553141]],1.2360813035418656,1.1778285503387451,0.9310755133628845,1.1429234743118286,0.93
A.Mitchell,Oklahoma City Thunder,[[0.]],[0.],[0.01],[0.01580886],[[0.27148578]],0.11338135318688994,0.0014811042929068208,0.0,0.21261970698833466,0.0
O.Dieng,Oklahoma City Thunder,[[0.8600879]],[1.50836823],[1.525],[1.0518965],[[1.1039563]],1.2289680299494161,1.1031359434127808,1.043954849243164,1.2412314414978027,1.13
A.Flagler,Oklahoma City Thunder,[[1.5145248]],[0.90761156],[0.],[0.5063743],[[0.83371425]],0.9474327761260055,0.8995356559753418,0.881841242313385,0.7168346643447876,0.975
A.Reese,Oklahoma City Thunder,[[0.]],[0.],[0.],[0.00053493],[[0.7500564]],0.30304324501195823,0.05563794821500778,0.0027761717792600393,0.2624879479408264,0.0
A.Ducas,Oklahoma City Thunder,[[0.]],[0.03884755],[0.],[0.00452621],[[0.11427796]],0.09210936646062809,0.0008238095324486494,0.0,0.05693165957927704,0.0
B.Simmons,Brooklyn Nets,[[0.]],[0.],[0.015],[0.02659629],[[1.2263072]],0.2051790801060304,0.0012377946404740214,0.011906733736395836,0.22033649682998657,0.0
K.Porter,Los Angeles Clippers,[[0.]],[0.57772003],[0.12],[0.33813128],[[0.26722828]],0.5614767336991386,0.0024424437433481216,0.30094006657600403,0.6848174333572388,0.625
T.Maxey,Philadelphia 76ers,[[3.8232481]],[3.26894539],[3.22],[2.8395972],[[2.2536192]],3.3544062228302156,3.120964288711548,3.8729891777038574,2.6103501319885254,4.375
K.Oubre,Philadelphia 76ers,[[1.9457586]],[1.99919066],[1.7],[1.4130085],[[1.8893925]],1.6516724155315463,1.5113428831100464,1.258062720298767,1.3326934576034546,0.895
A.Reeves,New Orleans Pelicans,[[0.57284325]],[0.07518434],[0.],[0.],[[0.26209125]],0.1378669592313355,0.13755938410758972,0.0,0.28702646493911743,0.0
A.Caruso,Oklahoma City Thunder,[[0.22737907]],[0.62451585],[0.],[0.03567247],[[1.2840105]],0.4593470638455617,0.001539757358841598,0.29901114106178284,0.5006417036056519,0.23
S.Gilgeous-Alexander,Oklahoma City Thunder,[[3.3023388]],[3.33262692],[2.59],[2.4761794],[[2.8515403]],2.507956509241093,2.23193097114563,2.152827501296997,2.0917623043060303,2.765
J.Williams,Oklahoma City Thunder,[[1.5582772]],[1.55714766],[0.99],[0.9260831],[[2.0296433]],1.187185624117231,0.9922836422920227,0.9373174905776978,1.0630398988723755,0.41
G.Yabusele,Philadelphia 76ers,[[0.12970969]],[0.63735199],[0.6],[0.6286387],[[1.1827941]],0.649137707613257,0.028530335053801537,0.3008832037448883,0.4622240662574768,0.285
C.Martin,Philadelphia 76ers,[[0.72071064]],[0.78378501],[0.39],[0.1441896],[[1.6553234]],0.6546208160654504,0.06335729360580444,0.4801236391067505,0.39498379826545715,0.855
A.Drummond,Philadelphia 76ers,[[0.00084309]],[0.14907424],[0.005],[0.02249415],[[1.5747509]],0.331170125031388,0.0,0.008230965584516525,0.1711525022983551,0.0
I.Zubac,Los Angeles Clippers,[[1.4851164]],[1.57668197],[0.005],[0.04253732],[[2.5350451]],0.20929303754228853,0.011907083913683891,0.025083813816308975,0.1866457164287567,0.0
I.Joe,Oklahoma City Thunder,[[1.0491962]],[1.64775687],[1.875],[1.695596],[[0.8156079]],1.892774442940987,1.6346455812454224,1.648065447807312,1.8030294179916382,1.95
K.Martin,Philadelphia 76ers,[[0.02665558]],[0.],[0.06],[0.19470006],[[1.2027563]],0.7433272239337644,0.05993494763970375,0.6773806810379028,0.48989325761795044,0.795
J.McCain,Philadelphia 76ers,[[0.01141728]],[0.12208822],[0.095],[0.16842447],[[0.59671664]],0.319737212682753,0.0012353284982964396,0.04593892768025398,0.18069401383399963,0.0
C.Wallace,Oklahoma City Thunder,[[0.20594442]],[0.56794722],[0.305],[0.43343174],[[1.4759711]],0.4893122827043609,0.003827029839158058,0.303497850894928,0.45569634437561035,0.715
N.Batum,Los Angeles Clippers,[[0.23128311]],[0.75340499],[0.78],[0.064067],[[1.2716787]],0.5330154247221573,0.050590161234140396,0.47391384840011597,0.5085233449935913,0.785
K.Matkovic,New Orleans Pelicans,[[0.]],[0.],[0.],[0.01402755],[[0.4038923]],0.3589344940108765,0.0,0.015150930732488632,0.024728137999773026,0.0
E.Gordon,Philadelphia 76ers,[[0.47843963]],[1.13667474],[1.09],[1.3426647],[[1.3169485]],1.331464494460696,0.9692184925079346,1.0079288482666016,1.127873182296753,1.44
J.Harden,Los Angeles Clippers,[[3.2183678]],[2.63514108],[2.675],[2.3478537],[[2.5148678]],1.8850878776486504,1.7768962383270264,1.5549601316452026,1.5698661804199219,2.2
D.Jones,Oklahoma City Thunder,[[0.]],[0.],[0.],[0.00425158],[[0.]],0.08809118643486269,0.0013748855562880635,0.0,0.0,0.0
N.Powell,Los Angeles Clippers,[[3.251458]],[3.14347819],[3.635],[3.2975307],[[2.5731738]],3.5308983978210873,3.2490780353546143,3.480990171432495,3.437976121902466,2.525
L.Dort,Oklahoma City Thunder,[[1.5074434]],[1.67818515],[1.765],[1.8749137],[[1.6920736]],1.8985154483819369,1.632803201675415,1.7384968996047974,1.7756597995758057,3.215
A.Wiggins,Oklahoma City Thunder,[[0.6399769]],[1.40912124],[0.98],[0.9100862],[[1.7247227]],0.919408707364052,0.6611804962158203,0.6449834108352661,0.7700151801109314,0.895
D.Jones,Los Angeles Clippers,[[1.9347965]],[1.80359862],[2.075],[2.0370548],[[2.2027073]],2.2601103941264307,2.1677958965301514,2.0153543949127197,2.1233465671539307,2.575
T.Mann,Los Angeles Clippers,[[0.01722788]],[0.08736862],[0.05],[0.10333993],[[0.8628008]],0.13871991444493123,0.0,0.002165671670809388,0.2615427076816559,0.0
K.Dunn,Los Angeles Clippers,[[1.464433]],[1.69519601],[1.23],[1.6345832],[[2.055636]],1.581794130884617,1.564041018486023,1.347069501876831,1.4401030540466309,0.87
C.Holmgren,Oklahoma City Thunder,[[2.7008374]],[2.71116755],[2.95],[2.6795738],[[2.7096407]],1.2009083206509361,0.9857960939407349,1.1034380197525024,0.9065627455711365,2.205
K.Lowry,Philadelphia 76ers,[[2.9058187]],[2.53978012],[2.88],[2.9725664],[[2.1222446]],3.09448888445611,2.86344575881958,2.848398208618164,2.9065351486206055,2.34
S.Curry,Golden State Warriors,[[2.7609186]],[2.80037558],[3.97],[3.6162834],[[2.4111192]],3.970913167422013,3.809154748916626,4.064509391784668,4.090747356414795,4.085
D.Whitehead,Brooklyn Nets,[[0.]],[0.],[0.],[0.],[[0.22763227]],0.1148029765913142,0.0033202660270035267,0.01160369161516428,0.15114672482013702,0.0
D.Melton,Golden State Warriors,[[0.901352]],[1.54209005],[1.795],[1.7657626],[[0.9576977]],1.628746923119001,1.4244060516357422,1.275316834449768,1.4747123718261719,1.765
A.Johnson,Milwaukee Bucks,[[0.]],[0.],[0.],[0.],[[0.]],0.18373057834455472,0.0005113659426569939,0.0,0.2709086835384369,0.0
K.Jones,Los Angeles Clippers,[[0.]],[0.],[0.],[0.],[[0.2921632]],0.14282801923992608,0.00022260635159909725,0.0060559287667274475,0.1318996250629425,0.0
J.Martin,Brooklyn Nets,[[3.7478456]],[1.19695121],[1.],[1.002498],[[1.0559647]],1.4182403911447994,1.965964674949646,1.0575405359268188,1.2144893407821655,1.0
Y.Cui,Brooklyn Nets,[[0.]],[0.],[0.],[0.00814193],[[0.]],0.3159667312477221,0.0010745413601398468,0.015467606484889984,0.16300441324710846,0.0
A.Wiggins,Golden State Warriors,[[2.469652]],[2.79387256],[3.38],[3.3633347],[[2.450759]],3.9824695261222725,3.8121159076690674,4.289778232574463,4.087928771972656,4.57
J.Gortman,Dallas Mavericks,[[0.]],[0.0801639],[0.],[0.],[[0.24949153]],0.16403464998769782,0.002782665891572833,0.0,0.1365659534931183,0.0
M.McClung,Orlando Magic,[[0.]],[0.07637374],[0.],[0.00069369],[[0.]],0.2298500376972549,0.0,0.022905118763446808,0.0,0.0
Y.Kawamura,Memphis Grizzlies,[[0.]],[0.56854895],[0.],[0.03670862],[[0.12621997]],0.21956022680589996,0.0,0.0,0.3426050543785095,0.0
T.Horton-Tucker,Chicago Bulls,[[0.]],[0.],[0.],[0.],[[0.]],0.23503352947943865,0.0009467366617172956,0.005710976663976908,0.353890061378479,0.0
C.Duarte,Chicago Bulls,[[3.7111928]],[1.51167936],[1.],[1.0049528],[[1.1446537]],1.51637006490139,1.8469653129577637,1.0612925291061401,1.3234312534332275,0.995
N.Richards,Charlotte Hornets,[[0.02028014]],[0.2371213],[0.095],[0.09856664],[[1.7404155]],0.3607655541911011,0.0008923893328756094,0.0,0.06945208460092545,0.0
J.Carter,Chicago Bulls,[[0.36579543]],[1.90329817],[0.],[0.00072381],[[0.3348368]],0.2404889987462264,0.0,0.015998616814613342,0.0,0.0
J.Morant,Memphis Grizzlies,[[1.4811789]],[1.72490597],[1.865],[1.6174226],[[1.8249065]],0.908976425026595,0.779342532157898,0.3972528576850891,0.649684727191925,0.395
T.Mann,Charlotte Hornets,[[1.9258744]],[1.97598815],[2.585],[2.5869284],[[1.9639587]],3.0173873804080387,2.931577444076538,2.808292865753174,2.6967203617095947,2.415
O.Ighodaro,Phoenix Suns,[[0.02969605]],[0.],[0.],[0.],[[0.]],0.15723973475703387,0.001293037086725235,0.010021697729825974,0.2338024228811264,0.0
T.Queen,Orlando Magic,[[0.]],[0.],[0.],[0.],[[0.14785382]],0.12420783235244284,0.0004632433410733938,0.030245445668697357,0.03208508342504501,0.0
D.Smith,Miami Heat,[[0.]],[0.],[0.],[0.],[[0.]],0.22408637854809135,0.0009935165289789438,0.01170414686203003,0.12437807023525238,0.0
V.Micic,Charlotte Hornets,[[0.]],[0.11629285],[0.01],[0.0219198],[[0.23489828]],0.6060685813631522,0.0014079747488722205,0.3510393798351288,0.5798965096473694,0.18
C.Gillespie,Phoenix Suns,[[0.4184038]],[0.68205344],[0.97],[0.9917944],[[0.70965904]],1.1748973074627973,1.1949172019958496,1.03265380859375,1.218788981437683,1.04
C.Joseph,Orlando Magic,[[0.94144213]],[1.15028103],[0.],[0.33815587],[[0.]],0.9179330378225734,0.36684951186180115,0.7578935027122498,0.7363594770431519,0.85
J.Butler,Washington Wizards,[[0.00704132]],[0.4801882],[0.575],[0.6710812],[[1.4944452]],0.7648624597832663,0.3657211661338806,0.5413564443588257,0.6123436093330383,0.785
J.Davis,Washington Wizards,[[0.]],[0.59154172],[0.],[0.],[[0.]],0.18441857411651572,0.0,0.008423171937465668,0.37189820408821106,0.0
C.Martin,Charlotte Hornets,[[0.9498285]],[1.28638663],[1.31],[1.6019202],[[1.3130677]],1.6877313393108369,1.4838472604751587,1.4199892282485962,1.3500667810440063,1.675
P.Baldwin,Washington Wizards,[[0.]],[0.27452761],[0.075],[0.04445341],[[0.5941271]],0.7602167075563593,0.2745625376701355,0.5449908375740051,0.7450073957443237,0.255
J.Tyson,Cleveland Cavaliers,[[0.26752684]],[0.83111966],[0.],[0.25411806],[[0.]],1.000283663572908,0.4825562536716461,1.1213634014129639,0.9616323113441467,1.055
T.Thompson,Cleveland Cavaliers,[[0.01767937]],[0.],[0.],[0.],[[0.]],0.2350007345652624,0.0024963319301605225,0.014927214942872524,0.3370499014854431,0.0
C.Porter,Cleveland Cavaliers,[[0.05751483]],[0.0098338],[0.015],[0.02828482],[[0.24316595]],0.21710715180475368,0.0022501186467707157,0.026301730424165726,0.10610735416412354,0.0
D.Lee,Phoenix Suns,[[0.25270408]],[0.95113855],[0.],[0.],[[0.662719]],0.18120293606103402,0.0014637344283983111,0.0,0.3302578628063202,0.0
G.Bitadze,Orlando Magic,[[0.04672991]],[0.27925305],[0.05],[0.23608352],[[0.]],0.3334528726679796,0.00012517813593149185,0.009965966455638409,0.32957565784454346,0.0
C.Houstan,Orlando Magic,[[0.24234174]],[0.88557624],[0.725],[0.47905478],[[0.3235474]],1.311881428662237,0.5130883455276489,1.3169752359390259,1.3557783365249634,1.275
M.Bridges,Charlotte Hornets,[[1.8449854]],[1.94704033],[1.845],[1.9351557],[[1.9432907]],2.00541091562807,1.9211965799331665,1.6904106140136719,1.5215890407562256,1.775
L.Ball,Charlotte Hornets,[[4.3482623]],[4.16515716],[4.78],[4.474793],[[2.6650097]],5.330804012822291,5.483216285705566,4.6067891120910645,4.62685489654541,3.645
M.Diabate,Charlotte Hornets,[[0.]],[0.],[0.],[0.1214421],[[0.3627425]],0.34741580703917363,0.0017570824129506946,0.009355003945529461,0.18721173703670502,0.0
T.Salaun,Charlotte Hornets,[[0.04392549]],[0.18842443],[0.],[0.],[[0.]],0.2755907833015804,0.0008248486556112766,0.004329269286245108,0.1258251965045929,0.0
J.Landale,Houston Rockets,[[0.]],[0.16792196],[0.1],[0.0804866],[[1.0041548]],0.6552692610390562,0.08733290433883667,0.5012246370315552,0.3915773630142212,0.65
S.Curry,Charlotte Hornets,[[1.8138912]],[1.81935085],[1.975],[2.3111627],[[1.8255091]],3.0427774418229743,2.9182093143463135,3.0445640087127686,2.7060446739196777,3.23
G.Williams,Charlotte Hornets,[[1.5676856]],[1.6969439],[1.82],[1.7809203],[[1.4993861]],2.374195843870249,2.237870454788208,1.971750020980835,2.0191383361816406,1.98
B.Fernando,Toronto Raptors,[[0.]],[0.],[0.04],[0.],[[0.20951475]],0.2969050162395559,0.0,0.008212914690375328,0.32711318135261536,0.0
M.Kleber,Dallas Mavericks,[[0.13790575]],[0.37829703],[0.],[0.08700528],[[0.6942712]],0.8064421990968272,0.09489654749631882,0.6192418336868286,0.6246545314788818,0.355
W.Moore,Detroit Pistons,[[0.]],[0.00982536],[0.],[0.00236832],[[0.20592338]],0.0,0.0006158689502626657,0.006437491159886122,0.09965056926012039,0.0
G.Temple,Toronto Raptors,[[0.0558598]],[0.19293303],[0.02],[0.1096264],[[0.]],0.24867524241020403,0.00040074787102639675,0.0056750657968223095,0.18809887766838074,0.0
P.Dadiet,New York Knicks,[[0.]],[0.18296042],[0.],[0.],[[0.]],0.6546494420977496,0.012173029594123363,0.6592830419540405,0.5642715692520142,0.325
T.Kolek,New York Knicks,[[0.05828012]],[0.19382281],[0.09],[0.20850067],[[0.]],0.8116458079913695,0.5557639002799988,0.5786957740783691,0.9349189400672913,0.67
Q.Jackson,Indiana Pacers,[[0.9435561]],[1.48734435],[0.],[0.],[[1.1672494]],0.21637939452008673,0.07229768484830856,0.038010116666555405,0.2852063477039337,0.0
J.Konchar,Memphis Grizzlies,[[3.6934197]],[2.34296608],[2.03],[2.0117805],[[1.6862307]],1.8952997072101117,2.4780664443969727,1.4047147035598755,1.9187477827072144,1.8
J.Toppin,New York Knicks,[[0.]],[0.],[0.],[0.0007014],[[0.08024656]],0.08676693265099944,0.0005773664452135563,0.008573265746235847,0.04250551015138626,0.0
R.Council,Philadelphia 76ers,[[0.09998503]],[0.86206194],[0.71],[0.767353],[[0.]],0.8544121328241849,0.09993728995323181,0.5774458050727844,0.7943249940872192,0.275
J.Williams,Houston Rockets,[[3.8611972]],[1.39676251],[1.],[1.0041382],[[1.0989609]],1.3372988418452845,2.0650737285614014,1.0097771883010864,1.2229948043823242,1.035
A.Holiday,Houston Rockets,[[0.01393831]],[1.38834569],[0.],[0.],[[0.]],0.2156275960037529,0.0006185516249388456,0.0,0.17975324392318726,0.0
J.Johnson,Indiana Pacers,[[0.]],[0.],[0.],[0.],[[0.76491994]],0.2794250220796112,0.044552166014909744,0.02751658856868744,0.460782527923584,0.0
M.Sasser,Detroit Pistons,[[0.]],[0.],[0.],[0.],[[0.76289064]],0.2830954962298464,0.0,0.0,0.0,0.0
J.Green,Charlotte Hornets,[[0.6207159]],[1.0604301],[0.99],[0.9680395],[[1.2460676]],1.2922433646581675,0.950035035610199,0.9696558117866516,1.0597478151321411,0.97
A.Bona,Philadelphia 76ers,[[0.]],[0.],[0.],[0.],[[0.]],0.34536162764200073,0.0013572156894952059,0.011071590706706047,0.1771618127822876,0.0
R.Jackson,Philadelphia 76ers,[[0.]],[0.],[0.],[0.],[[0.15115741]],0.08614429683763744,0.00305983517318964,0.01263557281345129,0.11942028254270554,0.0
E.Freeman,Indiana Pacers,[[0.]],[0.],[0.],[0.00946558],[[0.]],0.2527556467220221,0.0,0.001271181390620768,0.4291170537471771,0.0
J.Furphy,Indiana Pacers,[[0.]],[0.],[0.005],[0.05161405],[[0.14428455]],0.11406197510903862,0.0,0.0,0.18974491953849792,0.0
J.Tate,Houston Rockets,[[0.]],[0.01451054],[0.],[0.],[[0.]],0.2096738339334457,0.0,0.05833360552787781,0.0,0.0
P.Reed,Detroit Pistons,[[0.]],[0.],[0.],[0.],[[0.]],0.13918687831936535,0.0,0.006437491159886122,0.21115219593048096,0.0
D.Jenkins,Detroit Pistons,[[0.]],[0.00126694],[0.],[0.00096365],[[0.14545034]],0.10416887116707896,0.0,0.0,0.08992161601781845,0.0
T.Jones,San Antonio Spurs,[[0.]],[0.],[0.],[0.],[[0.9790549]],0.13715511602304312,0.0008776865433901548,0.007813869044184685,0.15086224675178528,0.0
T.Alexander,Denver Nuggets,[[0.]],[0.01026209],[0.],[0.],[[0.23585549]],0.0,0.0006231272127479315,0.023836743086576462,0.09332460165023804,0.0
H.Tyson,Denver Nuggets,[[0.]],[0.07070029],[0.],[0.],[[0.00142831]],0.10213789019493047,0.0,0.0,0.04493995010852814,0.0
J.Champagnie,Washington Wizards,[[0.]],[0.0002528],[0.],[0.00048638],[[0.]],0.20738900185771383,0.0010011931881308556,0.003223808715119958,0.0,0.0
V.Cancar,Denver Nuggets,[[0.]],[0.00955064],[0.],[0.00236832],[[0.20658533]],0.0,0.0005753356963396072,0.023836743086576462,0.10428418219089508,0.0
S.Mamukelashvili,San Antonio Spurs,[[0.]],[0.],[0.],[0.],[[0.01861369]],0.1495565450914154,0.0016413349658250809,0.009367089718580246,0.0,0.0
C.Bassey,San Antonio Spurs,[[0.]],[0.08420988],[0.],[0.],[[0.69357914]],0.11212608431678026,0.001522598322480917,0.009154015220701694,0.0,0.0
Z.Nnaji,Denver Nuggets,[[0.]],[0.],[0.],[0.],[[0.08582383]],0.10922389023191134,0.0,0.0,0.07115410268306732,0.0
A.Gill,Washington Wizards,[[0.]],[0.58964435],[0.],[0.00244098],[[0.625745]],0.10106179860741882,0.0,0.011418321169912815,0.24388377368450165,0.0
J.Davison,Boston Celtics,[[0.]],[0.40458234],[0.],[0.0056082],[[0.03489225]],0.3100853733738721,0.0013869795948266983,0.0,0.3643593192100525,0.0
J.Pickett,Denver Nuggets,[[0.]],[0.0029325],[0.],[0.],[[0.09175255]],0.10907570811268594,0.0,0.0,0.07285702228546143,0.0
U.Chomche,Toronto Raptors,[[0.]],[0.06297852],[0.],[0.],[[0.]],0.4281444511848168,0.009533201344311237,0.0013729094062000513,0.411538690328598,0.0
P.Larsson,Miami Heat,[[0.]],[0.09108499],[0.],[0.],[[0.44135997]],0.43988593265423515,0.013785849325358868,0.017593737691640854,0.5875049829483032,0.0
T.Da,Orlando Magic,[[0.]],[0.03414776],[0.],[0.],[[0.11598265]],0.1637411933901509,0.0,0.011985311284661293,0.1698126196861267,0.0
K.Ware,Miami Heat,[[0.]],[0.],[0.],[0.],[[0.11089851]],0.14116432847657498,0.00033086701296269894,0.0,0.18497496843338013,0.0
J.Isaac,Orlando Magic,[[0.1321679]],[0.67530261],[0.97],[1.0026932],[[0.7461324]],1.281537194299965,0.3617402911186218,1.1167560815811157,1.0368186235427856,1.17
J.Wiseman,Indiana Pacers,[[0.09287643]],[0.08989159],[0.22],[0.01745582],[[0.21576782]],0.2612660303437412,0.01573905535042286,0.0013950248248875141,0.20370492339134216,0.0
L.Quinones,Philadelphia 76ers,[[0.25483948]],[1.37110054],[0.],[0.01212207],[[0.]],0.2775345159258219,0.0007044330704957247,0.0,0.10052356123924255,0.0
B.Miller,Charlotte Hornets,[[0.49959636]],[1.13768853],[1.02],[1.0198513],[[1.2531868]],1.3947161351930775,1.0922702550888062,1.1111482381820679,1.1220463514328003,1.05
I.Quickley,Toronto Raptors,[[0.95291287]],[1.50532576],[2.005],[1.9924853],[[1.6375544]],2.3494536979359824,2.21905517578125,2.160050630569458,2.113333225250244,2.0
D.Murray,New Orleans Pelicans,[[0.5513288]],[0.63904206],[0.06],[0.0451148],[[1.6412818]],0.3408745604822617,0.0,0.0,0.18769745528697968,0.0
J.Dowtin,Philadelphia 76ers,[[0.]],[0.02501961],[0.],[0.],[[0.27798098]],0.0,0.0016575916670262814,0.01878635212779045,0.10639283806085587,0.0
B.James,Los Angeles Lakers,[[0.]],[0.],[0.],[0.00285044],[[0.00790283]],0.008130520474904784,0.0008658275473862886,0.0,0.22035625576972961,0.0
S.Hauser,Boston Celtics,[[1.417557]],[1.6864881],[1.98],[2.0245717],[[0.91048855]],2.308440062950481,2.0919113159179688,1.896785020828247,1.964097499847412,1.98
