PlayerName,PlayerTeam,PlayerPredictions_DNN_Fg3,PlayerPredictions_MLP_Fg3,PlayerPredictions_RF_Fg3,PlayerPredictions_XGB_Fg3,PlayerPredictions_LSTM_Fg3,PlayerPredictions_MLP_window_Fg3,PlayerPredictions_DNN_window_Fg3,PlayerPredictions_XGB_window_Fg3,PlayerPredictions_LSTM_window_Fg3,PlayerPredictions_RF_window_Fg3
J.Brunson,New York Knicks,[[1.4105344]],[1.94349595],[1.515],[1.756015],[[2.4312036]],2.7278548173051846,2.3528685569763184,3.203143835067749,2.6315805912017822,4.535
A.Thompson,Houston Rockets,[[0.21885741]],[0.57596861],[0.565],[0.5355377],[[0.7478238]],0.736079491008339,0.0006174924783408,0.407732754945755,0.4024921059608459,0.325
J.Kuminga,Golden State Warriors,[[0.23660262]],[0.76472366],[0.655],[0.7472437],[[0.9720439]],0.5744856384027074,0.0023966422304511,0.434175431728363,0.3761962652206421,0.195
B.Hield,Golden State Warriors,[[4.113512]],[3.60479741],[4.05],[4.4058127],[[3.0691164]],5.0525177881335965,4.785676002502441,4.9473395347595215,5.0870466232299805,4.65
S.Curry,Golden State Warriors,[[4.0263467]],[3.48535908],[3.955],[4.002576],[[2.948164]],4.020082117982713,3.660821199417114,3.974135637283325,4.44062614440918,3.885
D.Green,Golden State Warriors,[[0.73318875]],[1.00492051],[0.27],[0.6251548],[[0.944188]],1.4438633361940156,1.0336333513259888,1.209972262382507,1.3099666833877563,2.15
D.Brooks,Houston Rockets,[[1.4503429]],[2.10094389],[1.38],[1.3441805],[[1.1974369]],2.080135345046377,2.044635534286499,1.8482731580734253,1.737847089767456,2.015
F.VanVleet,Houston Rockets,[[2.5978718]],[2.68469606],[2.505],[2.3869252],[[1.4268776]],3.0775608451970444,2.9791269302368164,1.6560070514678955,2.649487972259521,0.875
L.Waters,Golden State Warriors,[[1.2596723]],[1.49964289],[1.965],[1.2355839],[[1.1418984]],1.998937780591601,1.462031602859497,1.729646921157837,1.8564980030059812,1.64
T.Jackson-Davis,Golden State Warriors,[[0.]],[0.],[0.],[0.03857926],[[1.1897886]],0.3744578763427438,0.0015833089128136,0.0050228717736899,0.0482576377689838,0.0
K.Looney,Golden State Warriors,[[0.04771182]],[0.],[0.],[0.],[[0.65317386]],0.2950547728222059,0.0013154558837413,0.0037922067567706,0.0110051864758133,0.0
J.Sims,New York Knicks,[[0.03225966]],[0.],[0.],[0.],[[0.22554733]],0.3925205165082125,0.0005610201042145,0.0055925250053405,0.0,0.0
A.Sengun,Houston Rockets,[[0.]],[0.38084824],[0.135],[0.3105003],[[1.7484889]],1.0637554314350115,0.4040195345878601,0.7571489810943604,0.7996586561203003,0.39
K.Anderson,Golden State Warriors,[[0.1490188]],[0.48523768],[0.],[0.16740403],[[0.6367609]],0.6883950585249662,0.0016162556130439,0.4294998347759247,0.3021524250507355,0.535
J.Green,Houston Rockets,[[3.5722075]],[3.43477416],[3.8],[3.6180718],[[2.8434615]],4.566829363506683,4.563336372375488,4.167839527130127,4.578042507171631,3.75
M.Bridges,New York Knicks,[[2.485743]],[2.3101705],[2.46],[2.4819584],[[2.0915666]],2.5906975488131394,2.075653553009033,2.467813491821289,2.363632678985596,2.81
K.Towns,New York Knicks,[[1.1802131]],[1.86500231],[1.635],[1.5959798],[[2.743449]],2.4123696260038416,1.887016773223877,2.5451033115386963,2.237689018249512,2.84
J.Smith,Houston Rockets,[[1.5224917]],[1.78598335],[1.865],[1.821383],[[1.2673466]],1.5242520989217336,1.2652195692062378,1.1912739276885986,1.2631535530090332,1.105
G.Payton,Golden State Warriors,[[0.10861608]],[0.46633689],[0.18],[0.26182267],[[0.566681]],0.5530395305161865,0.001695470069535,0.2571443915367126,0.153845727443695,0.34
B.Podziemski,Golden State Warriors,[[1.259467]],[1.59298874],[1.235],[1.1173695],[[1.0128361]],1.3466894175317026,0.9863820672035216,1.0200390815734863,1.2675957679748535,1.5
P.Spencer,Golden State Warriors,[[0.04117055]],[0.],[0.],[0.01522853],[[0.26021412]],0.346682957244101,0.0,0.0045088664628565,0.0,0.0
T.Eason,Houston Rockets,[[0.7250023]],[1.18736247],[1.255],[1.1667633],[[1.370046]],1.2467547210163803,0.6914021968841553,1.001709222793579,0.8920340538024902,0.92
A.Holiday,Houston Rockets,[[0.34956482]],[0.7648839],[0.77],[0.58375293],[[0.37874606]],1.019122146275657,0.4411865174770355,0.7549612522125244,0.571479082107544,0.805
O.Anunoby,New York Knicks,[[1.9563878]],[2.17975254],[1.87],[2.0011976],[[1.417506]],1.7743180746217964,1.4073039293289185,1.5421611070632937,1.6244105100631714,2.37
J.Hart,New York Knicks,[[2.1195598]],[2.00565178],[2.11],[1.8743235],[[1.7037808]],1.426633130135855,1.107196807861328,1.083020567893982,1.2935943603515625,1.045
M.McBride,New York Knicks,[[2.643443]],[2.34227541],[2.485],[2.377368],[[1.4639779]],2.6702771632669795,2.0631415843963623,2.4556050300598145,2.4361703395843506,2.135
P.Achiuwa,New York Knicks,[[0.13338847]],[0.01529859],[0.],[0.18626699],[[0.5349328]],0.337304790903472,0.000540365697816,0.0043487735092639,0.0435705259442329,0.0
C.Payne,New York Knicks,[[0.4448967]],[0.66325054],[0.8],[0.67268384],[[0.60495883]],1.0419482906413895,0.3850527107715606,0.7881888747215271,0.7517231106758118,0.505
W.Carter,Orlando Magic,[[0.9276629]],[1.36904324],[0.94],[1.1819683],[[1.0406761]],0.6720031229858613,0.2773830592632293,0.4017495214939117,0.3790197968482971,0.245
Q.Grimes,Dallas Mavericks,[[0.07859087]],[0.49830251],[0.535],[0.33724982],[[0.26123518]],0.7769646472378576,0.09205112606287,0.7112381458282471,0.4271539449691772,0.765
J.Howard,Orlando Magic,[[0.9181983]],[0.88270815],[1.],[1.0745323],[[0.44191182]],1.414731381116616,1.0972883701324463,0.9858436584472656,1.0968888998031616,0.89
O.Prosper,Dallas Mavericks,[[0.01885802]],[0.01241649],[0.],[0.03909371],[[0.]],0.0894208822235956,0.0022091420833021,0.0062468876130878,0.0,0.0
S.Dinwiddie,Dallas Mavericks,[[0.17768207]],[0.62070465],[0.69],[0.49409106],[[0.37329957]],0.9941387518976086,0.2898918390274048,0.6897892951965332,0.671123743057251,0.855
K.Middleton,Milwaukee Bucks,[[0.26939023]],[0.62802189],[0.49],[0.41746977],[[1.1705902]],0.8321831197660858,0.2622261643409729,0.573826789855957,0.6482967734336853,0.455
K.Thompson,Dallas Mavericks,[[3.8762603]],[3.70644417],[3.81],[3.7429767],[[1.8365989]],4.00770048310426,3.33886456489563,3.548226356506348,3.81979775428772,2.895
L.Doncic,Dallas Mavericks,[[2.3080416]],[2.56501887],[2.985],[3.0369167],[[2.4786842]],2.8620887981643017,2.440680980682373,2.599672079086304,2.7123899459838867,2.855
D.Gafford,Dallas Mavericks,[[0.]],[0.],[0.],[0.05294005],[[1.0038085]],0.306745570139687,0.001056846929714,0.0063125644810497,0.0144010093063116,0.0
G.Bitadze,Orlando Magic,[[0.15644485]],[0.49580368],[0.25],[0.60178775],[[0.50363666]],0.3076824604071542,0.0008688040543347,0.0014350311830639,0.0543052852153778,0.0
D.Lillard,Milwaukee Bucks,[[3.3503604]],[3.11111745],[2.54],[2.5603108],[[2.264319]],2.427747806613598,1.9949195384979248,1.705082893371582,2.4277634620666504,0.945
J.Gortman,Dallas Mavericks,[[0.28508472]],[0.07450128],[0.],[0.29465],[[0.5489029]],0.5419262936291024,0.3025836050510406,0.5740498304367065,0.2273273169994354,0.475
D.Powell,Dallas Mavericks,[[0.]],[0.],[0.],[0.],[[0.15073824]],0.2450577890723424,0.0016130662988871,0.007750276941806,0.0,0.0
J.Suggs,Orlando Magic,[[3.5972595]],[3.07353844],[3.325],[3.417963],[[2.2849097]],3.6599575598139578,3.627384901046753,3.4133646488189697,3.794694423675537,3.355
C.Houstan,Orlando Magic,[[0.06953312]],[0.42506413],[0.],[0.06017646],[[0.17452075]],0.6276561078658704,0.0872938632965087,0.5498660206794739,0.0,0.345
A.Green,Milwaukee Bucks,[[0.5576102]],[0.83338696],[1.],[0.98150206],[[0.37201682]],1.303788328287027,0.5597360134124756,1.0515295267105105,1.0474942922592163,0.825
D.Jones,Oklahoma City Thunder,[[0.08339527]],[0.2402533],[0.],[0.0247577],[[0.07898264]],0.3238832563846434,0.0002522697905078,0.3380664587020874,0.0,0.31
K.Irving,Dallas Mavericks,[[2.2966957]],[2.61701244],[2.5],[2.378057],[[2.7749662]],3.916008021619677,3.4472544193267822,4.441864967346191,3.9698758125305176,4.91
D.Lively,Dallas Mavericks,[[0.]],[0.],[0.],[0.05392203],[[1.0994811]],0.3071379419520651,0.000550712342374,0.0046440879814326,0.0308541469275951,0.0
B.Carlson,Oklahoma City Thunder,[[0.00903715]],[0.16503578],[0.],[0.00723568],[[0.16927892]],0.3469264445513986,0.0,0.0182096548378467,0.0,0.0
T.Prince,Milwaukee Bucks,[[1.3906622]],[1.43940018],[1.695],[1.6892849],[[0.88323694]],1.7632440755687069,1.3128352165222168,1.5962883234024048,1.6808154582977295,1.29
G.Trent,Milwaukee Bucks,[[2.030045]],[1.96425056],[2.08],[1.9672749],[[0.8839301]],1.7239025132974202,1.230363130569458,1.4913499355316162,1.669185757637024,0.75
B.Portis,Milwaukee Bucks,[[0.38610366]],[0.71887478],[0.755],[0.6763288],[[1.0084804]],0.8857378492258741,0.2008359283208847,0.8656419515609741,0.8839553594589233,0.925
L.Dort,Oklahoma City Thunder,[[2.2708068]],[2.52165818],[2.375],[2.3430703],[[1.4435356]],2.696938094896336,2.001307487487793,2.4061193466186523,2.404909610748291,1.99
N.Marshall,Dallas Mavericks,[[0.05945725]],[0.16164802],[0.02],[0.29122773],[[0.5148943]],0.215163248197268,0.0006550120888277,0.0043485728092491,0.0075628403574228,0.0
A.Jackson,Milwaukee Bucks,[[0.06429194]],[0.15876328],[0.],[0.05517379],[[0.2822262]],0.3743253043928765,0.0001872081775218,0.2834096550941467,0.0576933473348617,0.455
C.Anthony,Orlando Magic,[[0.10500585]],[0.11557498],[0.],[0.06630377],[[0.29997432]],0.4131321909879535,0.0005616528214886,0.152919664978981,0.147264152765274,0.155
S.Gilgeous-Alexander,Oklahoma City Thunder,[[2.415144]],[2.83588227],[2.63],[2.7270412],[[3.2124565]],2.123611139490888,1.609194278717041,1.8069738149642944,2.033228635787964,1.325
M.Wagner,Orlando Magic,[[1.0790251]],[1.55157729],[1.205],[1.0092938],[[0.91215277]],1.3067742114550065,0.9073925614356996,1.0531001091003418,1.0995216369628906,1.11
A.Black,Orlando Magic,[[0.3040701]],[0.61699596],[0.785],[0.74598485],[[0.941679]],1.0445958846080377,0.7105478644371033,0.8334226608276367,0.8541277050971985,0.36
B.Lopez,Milwaukee Bucks,[[1.9048187]],[2.0391571],[1.57],[1.6246166],[[1.200629]],1.6995400472230842,1.258553385734558,1.5878146886825562,1.6702661514282229,2.305
C.Wallace,Oklahoma City Thunder,[[0.86983466]],[1.25788542],[1.285],[1.2536018],[[0.96679205]],1.1979155612396215,0.7685043215751648,1.118157982826233,1.097873568534851,1.765
I.Joe,Oklahoma City Thunder,[[1.933171]],[1.34622861],[1.54],[1.5279893],[[0.70581543]],2.307645678110068,1.6536221504211426,2.0525991916656494,2.056169986724853,2.535
A.Mitchell,Oklahoma City Thunder,[[0.12425788]],[0.33856685],[0.32],[0.08529796],[[0.46275604]],0.8224395058294462,0.0020608962513506,0.6838481426239014,0.4947524666786194,1.195
J.Williams,Oklahoma City Thunder,[[1.3281256]],[1.58101073],[1.595],[1.6421077],[[2.1531186]],1.742084641533401,1.2402045726776123,1.670071363449097,1.631932020187378,2.755
A.Caruso,Oklahoma City Thunder,[[0.09539685]],[0.252406],[0.],[0.0345105],[[0.51451993]],0.3624090244473097,0.0010572699829936,0.0680177584290504,0.0952774211764335,0.1
I.Hartenstein,Oklahoma City Thunder,[[0.]],[0.06540911],[0.],[0.03772529],[[1.9298754]],0.2361367195899476,0.0007670337799936,0.021774161607027,0.1104342192411422,0.0
K.Caldwell-Pope,Orlando Magic,[[1.0525087]],[1.3512851],[1.195],[0.9392909],[[0.6623404]],0.9912610489922312,0.9584324955940248,0.7379605174064636,0.8812201023101807,1.44
A.Wiggins,Oklahoma City Thunder,[[0.97127897]],[1.36437828],[1.315],[1.0534487],[[0.9823066]],1.271599359894234,0.6741762161254883,1.0113996267318726,1.0965256690979004,1.875
T.Da,Orlando Magic,[[0.95296216]],[1.35753887],[1.585],[1.034738],[[0.7115332]],1.436867175846617,1.4130147695541382,1.236445665359497,1.29045569896698,1.065
K.Edwards,Dallas Mavericks,[[0.03110471]],[0.],[0.],[0.],[[0.]],0.0,0.001953593455255,0.0073207886889576,0.0,0.0
K.Williams,Oklahoma City Thunder,[[0.5528032]],[0.70116801],[0.18],[0.6440034],[[0.5244896]],0.766924890723988,0.3299355804920196,0.4367069900035858,0.428893119096756,0.22
G.Antetokounmpo,Milwaukee Bucks,[[0.29126817]],[1.70649513],[0.14],[0.33477616],[[3.0493953]],0.1084569200735157,0.0,0.0,0.2288496494293213,0.0
D.Mitchell,Toronto Raptors,[[1.0135715]],[1.15702455],[0.955],[1.3464463],[[0.7838327]],1.173509243926449,0.4551483988761902,1.0635896921157837,1.1069810390472412,0.405
J.Mogbo,Toronto Raptors,[[0.17832452]],[0.52390457],[0.19],[0.24058987],[[0.8694581]],0.4947390059971479,0.0005997723201289,0.1963156461715698,0.1875452995300293,0.15
G.Dick,Toronto Raptors,[[2.5876317]],[2.44995195],[2.305],[2.3674278],[[1.8296406]],2.388242841313537,1.701812505722046,2.143566131591797,2.154176950454712,2.15
J.Poeltl,Toronto Raptors,[[0.]],[0.],[0.],[0.10423017],[[1.3588499]],0.1718241246659849,0.0003523849882185,0.0,0.0844884142279625,0.0
J.Walter,Toronto Raptors,[[0.14231429]],[0.4715395],[0.385],[0.04420395],[[0.4152181]],0.8031119524861082,0.0091322371736168,0.6463309526443481,0.5026801824569702,1.34
R.Barrett,Toronto Raptors,[[2.0547934]],[2.36206074],[2.49],[2.6511981],[[2.4323967]],2.8266933502501628,2.2134506702423096,2.1360785961151123,2.8494298458099365,2.085
K.Olynyk,Toronto Raptors,[[1.7656423]],[1.93276882],[2.005],[2.1566412],[[1.3119758]],1.890286075809074,1.1380146741867063,1.2834569215774536,1.7206199169158936,0.73
O.Agbaji,Toronto Raptors,[[0.9070683]],[1.18317622],[1.125],[1.1406903],[[1.2960262]],1.4740780820938602,0.6736091375350952,1.2257570028305054,1.274422526359558,1.15
S.Barnes,Toronto Raptors,[[0.5977288]],[1.15664969],[1.035],[0.7159741],[[2.069634]],0.9609275201882824,0.1443269103765487,0.7478348612785339,0.8266109824180603,1.25
P.George,Philadelphia 76ers,[[2.4531646]],[2.20903982],[2.08],[2.0358212],[[2.0658927]],2.3342900231672465,2.0434248447418213,2.324301481246948,2.253746032714844,4.27
Y.Kawamura,Memphis Grizzlies,[[0.]],[0.14275789],[0.],[0.],[[0.05999708]],0.1993807622834254,0.0,0.0115903383120894,0.0,0.0
D.Sabonis,Sacramento Kings,[[0.9532153]],[1.75256693],[1.06],[0.94186985],[[2.6791728]],1.3357128512964695,0.7291889190673828,1.1938434839248655,1.286787033081055,0.415
S.Adams,Houston Rockets,[[0.02679612]],[0.],[0.],[0.19076782],[[0.4532613]],0.2870418529498085,0.0,0.0,0.0114311203360557,0.0
J.Embiid,Philadelphia 76ers,[[0.9695188]],[1.61571222],[1.02],[0.87537557],[[2.1310108]],0.8119445091185528,0.4612206220626831,0.4678415060043335,0.6008802056312561,0.29
M.Turner,Indiana Pacers,[[1.7786291]],[1.64284812],[1.82],[1.6771355],[[1.2683048]],1.6747750581004388,1.645386815071106,1.526120662689209,1.6505851745605469,1.825
K.Porter,Los Angeles Clippers,[[0.20274627]],[0.82986613],[0.4],[0.7019599],[[0.47672504]],0.4587147533874155,0.0005701630143448,0.1349489390850067,0.2513416111469269,0.095
T.Gibson,Charlotte Hornets,[[0.0820781]],[0.20120987],[0.],[0.1287882],[[0.41788125]],0.521335346653678,0.0015045595355331,0.2478460669517517,0.211323469877243,0.175
J.Huff,Memphis Grizzlies,[[1.7811197]],[1.99037845],[2.07],[1.9593587],[[1.1580437]],2.4259338441699967,1.9514672756195068,2.0451197624206543,2.123685836791992,1.38
H.Tyson,Denver Nuggets,[[0.0985633]],[0.38091978],[0.],[0.10394551],[[0.2696693]],0.2951883005235635,0.0005445927381515,0.0516931824386119,0.0201968364417552,0.0
T.Murphy,New Orleans Pelicans,[[2.7507043]],[2.31328199],[1.99],[1.6291683],[[1.7104402]],2.7292289459079844,2.387262344360352,2.533860206604004,2.5855906009674072,3.795
D.Russell,Los Angeles Lakers,[[1.5107713]],[1.86922619],[1.46],[1.3058771],[[1.1980891]],1.568606546909094,1.1904352903366089,1.30279278755188,1.4761030673980713,0.515
S.Castle,San Antonio Spurs,[[0.13099027]],[0.29725289],[0.375],[0.44608498],[[0.55127424]],0.3736259651240311,0.0,0.1864723414182663,0.1738878488540649,0.545
A.Len,Sacramento Kings,[[0.02382335]],[0.04970465],[0.],[0.03784143],[[0.30516517]],0.2139296224093846,0.0005155148683115,0.002645272295922,0.0,0.0
O.Toppin,Indiana Pacers,[[1.6244104]],[1.68463592],[1.235],[1.6095608],[[1.343608]],1.4160051906204545,1.1630536317825315,1.2806479930877686,1.308064341545105,1.775
M.Lewis,Los Angeles Lakers,[[0.01249409]],[0.],[0.],[0.],[[0.05726749]],0.1001469697923651,0.0,0.0,0.0,0.0
T.Jerome,Cleveland Cavaliers,[[0.6484017]],[1.20007915],[1.25],[1.0894272],[[1.4071227]],1.3670486928576795,0.9229706525802612,1.0969456434249878,1.1263971328735352,1.46
K.Dunn,Los Angeles Clippers,[[0.82457113]],[1.01795285],[1.145],[1.2699262],[[0.9390159]],1.5226403010831613,0.9573145508766174,1.3008865118026731,1.3166327476501465,1.805
B.Adebayo,Miami Heat,[[0.33992407]],[0.86592468],[0.73],[0.6284041],[[1.6863337]],0.7815894292339377,0.2357153892517089,0.6574918627738953,0.5661148428916931,1.8
J.Champagnie,San Antonio Spurs,[[1.5924655]],[1.70264404],[1.365],[1.5509098],[[0.98956907]],1.8058125859269212,1.5497709512710571,1.4481669664382937,1.5888583660125732,0.79
D.Murray,New Orleans Pelicans,[[0.5204687]],[1.04730922],[0.84],[0.95115656],[[1.2126659]],1.3456066896348438,0.948594868183136,0.9824069142341614,1.273738145828247,1.11
M.Smart,Memphis Grizzlies,[[0.13008323]],[0.4502879],[0.27],[0.2792821],[[0.5515928]],0.8609563866893257,0.1336041241884231,0.5682714581489563,0.4454374015331268,0.52
Z.LaVine,Chicago Bulls,[[3.5127635]],[3.21200958],[3.635],[3.5001554],[[2.3008091]],3.5998681396159604,3.262742519378662,3.3255388736724854,3.6028079986572266,2.35
K.Huerter,Sacramento Kings,[[2.6533756]],[2.69183905],[2.485],[2.8457525],[[1.3070997]],2.577105879331209,1.9793150424957275,2.3289437294006348,2.3954508304595947,1.93
K.Simpson,Charlotte Hornets,[[0.6257203]],[0.99750765],[1.11],[0.54423475],[[0.6245668]],0.8077670384387213,0.2087298780679702,0.6068164110183716,0.6188063025474548,0.325
B.Sensabaugh,Utah Jazz,[[0.31943133]],[0.72438301],[0.53],[0.69254684],[[0.57141644]],1.626687200417237,1.0830180644989014,1.4820973873138428,1.2121758460998535,1.475
D.Terry,Chicago Bulls,[[0.01847135]],[0.],[0.],[0.02152768],[[0.23288119]],0.272031088540321,0.0,0.0067476131953299,0.0,0.0
N.Reid,Minnesota Timberwolves,[[2.3687725]],[2.11237058],[2.245],[2.0519426],[[1.6361271]],2.090674674282787,1.4936412572860718,1.777534008026123,1.873879551887512,1.395
J.Minott,Minnesota Timberwolves,[[0.06903017]],[0.03494981],[0.],[0.01034735],[[0.18272504]],0.2319136592553721,0.0002664440544322,0.0060009784065186,0.0,0.0
K.Lowry,Philadelphia 76ers,[[2.5471754]],[2.2356542],[2.985],[2.8669562],[[1.2229961]],2.910179488219398,2.355179786682129,2.8454601764678955,2.53034782409668,2.88
C.Martin,Philadelphia 76ers,[[0.16290435]],[0.63180709],[0.265],[0.20517163],[[0.94832975]],0.67745228909088,0.3755567967891693,0.3140789866447449,0.408718466758728,0.365
R.Gobert,Minnesota Timberwolves,[[0.03282032]],[0.],[0.],[0.03944945],[[1.232179]],0.2211549050999386,0.0008225464262068,0.0221409797668457,0.0661104992032051,0.0
J.Thor,Cleveland Cavaliers,[[0.59248674]],[0.76308778],[0.965],[0.9783375],[[0.880292]],1.1919196718348664,1.4153995513916016,1.2459036111831665,1.134763240814209,1.16
J.McLaughlin,Sacramento Kings,[[0.05566555]],[0.],[0.],[0.04129796],[[0.13652767]],0.4171690702276623,0.000626225490123,0.449239432811737,0.0,0.42
T.Bryant,Miami Heat,[[0.62694424]],[0.86660608],[1.105],[0.96396965],[[0.6001537]],1.2193509234525473,0.6586718559265137,0.915927529335022,0.9612634181976318,0.36
D.Eubanks,Utah Jazz,[[0.11509283]],[0.37275687],[0.],[0.31559289],[[0.54736]],0.5871817819884847,0.0014248463558033,0.2207353115081787,0.1662381887435913,0.1
C.Carrington,Washington Wizards,[[1.2026116]],[1.49648347],[1.035],[1.0419825],[[0.9287729]],1.40880074016019,0.8649545907974243,1.2125139236450195,1.3067697286605835,0.7
J.Sochan,San Antonio Spurs,[[0.06301785]],[0.5037443],[0.485],[0.41865498],[[1.7588631]],0.5750521499421506,0.0005221794126555,0.405034065246582,0.3370715081691742,0.705
C.Bassey,San Antonio Spurs,[[0.0263232]],[0.],[0.],[0.],[[0.06712814]],0.2250804743300793,0.0,0.0076186419464647,0.0,0.0
D.Sharpe,Brooklyn Nets,[[0.11745851]],[0.18827673],[0.165],[0.08112349],[[0.61996496]],0.6397034460344158,0.0001999974483624,0.4452725052833557,0.2606620490550995,0.34
M.Potter,Utah Jazz,[[1.0108662]],[1.50531612],[0.875],[0.87460154],[[0.5227755]],1.3729567993456742,0.8117024302482605,1.1171718835830688,1.265933632850647,0.565
K.Murray,Portland Trail Blazers,[[0.39381602]],[0.61715706],[0.425],[0.36801508],[[0.5818684]],1.1542111276606368,0.4164290130138397,0.8744783997535706,0.8286275863647461,0.945
J.Wilson,Brooklyn Nets,[[1.1660964]],[1.16949316],[1.62],[1.596903],[[0.7778633]],1.329324566259877,0.6180771589279175,1.01294207572937,1.111722111701965,1.065
J.McDaniels,Minnesota Timberwolves,[[0.85865897]],[1.01213187],[0.885],[0.89347047],[[0.8643236]],1.0312443590253195,0.2930130958557129,0.8049722909927368,0.9080469608306884,1.36
V.Micic,Charlotte Hornets,[[0.18026185]],[0.41679397],[0.005],[0.29294118],[[0.37582645]],1.055166491246211,0.4878479242324829,0.9248393177986144,0.6998095512390137,1.825
K.Love,Miami Heat,[[1.1823981]],[1.48106105],[1.105],[1.0524572],[[1.0342335]],1.7666727131074695,1.6337053775787354,1.7101198434829712,1.804454445838928,1.245
K.George,Utah Jazz,[[1.7036031]],[1.9463342],[1.6],[1.5734499],[[1.0815874]],1.8325768887715104,1.5969809293746948,1.5504034757614136,1.6021006107330322,1.25
R.O'Neale,Phoenix Suns,[[2.3081746]],[2.23873277],[1.97],[2.0036628],[[1.4494677]],2.267395379160815,1.895914912223816,2.027696132659912,2.055816411972046,3.89
T.Jones,Phoenix Suns,[[1.385233]],[1.48328966],[1.37],[1.3908101],[[1.3438222]],1.6088543736535408,1.262645602226257,1.4735252857208252,1.467384696006775,1.1
J.Butler,Miami Heat,[[0.1453634]],[0.74002601],[0.46],[0.4766628],[[1.9911832]],0.3773342067065377,0.0007598395459353,0.186184361577034,0.2357988953590393,0.07
R.Sheppard,Houston Rockets,[[0.04538884]],[0.30430067],[0.],[0.1196175],[[0.27958232]],0.8678712798239085,0.0002798748901113,0.5781084299087524,0.194143146276474,0.51
T.Watford,Brooklyn Nets,[[0.2759636]],[0.57543731],[0.405],[0.4212177],[[0.60184944]],0.6675950172433415,0.0205408837646245,0.4482924044132232,0.4215539693832397,1.12
N.Richards,Charlotte Hornets,[[0.07115549]],[0.],[0.],[0.],[[1.1461967]],0.2958133982446822,0.0009951316751539,0.0,0.0278987064957618,0.0
P.Hall,Denver Nuggets,[[0.0905955]],[0.21366272],[0.],[0.02445779],[[0.07372065]],0.2240277757343269,0.001001632772386,0.0172574035823345,0.0,0.0
N.Alexander-Walker,Minnesota Timberwolves,[[2.121921]],[1.96931336],[2.52],[2.657749],[[1.2471129]],2.7877907276561014,2.005189180374145,2.481987476348877,2.501053094863892,2.53
E.Freeman,Indiana Pacers,[[0.02697057]],[0.],[0.],[0.],[[0.15317963]],0.1578887025223705,0.0,0.0,0.0,0.0
J.Walker,Indiana Pacers,[[0.13587368]],[0.40228212],[0.],[0.66491824],[[0.31424835]],0.5836108311534656,0.0245977584272623,0.4792043268680572,0.3321312963962555,0.315
C.Braun,Denver Nuggets,[[0.9004767]],[1.30397277],[1.37],[1.1848055],[[1.5134331]],1.25888966214951,0.8242675065994263,1.1788750886917114,1.063642501831055,1.07
G.Yabusele,Philadelphia 76ers,[[1.305485]],[1.38765156],[1.09],[1.2394841],[[0.8212489]],1.5913987706905766,1.2376025915145874,1.2765482664108276,1.3581228256225586,1.88
C.Sexton,Utah Jazz,[[0.26919633]],[0.86258983],[0.44],[0.6112377],[[1.1910508]],0.6958834772064683,0.1010633260011673,0.4294096827507019,0.3959322869777679,0.145
A.Nembhard,Indiana Pacers,[[0.28004777]],[0.50579448],[0.665],[0.49890837],[[0.7713874]],0.3032301015148155,0.0061426069587469,0.2092204988002777,0.2424363195896148,0.1
B.Mathurin,Indiana Pacers,[[2.9986463]],[2.62835454],[2.465],[2.5137057],[[1.4831922]],1.584706364070439,1.411725640296936,1.4019532203674316,1.5173983573913574,1.845
G.Niang,Cleveland Cavaliers,[[1.1891558]],[0.93277731],[1.],[1.0084187],[[0.5780925]],1.7166703362429574,1.6760904788970947,1.5125023126602173,1.5152084827423096,1.13
J.Jaquez,Miami Heat,[[0.46652934]],[0.72751921],[0.865],[0.8421865],[[0.8944856]],1.384892123814787,0.9160829186439514,1.1667211055755615,1.3081780672073364,0.415
D.Knecht,Los Angeles Lakers,[[1.262835]],[1.71566309],[1.875],[1.5254719],[[0.7470026]],1.6369833140874115,1.241449236869812,1.293372392654419,1.519321322441101,1.715
J.LaRavia,Memphis Grizzlies,[[0.4131773]],[0.61075733],[0.965],[0.6345957],[[0.71309936]],0.6972652023655842,0.009448760189116,0.410513162612915,0.3069407939910888,0.165
M.Plumlee,Phoenix Suns,[[0.]],[0.],[0.],[0.06131829],[[0.56815845]],0.3237432590647681,0.0007637232774868,0.0001971898891497,0.0161987543106079,0.0
M.Bagley,Washington Wizards,[[0.08861054]],[0.23195553],[0.],[0.03895353],[[0.32488492]],0.2766900316676864,0.0024905039463192,0.0011783565860241,0.0321267172694206,0.0
K.Johnson,Brooklyn Nets,[[0.3911844]],[0.67824157],[0.18],[0.9120541],[[0.35135844]],0.6928246969356866,0.0188932847231626,0.4483233392238617,0.3303775489330292,1.065
O.Ighodaro,Phoenix Suns,[[0.04630359]],[0.],[0.],[0.],[[0.20291026]],0.2728085943278996,0.0009093863773159,0.005240096244961,0.0,0.0
M.Morris,Phoenix Suns,[[0.12996012]],[0.51624113],[0.],[0.26043028],[[0.35702232]],0.8070803602149988,0.0110737718641757,0.8883512616157532,0.5603004097938538,0.695
J.Robinson-Earl,New Orleans Pelicans,[[0.11669259]],[0.49134854],[0.005],[0.1143963],[[0.3269467]],0.9099746200377494,0.0750381126999855,0.8397945165634155,0.557672917842865,0.695
J.Juzang,Utah Jazz,[[1.2002301]],[1.86522405],[1.235],[1.2379701],[[0.6541145]],1.9214644522131064,1.764004468917847,1.8904012441635127,1.6773698329925537,2.52
C.Martin,Charlotte Hornets,[[1.7949159]],[2.01243979],[1.955],[1.69859],[[1.087386]],2.130461361052211,1.5759563446044922,1.7652244567871094,1.7914223670959473,1.195
A.Traore,Los Angeles Lakers,[[0.04351087]],[0.21792046],[0.],[0.19673035],[[0.21935561]],0.2928017518944779,0.0,0.0046448889188468,0.0,0.0
S.Henderson,Portland Trail Blazers,[[0.89790773]],[1.18495018],[1.175],[1.272217],[[1.572431]],1.2728610888016434,0.5700375437736511,1.04771888256073,1.049275040626526,1.67
D.Robinson,Miami Heat,[[1.0583603]],[1.18091705],[1.665],[1.3782377],[[0.50852156]],1.8398675559035549,1.4159969091415403,1.5354480743408203,1.6216005086898804,2.21
D.Garland,Cleveland Cavaliers,[[2.920651]],[2.41667993],[2.8],[2.7208219],[[1.9105767]],3.232212091473304,3.209257841110229,3.1462459564208984,3.1179232597351074,2.71
D.Mitchell,Cleveland Cavaliers,[[3.0779634]],[2.77809053],[2.975],[3.2808712],[[2.373776]],3.357144608571988,3.3532345294952397,3.2172908782958984,3.3900203704833984,3.77
A.Simons,Portland Trail Blazers,[[2.8550644]],[2.61906977],[2.58],[1.9741826],[[2.0014627]],2.80318833486327,2.275561809539795,2.3357510566711426,2.577446460723877,2.8
D.Booker,Phoenix Suns,[[3.8634005]],[3.57850379],[3.9],[3.6518362],[[2.8456671]],3.694189167168617,3.382608413696289,3.992747068405152,3.912051916122437,4.32
I.Collier,Utah Jazz,[[0.20822108]],[0.34675124],[0.],[0.14421311],[[0.41728625]],0.601588054940346,0.001446965849027,0.231707215309143,0.235744833946228,0.565
J.Randle,Minnesota Timberwolves,[[2.0931697]],[2.37984632],[2.36],[2.1791089],[[2.6562507]],2.620358424392144,2.108524799346924,2.34558629989624,2.4653208255767822,2.395
K.Murray,Sacramento Kings,[[1.9668046]],[2.25262298],[1.92],[1.70454],[[1.4508244]],2.085655904801204,1.6748899221420288,1.7741397619247437,1.9452579021453855,1.5
B.Clarke,Memphis Grizzlies,[[0.11670572]],[0.34706769],[0.245],[0.4129618],[[0.45414585]],0.300497086656822,0.0013732656370848,0.0156579948961734,0.0,0.0
Z.Collins,San Antonio Spurs,[[0.16491047]],[0.4910432],[0.615],[0.16242552],[[0.5250473]],0.8957640908480962,0.1031052395701408,0.5891087055206299,0.4984274208545685,0.255
C.Koloko,Los Angeles Lakers,[[0.01398664]],[0.08360028],[0.],[0.08536535],[[0.3482399]],0.4955317228454214,0.0002928999019786,0.0334326773881912,0.0108215929940342,0.0
D.Jordan,Denver Nuggets,[[0.06393191]],[0.1101127],[0.],[0.06906278],[[0.3502781]],0.3040713099083701,0.0003588083200156,0.0091841798275709,0.0865455418825149,0.0
C.LeVert,Cleveland Cavaliers,[[1.7614005]],[1.9970784],[1.505],[1.5403115],[[1.8111002]],2.2109186276038053,1.975216031074524,1.9187407493591309,1.930642247200012,3.06
C.Johnson,Brooklyn Nets,[[3.1639752]],[3.21243157],[2.825],[3.115341],[[1.63733]],3.397577790101774,2.9836089611053467,3.3826475143432617,3.146258354187012,3.805
M.Monk,Sacramento Kings,[[2.0239868]],[1.88742433],[1.895],[1.5651572],[[1.2768165]],1.7592574263035787,1.216482639312744,1.5062676668167114,1.6592670679092407,0.545
S.Mykhailiuk,Utah Jazz,[[0.8521861]],[1.49080081],[1.37],[1.2638367],[[0.554518]],1.604066440224796,1.0939916372299194,1.6471781730651855,1.6102551221847534,1.655
C.Castleton,Memphis Grizzlies,[[0.]],[0.],[0.],[0.01778049],[[0.00281896]],0.2985684795728284,0.0007959571667015,0.0220916029065847,0.0,0.0
S.Aldama,Memphis Grizzlies,[[1.6094974]],[2.13540429],[1.765],[1.4957191],[[1.3978167]],2.2375015805011382,2.1196775436401367,1.9400302171707156,1.938770174980164,0.88
J.Konchar,Memphis Grizzlies,[[1.6177655]],[1.24093282],[1.],[1.1627446],[[0.6087949]],1.2373409997539702,1.0496991872787476,0.7708345055580139,0.9301700592041016,0.61
L.Markkanen,Utah Jazz,[[2.1601605]],[2.01691442],[1.79],[1.6108351],[[1.650521]],2.4801605457236,2.231208324432373,2.213631391525269,2.1590664386749268,2.035
J.Pickett,Denver Nuggets,[[0.03438675]],[0.36183974],[0.],[0.18636107],[[0.16209291]],0.5276485551738818,0.0445723347365856,0.4053250849246979,0.0,0.48
A.Drummond,Philadelphia 76ers,[[0.08448001]],[0.],[0.085],[0.11242498],[[0.81688404]],0.2884461377566516,0.0015262272208929,0.0097099663689732,0.09639623016119,0.0
Z.Nnaji,Denver Nuggets,[[0.0530191]],[0.30989245],[0.],[0.09874208],[[0.26475036]],0.3243031591732057,0.0004409465473145,0.0232974700629711,0.0,0.0
Q.Olivari,Los Angeles Lakers,[[1.1466467]],[0.90366286],[1.],[1.0620487],[[0.24509777]],1.2928649617552386,0.939772129058838,1.1356803178787231,0.702620804309845,1.07
D.Jones,Los Angeles Clippers,[[1.3234763]],[1.50149564],[1.52],[1.2892915],[[1.40952]],1.8179738681524584,1.3517663478851318,1.6889749765396118,1.598516583442688,1.23
J.Green,Charlotte Hornets,[[1.5054047]],[1.36264856],[1.06],[1.3942485],[[0.79404706]],2.3421407139742585,1.6819524765014648,2.038856267929077,2.010205745697021,1.55
D.McDermott,Sacramento Kings,[[0.35173795]],[0.68271536],[0.],[0.1984226],[[0.3155528]],0.7977642693947453,0.22683946788311,0.7483155727386475,0.4855435788631439,0.6
D.DiVincenzo,Minnesota Timberwolves,[[2.138083]],[1.83243252],[2.04],[2.1668727],[[0.92066234]],2.189291298960308,1.6050909757614136,1.783291935920715,1.9896986484527588,1.86
J.Jackson,Memphis Grizzlies,[[1.0993109]],[1.61647221],[1.38],[1.1990772],[[2.0705643]],1.4517084722525984,1.0999821424484253,1.2824819087982178,1.1540004014968872,1.725
T.Alexander,Denver Nuggets,[[0.01438058]],[0.],[0.],[0.06761722],[[0.]],0.1487347452278448,0.0004554929910227,0.0223862249404191,0.0,0.0
J.Miller,Los Angeles Clippers,[[0.12438789]],[0.43750715],[0.25],[0.24429274],[[0.40061122]],0.5564284753420171,0.0036951140500605,0.2308921962976455,0.1538202166557312,0.205
T.Haliburton,Indiana Pacers,[[2.267465]],[2.39237194],[2.61],[2.2427478],[[1.4610527]],2.230958545235943,2.1877572536468506,1.94088077545166,2.128929853439331,1.93
K.Oubre,Philadelphia 76ers,[[1.7656462]],[1.82902593],[1.525],[1.8875015],[[1.6254722]],2.250676451949573,2.048853635787964,2.1165401935577397,1.945328950881958,2.515
B.Miller,Charlotte Hornets,[[3.1909442]],[2.76711721],[2.92],[2.9854674],[[2.0517898]],3.483918431838489,2.8283915519714355,3.553959369659424,3.4886467456817627,4.495
R.Rupert,Portland Trail Blazers,[[0.1494307]],[0.66057388],[0.19],[0.2829172],[[0.9604811]],1.4191211358333728,0.6481135487556458,1.3086349964141846,1.1448614597320557,1.495
E.Mobley,Cleveland Cavaliers,[[0.10369243]],[0.83873039],[0.675],[0.5678671],[[2.075096]],1.0225348491769872,0.6037958264350891,0.740241527557373,0.8059272170066833,0.475
J.Furphy,Indiana Pacers,[[0.05726574]],[0.],[0.],[0.],[[0.12230361]],0.1485240140595577,1.5724566765129566e-05,0.0005262634949758,0.0,0.0
I.Crawford,Sacramento Kings,[[0.]],[0.0909526],[0.],[0.],[[0.]],0.0896238965276034,0.0005641115130856,0.0087430719286203,0.0583385229110717,0.0
N.Powell,Los Angeles Clippers,[[3.4971504]],[3.33761368],[3.535],[3.9589968],[[2.7422733]],3.8979985636906314,3.55153751373291,3.961911678314209,3.97408938407898,4.015
A.Dosunmu,Chicago Bulls,[[0.81259507]],[1.00439709],[0.935],[0.95441645],[[0.7914701]],0.887932558379388,0.2165059000253677,0.6199366450309753,0.6290690898895264,0.315
D.Finney-Smith,Brooklyn Nets,[[2.0236564]],[2.04578043],[2.01],[1.9552133],[[1.0668213]],1.787021258059242,1.3073933124542236,1.551799774169922,1.654934644699097,1.085
P.Siakam,Indiana Pacers,[[1.8489379]],[2.0842262],[2.535],[2.2602687],[[2.4589598]],2.3013742612326293,2.10611343383789,2.1287670135498047,2.221320390701294,3.7
M.Porter,Denver Nuggets,[[2.2367158]],[2.25950012],[2.245],[2.343334],[[1.7000785]],2.4023169320965163,2.1376278400421143,2.262529134750366,2.135073184967041,2.555
S.Curry,Charlotte Hornets,[[1.858582]],[1.59751473],[1.985],[1.8874184],[[0.97083485]],2.6255455900263747,1.8882701396942136,1.9897807836532595,2.2106289863586426,2.01
J.Phillips,Chicago Bulls,[[0.7965883]],[0.8375977],[1.005],[0.8354644],[[0.46929038]],1.3715308360372618,0.9047011137008668,1.0385138988494873,1.118073582649231,0.88
J.Wells,Memphis Grizzlies,[[0.9585619]],[1.20618555],[1.08],[1.2141863],[[0.6870989]],1.645803550331612,1.5327147245407104,1.5497989654541016,1.4477617740631104,1.985
N.Vucevic,Chicago Bulls,[[1.475082]],[1.8666842],[1.73],[1.786512],[[2.1796122]],2.459494146678997,2.1052112579345703,2.3924968242645264,2.184136152267456,1.595
M.Christie,Los Angeles Lakers,[[0.69344294]],[0.642498],[0.935],[0.8212777],[[0.44649962]],0.8518372693263987,0.2842338383197784,0.6709418296813965,0.6753188371658325,0.92
G.Vincent,Los Angeles Lakers,[[0.20970877]],[0.33093431],[0.81],[0.49893987],[[0.3827207]],0.7942159415453166,0.078660674393177,0.6360490918159485,0.5280757546424866,0.87
G.Allen,Phoenix Suns,[[2.039692]],[2.01633456],[2.285],[2.1163094],[[1.0526828]],2.062301301504747,1.5977823734283447,1.7502878904342651,1.87897789478302,2.04
S.Sharpe,Portland Trail Blazers,[[1.857556]],[1.82807957],[1.72],[1.8000345],[[1.4273072]],1.5927851267393098,0.8061269521713257,1.407328724861145,1.4397146701812744,2.285
D.Avdija,Portland Trail Blazers,[[0.5548345]],[1.11489046],[0.52],[0.52029634],[[1.1468875]],0.6399022946471011,0.0191392563283443,0.423203706741333,0.3732545971870422,0.76
B.James,Los Angeles Lakers,[[0.02028549]],[0.13253224],[0.],[0.],[[0.13701749]],0.166027064286296,0.0,0.0,0.0,0.0
K.Jones,Los Angeles Clippers,[[0.05963966]],[0.],[0.095],[0.04071808],[[0.27717388]],0.2818621041628373,0.0008143901359289,0.0003740229876711,0.0,0.0
B.Boston,New Orleans Pelicans,[[0.350269]],[0.7031453],[0.68],[0.49830952],[[1.0645791]],1.3040853756484856,0.7205588221549988,1.0582152605056765,0.944174349308014,1.08
N.Batum,Los Angeles Clippers,[[0.3105253]],[0.64969371],[0.1],[0.35415998],[[0.75578153]],0.8931961033601226,0.273563027381897,0.6744823455810547,0.5071194171905518,0.835
C.White,Chicago Bulls,[[3.4476542]],[3.1209048],[3.245],[3.3594844],[[1.9636544]],3.4187770773827544,3.0305683612823486,3.627057075500488,3.28501558303833,3.835
J.Grant,Portland Trail Blazers,[[2.3047729]],[2.34465613],[2.73],[2.725542],[[1.965578]],3.1573804837395203,2.791001081466675,3.0991249084472656,3.014906406402588,2.62
B.McGowens,Portland Trail Blazers,[[0.11265722]],[0.],[0.],[0.06775866],[[0.37882245]],0.1145827346195728,0.0003372213104739,0.0,0.0,0.0
D.Ayton,Portland Trail Blazers,[[0.03136651]],[0.32993789],[0.03],[0.11724801],[[1.5722377]],0.6555974921964571,0.0163531377911567,0.3983116745948791,0.3465142548084259,0.71
B.Bol,Phoenix Suns,[[0.11071305]],[0.2623222],[0.59],[0.4538752],[[0.3121565]],0.5738244920790706,0.0007587778382003,0.352489560842514,0.1545299589633941,0.33
H.Highsmith,Miami Heat,[[0.31311965]],[1.21698004],[0.825],[0.6114413],[[0.60423666]],0.8233247493893179,0.2186405062675476,0.7094232439994812,0.5473119616508484,1.125
T.Rozier,Miami Heat,[[3.048242]],[2.62918968],[2.87],[3.0317214],[[1.8631765]],3.572127765609218,3.242062568664551,3.2548604011535645,3.472896814346313,3.075
D.Vassell,San Antonio Spurs,[[2.2661138]],[2.29357484],[1.79],[1.7498018],[[1.5962493]],2.658910218254929,2.285817623138428,2.4403021335601807,2.465161800384521,2.175
I.Wong,Charlotte Hornets,[[0.12788023]],[0.40800019],[0.11],[0.10426126],[[0.91780674]],0.7952113952768184,0.0012089206138625,0.4194318354129791,0.4942249953746795,0.685
A.Gill,Washington Wizards,[[0.]],[0.14322206],[0.],[0.18945314],[[0.20802753]],0.4521563462653557,0.0026745798531919,0.39030921459198,0.0,0.59
T.Camara,Portland Trail Blazers,[[0.7823366]],[1.21346294],[1.355],[1.2493875],[[1.0799608]],1.7152553668757788,1.1429674625396729,1.4368976354599,1.421365737915039,1.885
J.Tyson,Cleveland Cavaliers,[[0.10610317]],[0.34573203],[0.],[0.11283486],[[0.1424129]],0.6927256972660635,0.0283193290233612,0.5281498432159424,0.025111136958003,0.565
W.Kessler,Utah Jazz,[[0.04503915]],[0.],[0.],[0.06411309],[[0.98866624]],0.3593241452379478,0.0013299816055223,0.0199241060763597,0.0548163875937461,0.0
T.McConnell,Indiana Pacers,[[0.0423769]],[0.],[0.],[0.06185491],[[0.6715595]],0.1241896892044532,0.0007956591434776,0.0,0.0694782137870788,0.0
J.Okogie,Phoenix Suns,[[1.3114895]],[1.72870364],[1.325],[1.4790096],[[1.2456963]],1.4155266726782911,1.0705326795578003,1.162676453590393,1.2206279039382937,1.15
T.Jemison,New Orleans Pelicans,[[0.]],[0.],[0.],[0.00533492],[[0.3900831]],0.2118030777595662,0.0,0.0104138078168034,0.0,0.0
T.Horton-Tucker,Chicago Bulls,[[0.04522062]],[0.21545863],[0.18],[0.16867794],[[0.26094964]],0.5065881621465188,7.0767709985375404e-06,0.2428199350833892,0.1142998859286308,0.22
M.Moody,Golden State Warriors,[[2.3784323]],[2.34227703],[2.4],[2.4146852],[[1.0435745]],2.8655535958247698,2.497570037841797,3.025149345397949,2.649630069732666,2.4
A.Davis,Los Angeles Lakers,[[0.4586727]],[2.03314333],[0.7],[0.75434166],[[3.2464042]],0.5362702355603682,0.0377788320183754,0.4141170978546142,0.4771234095096588,0.405
P.Watson,Denver Nuggets,[[0.09500058]],[0.22064468],[0.],[0.1862907],[[0.36436003]],0.423870441321465,0.0005071823252364,0.2143310159444809,0.1672361493110656,0.085
C.Reddish,Los Angeles Lakers,[[0.3564334]],[0.83497679],[0.59],[0.57612884],[[0.61987334]],1.087141624051729,0.3963029980659485,0.8366442322731018,0.8783468008041382,1.035
J.Poole,Washington Wizards,[[4.000951]],[3.41932923],[3.8],[3.618505],[[2.6274507]],4.562253022463016,4.033803939819336,4.283714771270752,4.686755180358887,3.355
J.Valanciunas,Washington Wizards,[[0.]],[0.05099514],[0.065],[0.13872926],[[1.1143011]],0.3929479361316711,0.0031168898567557,0.1967222988605499,0.2013753652572631,0.18
J.Butler,Washington Wizards,[[0.08235711]],[0.129551],[0.215],[0.32798335],[[0.6791451]],0.5362609721803462,0.0030487612821161,0.2272375226020813,0.2457275986671447,0.135
N.Jokic,Denver Nuggets,[[1.8235794]],[2.95593375],[1.96],[1.9510833],[[3.8422823]],2.798825408637388,2.532345771789551,2.1619277000427246,2.832907199859619,1.79
J.Champagnie,Washington Wizards,[[0.23820846]],[0.55921461],[0.42],[0.28031242],[[0.7456689]],1.2096558767194832,0.2766921818256378,1.0750501155853271,0.8772997856140137,1.15
A.Edwards,Minnesota Timberwolves,[[4.7823477]],[4.15743264],[4.46],[4.1016717],[[2.6042933]],5.759046278490063,5.760395526885986,6.391894817352295,4.940969467163086,6.815
V.Wembanyama,San Antonio Spurs,[[2.2403564]],[2.17333525],[2.155],[2.1000228],[[2.1126246]],1.7814080023474448,1.4573036432266235,1.7130322456359863,1.561879277229309,2.3
J.Strawther,Denver Nuggets,[[0.79722863]],[0.86921802],[1.035],[1.0028185],[[0.6389181]],1.354771895442561,1.0229225158691406,1.2175281047821045,1.1819779872894287,0.56
J.McCain,Philadelphia 76ers,[[0.14801577]],[0.50581931],[0.45],[0.43267667],[[0.7465813]],0.8136400824847635,0.0894737243652343,0.6118008494377136,0.3104048669338226,0.91
J.Collins,Utah Jazz,[[0.5735102]],[1.18178216],[0.92],[0.8235914],[[1.5071758]],1.3073427090481702,0.9099354147911072,1.0795913934707642,1.0411213636398315,0.68
D.Banton,Portland Trail Blazers,[[0.14665037]],[0.23239438],[0.2],[0.45904678],[[0.47936472]],1.0070712391321222,0.0861211642622947,0.8499764204025269,0.5399349927902222,1.27
T.Herro,Miami Heat,[[3.5530505]],[2.98683196],[3.48],[3.1837907],[[2.3258126]],3.7918348937101287,3.460038900375366,3.5317342281341557,3.900479793548584,2.83
J.Davis,Washington Wizards,[[0.09424718]],[0.35797731],[0.275],[0.30908826],[[0.22978844]],0.2253705369902112,0.0024128614459186,0.0099608246237039,0.0,0.0
J.Tate,Houston Rockets,[[0.02539562]],[0.],[0.],[0.05890704],[[0.24451472]],0.3946411034305097,0.000841861241497,0.015457646921277,0.0,0.0
N.Claxton,Brooklyn Nets,[[0.]],[0.],[0.],[0.08630053],[[1.1516672]],0.3235845580269435,0.0005962013965472,0.0081922803074121,0.0385481156408786,0.0
D.Schroder,Brooklyn Nets,[[3.8603878]],[3.46233232],[3.45],[3.7091472],[[2.7787426]],4.412038222365526,4.104794502258301,4.334457874298096,4.460259437561035,5.435
K.Martin,Philadelphia 76ers,[[0.05083685]],[0.24312795],[0.41],[0.16069214],[[0.5328854]],0.7091608432312015,0.0008377651683986,0.313224196434021,0.2044010758399963,0.16
T.Maxey,Philadelphia 76ers,[[3.0179534]],[3.27727672],[3.575],[3.7611997],[[2.6054823]],3.1713576410927304,3.035874843597412,3.348695516586304,2.9973666667938232,4.045
A.Gordon,Denver Nuggets,[[1.2352496]],[1.71171717],[1.4],[0.85527426],[[2.19184]],2.048550560796039,1.7299572229385376,2.076392889022827,1.7959380149841309,2.68
N.Smith,Charlotte Hornets,[[0.06708994]],[0.27304961],[0.],[0.],[[0.12344944]],0.4090608580392539,0.0008810303406789,0.2853980958461761,0.0,0.285
L.Travers,Cleveland Cavaliers,[[0.03444315]],[0.],[0.],[0.04624749],[[0.24535522]],0.235273258890216,0.0005108404438942,0.0072477362118661,0.0,0.0
B.Beal,Phoenix Suns,[[2.9561849]],[2.70081516],[2.685],[2.7468379],[[2.142818]],2.9678058765173763,2.6535961627960205,2.7017109394073486,2.815901756286621,2.885
S.Merrill,Cleveland Cavaliers,[[1.4879779]],[1.18833431],[1.01],[1.0543478],[[0.5887847]],1.7158294593853436,1.6326987743377686,1.506618618965149,1.4627206325531006,1.3
M.Conley,Minnesota Timberwolves,[[1.4633576]],[1.39147136],[1.245],[1.0757159],[[0.8896131]],1.8271559158108,1.2076112031936646,1.477059841156006,1.6630337238311768,1.84
J.Allen,Cleveland Cavaliers,[[0.]],[0.55621826],[0.],[0.02553815],[[2.4129133]],0.3536182887429862,0.0014152682851999,0.0,0.0999609529972076,0.0
C.Spencer,Memphis Grizzlies,[[0.51130533]],[0.79833328],[0.85],[0.85329545],[[0.49386996]],0.9538319410470866,0.3150985240936279,0.6767049431800842,0.5784340500831604,1.35
C.Paul,San Antonio Spurs,[[2.3603263]],[2.21291501],[2.11],[2.243029],[[1.4419816]],2.4371276088968608,1.966657876968384,2.166267871856689,2.104506254196167,2.62
K.Filipowski,Utah Jazz,[[0.22505884]],[1.01426213],[0.705],[0.57141834],[[0.40616426]],1.0519265059780378,0.469125747680664,0.9703125953674316,0.8237280249595642,0.86
D.DeRozan,Sacramento Kings,[[0.42487335]],[1.52074105],[0.705],[0.7422918],[[2.6504333]],0.7084543479642548,0.162199392914772,0.6289077997207642,0.6310115456581116,0.86
D.Fox,Sacramento Kings,[[2.1088872]],[2.26739568],[2.365],[2.3400064],[[2.315952]],2.241201314883395,1.9805470705032349,2.230973482131958,2.212222099304199,3.365
Y.Missi,New Orleans Pelicans,[[0.07913028]],[0.],[0.],[0.04775823],[[0.70378083]],0.2179531761143609,0.000479721231386,0.0175210107117891,0.0176819041371345,0.0
B.Hyland,Los Angeles Clippers,[[0.44181642]],[0.90745925],[0.23],[0.05941358],[[0.39694574]],0.9410155166788876,0.9426164627075196,1.0327621698379517,0.8199556469917297,0.985
C.McCollum,New Orleans Pelicans,[[3.0363345]],[2.69334295],[3.63],[2.885785],[[2.0601034]],3.311001701515345,3.05224871635437,3.2624671459198,3.270136833190918,3.06
H.Jones,New Orleans Pelicans,[[1.0208833]],[1.34012033],[1.38],[0.8638197],[[0.8797428]],1.0076654296822152,0.6634740829467773,0.7579740881919861,0.8837194442749023,1.505
S.Pippen,Memphis Grizzlies,[[0.650627]],[0.91640943],[0.92],[0.96034914],[[1.0948359]],1.2820503845924625,0.8244262933731079,1.0362277030944824,1.0147697925567627,0.61
B.Coulibaly,Washington Wizards,[[1.5681257]],[2.01177299],[1.465],[1.3092483],[[2.1208746]],2.209602686555949,1.6931514739990234,1.951342225074768,1.987720608711243,2.2
J.Smith,Chicago Bulls,[[1.7149249]],[2.07888013],[1.715],[1.7728934],[[1.0711637]],2.217213511974376,1.8519829511642456,1.9413552284240725,1.9545025825500488,1.53
H.Barnes,San Antonio Spurs,[[1.1346166]],[1.64451961],[1.055],[1.0860404],[[1.1930053]],1.452799525162194,1.0233584642410278,1.1752532720565796,1.169236421585083,0.465
D.Jeffries,Charlotte Hornets,[[1.9609443]],[2.09301788],[1.965],[2.0017977],[[1.3415316]],2.403450998815267,1.937853455543518,2.05206298828125,2.141878604888916,2.065
J.Giddey,Chicago Bulls,[[1.1035995]],[1.31196392],[1.135],[1.1215984],[[1.8882437]],2.2900388812268244,1.9421740770339968,2.3431904315948486,2.008272886276245,2.985
B.Simmons,Brooklyn Nets,[[0.01968649]],[0.],[0.],[0.0117583],[[0.8005543]],0.244503999396522,0.0004035071469843,0.0035727457143366,0.079353928565979,0.0
M.Buzelis,Chicago Bulls,[[0.05429723]],[0.2982287],[0.],[0.00884812],[[0.10255956]],0.2542600014039472,0.0,0.0046585178934037,0.0,0.0
L.Ball,Chicago Bulls,[[1.3400068]],[1.04659772],[0.955],[1.0892881],[[0.76929533]],1.6118042138890971,1.3392318487167358,1.1831258535385132,1.328963279724121,0.51
R.Westbrook,Denver Nuggets,[[0.18289456]],[0.82512266],[0.415],[0.37391487],[[0.8443456]],0.848523145402271,0.297033429145813,0.6456586718559265,0.6268603205680847,0.38
D.Smith,Miami Heat,[[0.07323426]],[0.10124776],[0.27],[0.05346341],[[0.3504164]],0.6347686459160863,0.0008231148822233,0.5155329704284668,0.2581117153167724,0.805
I.Zubac,Los Angeles Clippers,[[0.]],[0.47479716],[0.],[0.11452387],[[2.2155638]],0.1559262253244543,0.0014977417886257,0.0108559653162956,0.1365041136741638,0.0
J.Walker,Portland Trail Blazers,[[0.13593027]],[0.48210305],[0.38],[0.01255821],[[0.35061276]],0.5223809969962463,0.0001878790790215,0.2175134867429733,0.0201628226786851,0.3
S.Milton,Brooklyn Nets,[[0.01513585]],[0.22811985],[0.],[0.],[[0.15486254]],0.6708753800731301,0.0008444311097264,1.1358940601348877,0.0570902526378631,1.11
J.Cain,New Orleans Pelicans,[[0.60069686]],[0.79893272],[1.035],[1.0250486],[[0.53242356]],1.1940654737414107,0.7251816391944885,0.8617819547653198,0.9039478302001952,0.38
A.Reeves,New Orleans Pelicans,[[0.03833137]],[0.49387843],[0.],[0.02645692],[[0.09040325]],0.5477920115481776,0.0009774495847523,0.6719518899917603,0.0,0.87
C.Jones,Sacramento Kings,[[0.07577191]],[0.],[0.],[0.],[[0.]],0.0,0.0,0.0051637343131005,0.0,0.0
K.Ellis,Sacramento Kings,[[0.5498068]],[0.8415475],[0.135],[0.02184635],[[0.8955878]],1.057619449067266,0.2816115021705627,0.8237276077270508,0.9166707992553712,1.035
O.Robinson,Sacramento Kings,[[0.07188775]],[0.20856876],[0.085],[0.19371273],[[0.29957768]],0.4685999157410775,0.0008262357441708,0.2967092990875244,0.1867611408233642,0.29
K.Johnson,San Antonio Spurs,[[0.7763485]],[1.21121899],[0.86],[0.82546836],[[0.8686714]],0.9576932743804224,0.5169514417648315,0.7915030121803284,0.7589105367660522,0.795
D.Wade,Cleveland Cavaliers,[[1.6467851]],[1.91814467],[1.445],[1.4603662],[[0.87604207]],1.8825164311435667,1.916225910186768,1.8269299268722532,1.64246928691864,1.815
R.Hachimura,Los Angeles Lakers,[[0.5763166]],[1.03656828],[0.99],[1.0456402],[[1.7425147]],1.7548046500557395,1.3867156505584717,1.531041979789734,1.6114517450332642,0.87
S.Hauser,Boston Celtics,[[1.9717203]],[1.74939794],[1.8],[1.6238858],[[0.81962025]],2.075979412295566,1.763392448425293,1.7010294198989868,1.896990180015564,1.87
J.Battle,Toronto Raptors,[[1.0385749]],[1.13723743],[1.565],[1.5193667],[[0.5416692]],1.3072876307009855,0.6480208039283752,0.9781301021575928,1.10254168510437,0.44
T.Kolek,New York Knicks,[[0.46913707]],[0.57718151],[0.45],[0.5072741],[[0.39210764]],1.307895605030334,0.7364129424095154,1.111725091934204,1.1512374877929688,1.485
R.Holland,Detroit Pistons,[[0.22065309]],[0.53192304],[0.54],[0.53994477],[[0.51643026]],0.4627496505417406,0.0004681184655055,0.1831106841564178,0.2395127415657043,0.11
M.Beasley,Detroit Pistons,[[2.3812208]],[2.22889859],[2.27],[2.4237585],[[1.0546504]],2.9617318476483736,2.4006738662719727,2.8296518325805664,2.6143245697021484,2.53
P.Pritchard,Boston Celtics,[[4.4066443]],[4.09870975],[3.865],[4.0638037],[[2.019507]],4.856022953681442,4.260161876678467,4.897050380706787,4.648783206939697,4.785
N.Queta,Boston Celtics,[[0.07573903]],[0.05024495],[0.],[0.10738582],[[0.33198145]],0.2233904629253262,0.0,0.0084296371787786,0.0,0.0
J.Morant,Memphis Grizzlies,[[1.2205733]],[1.75687193],[1.99],[2.1144001],[[2.061397]],1.243002636969737,0.9477428793907166,0.9376859664916992,0.9622933268547058,1.465
J.Green,New Orleans Pelicans,[[0.65385693]],[0.87519096],[0.955],[0.9598379],[[0.7449126]],0.9424371744187396,0.3607117831707001,0.558463454246521,0.6646546721458435,0.615
B.Ingram,New Orleans Pelicans,[[2.0763621]],[2.25496484],[2.395],[2.4155188],[[2.3580453]],2.5511511915556038,2.194716215133667,2.614077091217041,2.397820472717285,2.335
D.White,Boston Celtics,[[4.0815153]],[3.55641515],[3.83],[3.7364244],[[2.6030152]],3.8604237109414417,3.279768466949463,3.7544329166412354,3.9449331760406494,4.17
C.Cunningham,Detroit Pistons,[[2.3239083]],[2.39463082],[2.535],[2.763663],[[2.5534117]],2.8769085285898424,2.292940139770508,2.937774896621704,2.764374256134033,3.395
J.Tatum,Boston Celtics,[[4.7739983]],[4.40177587],[4.75],[4.768238],[[3.468569]],4.69931900221731,4.352452278137207,5.220676422119141,4.828857898712158,5.045
L.Kornet,Boston Celtics,[[0.07586798]],[0.],[0.],[0.1712886],[[0.46659288]],0.3150572676413082,0.0,0.0039143720641732,0.0,0.0
K.Porzingis,Boston Celtics,[[2.8724494]],[2.65558989],[2.97],[2.2808373],[[2.4009678]],2.5694065243676385,2.05543851852417,2.189009666442871,2.452782154083252,2.405
J.Brown,Boston Celtics,[[1.9020655]],[2.21655842],[2.06],[1.9757726],[[2.1936631]],2.459669064281848,2.1416497230529785,2.220998764038086,2.3553617000579834,1.685
P.Washington,Dallas Mavericks,[[1.293654]],[1.64986193],[1.64],[1.4787405],[[1.1975662]],1.3536356883224108,1.0155997276306152,1.147308349609375,1.239506483078003,0.42
S.Fontecchio,Detroit Pistons,[[0.6723554]],[0.74355106],[0.94],[0.5475055],[[0.47415498]],1.2102138049104447,0.5246704816818237,0.9181594252586364,1.0199531316757202,0.43
T.Hardaway,Detroit Pistons,[[3.2329106]],[3.27744651],[3.155],[2.9245086],[[1.5501162]],3.4649309453131285,2.551337480545044,3.2675819396972656,3.0273525714874268,4.03
M.Williams,Charlotte Hornets,[[0.01519817]],[0.],[0.02],[0.],[[0.76001537]],0.2720769766743606,0.0002819551154971,0.0181771796196699,0.0547440089285373,0.0
I.Stewart,Detroit Pistons,[[0.10093635]],[0.00905621],[0.105],[0.20633982],[[0.5271639]],0.2105968004806544,0.000367731321603,0.0,0.0413935743272304,0.0
J.Ivey,Detroit Pistons,[[1.8332293]],[1.99719943],[2.08],[2.2427018],[[2.2119772]],2.528785440854204,1.953231692314148,2.350921392440796,2.3304553031921387,2.545
J.Duren,Detroit Pistons,[[0.02749647]],[0.],[0.],[0.015001],[[0.9345769]],0.2705251802156115,0.0008181000594049,0.0,0.068613700568676,0.0
J.Holiday,Boston Celtics,[[1.8382664]],[1.90051392],[1.63],[1.4973536],[[1.22455]],2.431386991500302,2.00114369392395,2.168513774871826,2.1778604984283447,1.365
A.Hukporti,New York Knicks,[[0.]],[0.],[0.],[0.],[[0.]],0.0,0.0,0.0054173059761524,0.0,0.0
T.Harris,Detroit Pistons,[[0.6283224]],[1.1260466],[0.495],[0.74023527],[[1.0939302]],0.7218474575892082,0.0340944305062294,0.6929575800895691,0.6666371822357178,0.365
D.Bane,Memphis Grizzlies,[[2.3899498]],[2.25658435],[2.21],[2.0817764],[[1.9621279]],2.8417045109222454,2.673298120498657,2.563931941986084,2.661689519882202,1.955
F.Wagner,Orlando Magic,[[2.62612]],[2.3571912],[2.725],[2.6921456],[[2.2215412]],2.457716875798797,2.349117517471313,2.2915525436401367,2.239572286605835,1.285
D.Reath,Portland Trail Blazers,[[0.00494811]],[0.2194842],[0.],[0.21809906],[[0.23461288]],0.7769028337459801,0.000701937940903,0.5161706805229187,0.0,0.625
T.Shannon,Minnesota Timberwolves,[[0.00016827]],[0.],[0.],[0.23423761],[[0.528571]],0.2167009115428091,0.0021576969884335,0.429412692785263,0.1226062923669815,0.53
M.Branham,San Antonio Spurs,[[0.92944175]],[1.53457871],[1.335],[1.3522202],[[1.1823252]],1.8846146512838864,1.4511451721191406,1.5606212615966797,1.6502995491027832,1.395
L.James,Los Angeles Lakers,[[1.7524631]],[1.98707736],[2.22],[2.6020203],[[2.3334658]],2.121361878041414,1.864661693572998,2.1421566009521484,2.032747268676758,1.645
B.Wesley,San Antonio Spurs,[[0.149641]],[0.3844797],[0.105],[0.54176503],[[0.295202]],0.4378132629204997,0.0,0.199040874838829,0.1113090589642524,0.12
D.Nix,Minnesota Timberwolves,[[0.00842488]],[0.02691905],[0.],[0.00971764],[[0.0892702]],0.1668294784340927,5.636434070765972e-05,0.0050347684882581,0.0,0.0
P.Dozier,Minnesota Timberwolves,[[0.01762562]],[0.20949821],[0.],[0.20408641],[[0.18316182]],0.4716630528132837,0.0009270727750845,0.4136863052845001,0.0,0.38
S.Cissoko,San Antonio Spurs,[[0.00335115]],[0.],[0.],[0.02448905],[[0.11236631]],0.6292745151730621,0.0153172314167022,0.843413233757019,0.0,0.545
A.Horford,Boston Celtics,[[1.8547468]],[1.87176771],[1.975],[2.022233],[[1.1815566]],2.701391176820658,2.2222862243652344,2.4065470695495605,2.381298542022705,2.095
I.Jones,Sacramento Kings,[[0.08702876]],[0.01619252],[0.],[0.],[[0.07081407]],0.1466240356770937,0.0,0.0042256354354321,0.0,0.0
A.Wiggins,Golden State Warriors,[[2.4641256]],[2.1960309],[2.085],[2.058897],[[1.7920848]],2.825062276257393,2.43808650970459,2.575256109237671,2.624013185501098,1.525
L.Garza,Minnesota Timberwolves,[[0.07236009]],[0.18831272],[0.36],[0.13033928],[[0.17011778]],0.2528362923776749,0.001153010642156,0.0,0.0501993708312511,0.0
S.Mamukelashvili,San Antonio Spurs,[[0.11118418]],[0.37362907],[0.015],[0.4452168],[[0.3346534]],0.8544636400656103,0.1471241414546966,0.9044943451881408,0.5489056706428528,0.93
J.Toppin,New York Knicks,[[0.02330627]],[0.01326931],[0.],[0.01646201],[[0.07840357]],0.2711771525471984,0.0004443147918209,0.0047826087102293,0.0,0.0
I.Okoro,Cleveland Cavaliers,[[0.05473975]],[0.14355443],[0.14],[0.04587651],[[0.4205432]],0.4943936343362743,0.0013892533024773,0.29381263256073,0.1288469284772873,0.61
A.Flagler,Oklahoma City Thunder,[[0.35897675]],[0.55774042],[0.],[0.3769937],[[0.26500392]],1.178899477779243,0.4817724227905273,1.0092884302139282,0.4086921513080597,1.055
M.Diabate,Charlotte Hornets,[[0.01982349]],[0.],[0.],[0.12616067],[[0.34146568]],0.3993915981697592,0.0003410489298403,0.0047030854038894,0.0,0.0
T.Salaun,Charlotte Hornets,[[0.55810565]],[0.69553192],[0.63],[0.9964423],[[0.3993203]],1.0316718596514216,0.6139822006225586,0.7263070940971375,0.7062435746192932,0.78
J.Shead,Toronto Raptors,[[0.58199644]],[0.90673634],[0.755],[0.8568967],[[0.7662298]],1.0366541605048205,0.0871688351035118,0.7867171764373779,0.871682345867157,0.92
M.Ryan,New York Knicks,[[0.05383281]],[0.16266777],[0.],[0.01443271],[[0.04669645]],0.4815830769903275,0.0002865812275558,0.350015252828598,0.0,0.175
M.Brogdon,Washington Wizards,[[0.24204671]],[0.76632821],[0.72],[0.51827466],[[1.0189203]],0.5639235995864051,0.0020321689080446,0.4095832109451294,0.3894008696079254,0.17
J.Carter,Chicago Bulls,[[0.09239648]],[0.54573136],[0.69],[0.00606216],[[0.29335472]],1.0507796539488137,0.5616143345832825,1.296841740608215,0.4108903408050537,1.335
A.Sarr,Washington Wizards,[[1.3936712]],[1.66534242],[1.4],[1.0117855],[[1.0388006]],1.3801841704614826,0.8535972237586975,1.170962691307068,1.281542420387268,1.145
M.Kleber,Dallas Mavericks,[[0.08742918]],[0.11113046],[0.],[0.2816709],[[0.290568]],0.4934118058189193,0.0007800017483532,0.3140847682952881,0.178247332572937,0.225
J.Murray,Denver Nuggets,[[0.9966906]],[1.38287399],[1.34],[1.678945],[[1.5438316]],1.585382263466042,1.363969087600708,1.5974231958389282,1.4299920797348022,0.855
B.Fernando,Toronto Raptors,[[0.04622184]],[0.],[0.],[0.11616188],[[0.29234418]],0.3258515296075009,0.0,0.0044752969406545,0.0,0.0
M.Morris,Dallas Mavericks,[[0.08345824]],[0.],[0.],[0.],[[0.2289525]],0.5739180551690712,0.0029331196565181,0.4617915749549866,0.050756461918354,0.81
G.Temple,Toronto Raptors,[[0.06224335]],[0.05063064],[0.],[0.05529414],[[0.15776415]],0.4256107263369971,0.0005119640845805,0.3147438764572143,0.0,0.275
J.Crowder,Sacramento Kings,[[0.23044743]],[0.53989655],[0.01],[0.19491436],[[0.45053172]],0.8104041153250368,0.0711382180452346,0.5692052841186523,0.4682062566280365,0.39
C.Boucher,Toronto Raptors,[[0.8845622]],[1.41431225],[0.89],[1.0189961],[[0.7754317]],1.2130519755014595,0.4164646863937378,1.064892053604126,1.0831564664840698,1.07
C.Duarte,Chicago Bulls,[[0.8360651]],[0.87026226],[1.],[1.0429326],[[0.5574273]],1.0542299479258586,0.8364378213882446,0.5624104142189026,0.6862858533859253,0.26
J.Hardy,Dallas Mavericks,[[0.24074481]],[0.55341677],[0.86],[0.678908],[[0.26794207]],0.7993476025663214,0.2105566561222076,0.6835898160934448,0.4552498161792755,0.32
D.Wright,Milwaukee Bucks,[[0.08237812]],[0.32548435],[0.69],[0.5593995],[[0.33081874]],0.7814458553219,0.0005642216419801,0.824856698513031,0.4722723364830017,1.005
X.Tillman,Boston Celtics,[[0.16353935]],[0.37223547],[0.78],[0.14445229],[[0.3446078]],0.8055646789635251,0.1165912076830864,0.6748725771903992,0.431978702545166,0.405
R.Council,Philadelphia 76ers,[[0.09005278]],[0.50040972],[0.64],[0.4483167],[[0.28848377]],0.8637472568399676,0.0709444209933281,0.5627609491348267,0.2972739040851593,0.59
J.Isaac,Orlando Magic,[[0.53920484]],[0.8657433],[1.015],[0.6776968],[[0.56129044]],1.0667405521784847,0.7891497611999512,0.7837197780609131,0.8744783401489258,0.355
C.Christie,Los Angeles Clippers,[[0.51064646]],[0.97982282],[1.01],[1.0556453],[[0.77734214]],1.1741988350631305,0.7183530926704407,0.8754095435142517,1.1126614809036257,0.98
T.Newton,Indiana Pacers,[[0.]],[0.05077937],[0.],[0.],[[0.07588269]],0.1151040611841893,0.0,0.0,0.0,0.0
T.Flowers,Los Angeles Clippers,[[0.18748409]],[0.75971872],[0.145],[0.25594035],[[0.6983659]],0.2461700832985714,0.0009676176123321,0.0,0.0711987912654876,0.0
P.Larsson,Miami Heat,[[1.1055726]],[1.14193287],[1.18],[1.4273809],[[0.6946574]],1.4301467141908264,0.9946362376213074,1.0940310955047607,1.222897171974182,1.01
R.Jackson,Philadelphia 76ers,[[0.13064463]],[0.40807186],[0.],[0.7742841],[[0.32022622]],1.2089413008396437,0.8967915177345276,1.3428527116775513,0.8219457864761353,2.445
M.Brown,Indiana Pacers,[[0.08142012]],[0.],[0.035],[0.03851997],[[0.33399367]],0.2691439623583018,0.0,0.0,0.0253584776073694,0.0
J.Walsh,Boston Celtics,[[0.06353731]],[0.47303835],[0.],[0.06704464],[[0.22830735]],0.6153102483614245,0.0053819911554455,0.7540428638458252,0.0927535369992256,0.8
D.Peterson,Boston Celtics,[[0.10544527]],[0.5419556],[0.5],[0.77730536],[[0.42933547]],0.98535608314193,0.0391741804778575,0.6990498900413513,0.6113806366920471,1.02
R.Rollins,Milwaukee Bucks,[[0.05534215]],[0.07401449],[0.],[0.02620365],[[0.19548447]],0.4190078928469242,0.000330769456923,0.3199019730091095,0.0433708950877189,0.335
Q.Jackson,Indiana Pacers,[[0.10961266]],[0.31968389],[0.],[0.36500636],[[0.4453424]],0.4516861036149525,0.0,0.2626799345016479,0.1778166890144348,0.33
M.Sasser,Detroit Pistons,[[0.0336442]],[0.31958588],[0.295],[0.51179355],[[0.43045086]],0.5381698539486734,0.0007787690265104,0.5641784071922302,0.1023053228855133,0.645
L.Robbins,Milwaukee Bucks,[[0.04308733]],[0.],[0.],[0.15461573],[[0.09755474]],0.3244487183146171,0.0006614025915041,0.0535037145018577,0.0,0.0
P.Connaughton,Milwaukee Bucks,[[1.1421175]],[0.84548127],[1.],[1.053499],[[0.4581258]],1.2190650812385104,0.6571311950683594,0.9614216685295104,1.1117299795150757,1.04
S.Umude,Milwaukee Bucks,[[0.]],[0.16805311],[0.],[0.21866958],[[0.10814711]],0.4899130726968655,0.0,0.6972439885139465,0.0,0.52
M.Bamba,Los Angeles Clippers,[[0.4181795]],[0.67623486],[0.245],[0.4337203],[[0.7136488]],0.9843270271428112,0.0740159749984741,0.6467331647872925,0.6297693252563477,0.895
A.Coffey,Los Angeles Clippers,[[0.81685024]],[0.93256186],[1.005],[1.0413585],[[0.76973367]],1.3227381848642716,0.714239776134491,1.0080527067184448,1.0508440732955933,0.995
K.Johnson,Miami Heat,[[0.04608274]],[0.06633605],[0.],[0.03216007],[[0.096351]],0.1381772403914566,0.0006090605165809,0.0057133468799293,0.0,0.0
A.Bona,Philadelphia 76ers,[[0.]],[0.],[0.],[0.],[[0.16824934]],0.358166294971505,0.0011008438887074,0.0235932320356369,0.0,0.0
J.Harden,Los Angeles Clippers,[[3.0559702]],[2.77603394],[2.69],[2.696349],[[2.7134504]],2.702793568110468,2.3036584854125977,2.644627571105957,2.585554599761963,2.875
K.Durant,Phoenix Suns,[[2.141945]],[2.58440625],[2.215],[2.3668134],[[2.7161248]],2.44260763481266,2.3228273391723637,2.154785394668579,2.4006547927856445,2.055
L.Kennard,Memphis Grizzlies,[[1.4567858]],[1.23454806],[1.245],[1.4951496],[[0.7607596]],2.127788030534912,1.673011302947998,1.7150051593780518,1.832148551940918,0.74
W.Moore,Detroit Pistons,[[0.07040856]],[0.13650456],[0.],[0.20651111],[[0.30134532]],0.4283730914154857,0.0009940547170117,0.3266644477844238,0.1218070015311241,0.315
R.Holmes,Washington Wizards,[[0.07276203]],[0.],[0.095],[0.02704153],[[0.32855883]],0.2724870455649525,0.0017586756730452,0.0018587543163448,0.043060265481472,0.0
A.Thompson,Detroit Pistons,[[0.2384132]],[0.48489944],[0.405],[0.44684634],[[0.64953035]],0.8676727110210476,0.2156343609094619,0.6647507548332214,0.6709975600242615,0.38
P.Dadiet,New York Knicks,[[0.16321658]],[0.49698891],[0.],[0.400825],[[0.2390264]],0.7839552028738753,0.0110512068495154,0.625734806060791,0.2560994625091553,0.78
C.Livingston,Milwaukee Bucks,[[0.]],[0.],[0.],[0.00024835],[[0.61510617]],0.0,0.0008675337303429,0.0068969870917499,0.0,0.0
T.Mann,Los Angeles Clippers,[[0.14384347]],[0.2510905],[0.03],[0.16384332],[[0.5184529]],0.1554860551224647,0.0010178055381402,0.0,0.022204527631402,0.0
K.George,Washington Wizards,[[0.7900448]],[1.13302001],[0.785],[0.8056519],[[0.5829225]],0.5552420413484638,0.0194480903446674,0.2993616461753845,0.4160043001174927,0.225
T.Smith,Milwaukee Bucks,[[0.05642216]],[0.15822592],[0.],[0.25989702],[[0.22374618]],0.3860004906146448,0.0003152356948703,0.3449420928955078,0.0120158893987536,0.44
P.Reed,Detroit Pistons,[[0.07937273]],[0.01171515],[0.41],[0.3911722],[[0.59632087]],0.4886178846445229,0.0011108014732599,0.2413837015628814,0.2155068516731262,0.165
C.Porter,Cleveland Cavaliers,[[0.01764028]],[0.],[0.],[0.04407554],[[0.12948409]],0.3034469491290985,0.0001252212096005,0.0240497421473264,0.0,0.0
R.Dunn,Phoenix Suns,[[2.0713263]],[2.05468988],[2.385],[2.378624],[[0.9455189]],2.473240678350962,1.9971152544021609,2.344216823577881,2.2480647563934326,3.38
C.Kispert,Washington Wizards,[[1.9251239]],[2.36375585],[2.06],[1.9624103],[[0.9540146]],2.154163446238589,1.5778409242630005,1.929867148399353,1.91463041305542,0.855
T.Thompson,Cleveland Cavaliers,[[0.05208918]],[0.00703784],[0.],[0.],[[0.22682852]],0.2940839987184637,0.0003479041624814,0.0072471746243536,0.0,0.0
A.Johnson,Milwaukee Bucks,[[0.03605083]],[0.],[0.],[0.17739806],[[0.14755203]],0.3312957052287681,0.0001054852036759,0.478426069021225,0.0,0.7
J.Davison,Boston Celtics,[[0.03455758]],[0.00539531],[0.],[0.],[[0.01785558]],0.0819768269936394,0.0,0.0001258173142559,0.0,0.0
C.Yongxi,Brooklyn Nets,[[0.08647823]],[0.],[0.],[0.00660983],[[0.02286825]],0.2392879132756323,0.0002241680631414,0.0055972230620682,0.0,0.0
D.Whitehead,Brooklyn Nets,[[0.22262307]],[0.95459838],[0.5],[0.25888136],[[0.24920005]],2.23864657589475,1.8684676885604856,3.797688245773315,1.5037195682525637,3.195
J.Springer,Boston Celtics,[[0.04868215]],[0.],[0.],[0.00847329],[[0.20240077]],0.1282054685710756,0.0,0.0,0.0,0.0
A.Burks,Miami Heat,[[0.7619859]],[1.04276459],[0.86],[0.94998956],[[0.67804277]],2.202918673163281,1.6867494583129885,1.7867729663848877,1.7808459997177124,1.715
D.Theis,New Orleans Pelicans,[[0.11322196]],[0.24994516],[0.],[0.28474218],[[0.44704947]],0.2237852287289751,0.0006094512064009,0.0060938824899494,0.0307275969535112,0.0
E.Liddell,Chicago Bulls,[[0.09723976]],[0.46618379],[0.585],[0.09077828],[[0.24829347]],0.9038294998889204,0.008223102428019,0.8744469285011292,0.4838885962963104,0.91
T.Martin,Brooklyn Nets,[[0.17471875]],[0.69363968],[0.],[0.21300086],[[0.6696307]],1.104190191806666,0.8197557330131531,1.2885785102844238,0.6838533878326416,1.32
B.Scheierman,Boston Celtics,[[0.04082652]],[0.11304722],[0.],[0.],[[0.1573147]],0.1100062586425943,0.0,0.0,0.0,0.0
E.Payton,New Orleans Pelicans,[[0.06166317]],[0.],[0.],[0.01082215],[[0.92648745]],0.1650423091913707,0.000348676694557,0.0004858614411205,0.0651918053627014,0.0
T.Jones,San Antonio Spurs,[[0.07666688]],[0.34903279],[0.02],[0.25375104],[[0.49048972]],0.6351578115250012,0.0039746733382344,0.363195389509201,0.2509994506835937,0.33
K.Matkovic,New Orleans Pelicans,[[0.01975578]],[0.],[0.],[0.0505057],[[0.17213956]],0.2393443103493202,0.0004643746651709,0.0082632889971137,0.0,0.0
Z.Williams,Brooklyn Nets,[[1.5317538]],[1.7108248],[1.78],[1.5639265],[[1.3489101]],2.089358073766902,1.5745480060577393,1.8104796409606931,1.883347988128662,1.47
J.Hood-Schifino,Los Angeles Lakers,[[0.01354261]],[0.01052306],[0.],[0.],[[0.11317272]],0.2247138020408496,0.0001838778844103,0.0,0.0,0.0
E.Gordon,Philadelphia 76ers,[[0.8765595]],[1.1576795],[1.48],[0.7528461],[[0.68785703]],1.3678703027964587,1.0059956312179563,1.0064111948013306,1.0919506549835205,1.525
L.Quinones,Philadelphia 76ers,[[0.185815]],[0.36582506],[0.],[0.27369434],[[0.2576112]],0.434609825930152,0.0008897033985704,0.0,0.0529336556792259,0.0
J.Edwards,Philadelphia 76ers,[[0.03227153]],[0.03346365],[0.],[0.13417476],[[0.22306938]],0.1998118531490774,0.0009240637882612,0.0,0.0,0.0
C.Joseph,Orlando Magic,[[0.49701464]],[0.65176756],[0.],[0.3365588],[[0.3220092]],1.1024650912022005,0.5686440467834473,0.7212483286857605,0.5460907220840454,0.845
A.Reaves,Los Angeles Lakers,[[2.857007]],[2.62432773],[2.865],[2.7976587],[[1.9821559]],2.764181673679117,2.529515504837036,2.584144115447998,2.633607625961304,1.82
T.Craig,Chicago Bulls,[[0.1221666]],[0.67914858],[0.275],[0.23385987],[[0.20834434]],1.0166845598729948,0.1082636937499046,1.0479059219360352,0.656775712966919,1.42
J.Hawkins,New Orleans Pelicans,[[2.1829233]],[2.1936637],[1.875],[2.208131],[[1.5649487]],2.780720899475148,2.421977996826172,2.801715612411499,2.513555765151977,3.5
P.Baldwin,Washington Wizards,[[0.25100076]],[0.5849558],[0.265],[0.37301666],[[0.42872465]],0.7117968589869624,0.1846794188022613,0.6922538876533508,0.6140021085739136,0.275
K.Kuzma,Washington Wizards,[[1.4347843]],[1.73412959],[1.705],[1.9075632],[[1.2566282]],2.133111938986203,1.7310007810592651,1.968411207199097,1.9290496110916135,2.065
S.Jones,Denver Nuggets,[[0.]],[0.],[0.],[0.],[[0.03856738]],0.3711613794009468,0.0100108487531542,0.0,0.0,0.0
L.Ball,Charlotte Hornets,[[4.320824]],[3.73931386],[4.035],[3.8672519],[[2.5881255]],4.912567829115602,4.581052780151367,5.84646463394165,4.702757835388184,5.505
C.Swider,Detroit Pistons,[[0.06001394]],[0.],[0.],[0.00043418],[[0.]],0.1916227975526817,0.0,0.0,0.0,0.0
O.Tshiebwe,Utah Jazz,[[0.09531698]],[0.],[0.],[0.],[[0.4352859]],0.2790378496552915,0.0,0.036804724484682,0.0545002967119216,0.0
R.Dillingham,Minnesota Timberwolves,[[0.05914874]],[0.31219529],[0.295],[0.16276751],[[0.3075293]],0.7456954416430155,0.0009528305381536,0.4901238977909088,0.2849219441413879,0.565
J.Nurkic,Phoenix Suns,[[0.8828996]],[1.29065287],[0.955],[0.7933528],[[0.71919334]],0.5771302058860266,0.0285312682390213,0.407122254371643,0.4533954560756683,0.785
K.Ware,Miami Heat,[[0.12883848]],[0.19670507],[0.27],[0.17302783],[[0.19466001]],0.446412362646515,0.0002173208631575,0.2291662842035293,0.0616302154958248,0.06
J.Hayes,Los Angeles Lakers,[[0.]],[0.03031323],[0.],[0.01282184],[[0.5500544]],0.3604535742183592,0.0005907686427235,0.0019608258735388,0.0566708594560623,0.0
M.Beauchamp,Milwaukee Bucks,[[0.12418167]],[0.04384892],[0.],[0.15781641],[[0.13856979]],0.3277938435944942,0.0,0.3996441662311554,0.0,0.4
J.Landale,Houston Rockets,[[0.2640733]],[0.73045345],[0.105],[0.16034335],[[0.6154642]],1.1171448802573851,0.1970834583044052,0.7630606889724731,0.6335067749023438,0.925
T.Moore,Portland Trail Blazers,[[0.0999201]],[0.],[0.075],[0.19084278],[[0.40200764]],0.797408682098527,0.0,0.555189847946167,0.338756114244461,0.35
K.Brown,Los Angeles Clippers,[[0.04771644]],[0.14221625],[0.],[0.07769398],[[0.2669863]],0.4592880492927087,0.0,0.0079788509756326,0.0,0.0
J.Minaya,Portland Trail Blazers,[[0.]],[0.10238255],[0.],[0.],[[0.]],0.1154385303410455,0.0,0.0353202410042285,0.0342096388339996,0.0
G.Harris,Orlando Magic,[[0.3803687]],[1.32659933],[0.895],[0.31275937],[[0.45986447]],1.8039020626153333,1.941156983375549,1.8226077556610107,1.604508638381958,1.67
C.Thomas,Brooklyn Nets,[[2.5469384]],[2.83229359],[3.015],[3.0506592],[[2.4032075]],2.8771415286073423,2.5347485542297363,2.5459392070770264,2.830634355545044,1.5
T.Lyles,Sacramento Kings,[[0.6379009]],[0.78466884],[0.165],[0.6276177],[[0.52734554]],0.961267567103008,0.3902002274990082,0.7836998701095581,0.7963921427726746,0.96
R.Williams,Portland Trail Blazers,[[0.08159359]],[0.38565087],[0.36],[0.36948317],[[1.5455303]],0.5253224444258995,0.0016374358674511,0.1943381428718567,0.2092305719852447,0.18
N.Jovic,Miami Heat,[[1.9003758]],[1.683195],[1.91],[1.8496588],[[0.9310569]],1.8277254019275533,1.5545554161071775,1.5473350286483765,1.681618571281433,1.2
N.Clowney,Brooklyn Nets,[[0.22877587]],[0.8759771],[0.62],[0.61661583],[[0.4776966]],1.3701056993847534,0.6838971972465515,1.16149640083313,1.2263158559799194,0.905
J.Clarkson,Utah Jazz,[[1.3754597]],[1.74128245],[1.445],[1.4759862],[[1.1762403]],1.284308639551169,0.991096258163452,1.0526134967803955,1.0764436721801758,0.56
A.Williams,Detroit Pistons,[[0.888808]],[0.56960105],[1.005],[0.9895814],[[0.7529974]],1.2378646727393066,1.0410867929458618,1.0424922704696655,1.09808611869812,1.035
D.Clingan,Portland Trail Blazers,[[0.01998116]],[0.20108787],[0.06],[0.00761007],[[0.54047257]],0.6084861813570298,0.0005498074460774,0.2863188087940216,0.1538839340209961,0.635
G.Williams,Charlotte Hornets,[[2.385283]],[2.18812665],[2.22],[2.1588485],[[1.0908206]],2.5522830159639405,1.8479225635528564,2.161895990371704,2.227285146713257,1.96
D.Saric,Denver Nuggets,[[0.08092999]],[0.],[0.],[0.02450657],[[0.16542579]],0.2140743180757619,0.0,0.0181872006505727,0.0,0.0
C.Williams,Utah Jazz,[[0.]],[0.38485812],[0.115],[0.0809048],[[0.44049183]],0.8732779271864382,0.2985097765922546,0.7474550008773804,0.5208713412284851,0.615
J.McVeigh,Houston Rockets,[[0.06786856]],[0.23725118],[0.],[0.],[[0.06428074]],0.3845466121606334,2.5882967747747895e-05,0.2717207670211792,0.0,0.195
T.Mann,Charlotte Hornets,[[2.3477135]],[2.24487725],[2.355],[2.3424585],[[2.1430838]],3.2530987330045216,2.659825563430786,3.1897857189178467,3.139684200286865,3.02
G.Santos,Golden State Warriors,[[0.05682134]],[0.28570779],[0.],[0.2432928],[[0.18213314]],0.5306742840485841,0.0014581738505512,0.3038979470729828,0.0,0.45
J.Williams,Houston Rockets,[[0.1808212]],[0.47028977],[0.],[0.36159837],[[0.43408465]],0.7639790642781857,0.2425056248903274,0.5652737021446228,0.2169314920902252,0.72
C.Whitmore,Houston Rockets,[[0.29301834]],[0.82026802],[0.615],[0.6913062],[[0.4659834]],0.5387437339832434,0.0001506038242951,0.2655450403690338,0.2049338221549987,0.65
D.Lee,Phoenix Suns,[[0.51737094]],[0.43420423],[0.35],[0.87429655],[[0.4729251]],0.5500882302781723,0.0003133447607979,0.2259843349456787,0.2038083374500274,0.175
T.Washington,Phoenix Suns,[[0.06324363]],[0.16614087],[0.315],[0.17587058],[[0.3637743]],1.055312096341524,0.0179709885269403,1.323946237564087,0.3089643716812134,1.31
J.Johnson,Indiana Pacers,[[0.09245089]],[0.00265445],[0.],[0.4316913],[[0.22308633]],0.2044289676723686,0.0003736674552783,0.0113068735226988,0.0,0.0
O.Dieng,Oklahoma City Thunder,[[1.0585347]],[1.11614567],[1.14],[1.4856446],[[0.70936775]],1.2951369200733476,0.7477025985717773,1.0054057836532593,1.112847924232483,1.0
J.Nowell,New Orleans Pelicans,[[0.25434655]],[0.77095335],[0.495],[0.31058797],[[0.6323153]],0.955915887562879,0.0896220579743385,0.7836230397224426,0.8242814540863037,0.545
B.Williams,Dallas Mavericks,[[0.08359051]],[0.05991477],[0.],[0.08176189],[[0.11717436]],0.2686725399039492,0.0018415641970932,0.0159900933504104,0.0,0.0
M.Bridges,Charlotte Hornets,[[1.8268023]],[1.85919518],[1.75],[1.5452251],[[1.2922857]],1.81287598190416,1.4039356708526611,1.635050892829895,1.61180317401886,1.875
V.Cancar,Denver Nuggets,[[0.04491502]],[0.19587761],[0.],[0.13957892],[[0.19539768]],0.5629903052900288,0.0092209242284297,0.4929636418819427,0.1162115111947059,0.605
V.Williams,Memphis Grizzlies,[[0.3499371]],[0.59091292],[0.68],[0.68030065],[[0.43649825]],0.6135670682126468,0.1230325698852539,0.3144777417182922,0.2659777700901031,0.285
J.Dowtin,Philadelphia 76ers,[[0.10185243]],[0.02504935],[0.285],[0.06503809],[[0.25795713]],0.477527698716695,0.0010350188240408,0.2231472581624984,0.0806473344564437,0.185
P.Williams,Chicago Bulls,[[0.8480307]],[1.2300683],[0.98],[0.9048299],[[0.80566096]],1.8245815296986647,1.4382832050323486,2.044373035430908,1.6277862787246704,2.585
J.Richardson,Miami Heat,[[0.03536932]],[0.20730471],[0.24],[0.06151142],[[0.46646896]],0.7488397750294846,0.1018451452255249,0.6063296794891357,0.5214378237724304,0.785
Y.Cui,Brooklyn Nets,[[0.05052603]],[0.],[0.],[0.],[[0.07113697]],0.3044565322922796,0.0,0.0208754818886518,0.0,0.0
Z.Edey,Memphis Grizzlies,[[0.10243399]],[0.18448817],[0.115],[0.18508124],[[0.6390375]],0.52823628083506,0.0019932657014578,0.2067072838544845,0.1120521426200866,0.125
J.Ingles,Minnesota Timberwolves,[[0.]],[0.10016707],[0.],[0.],[[0.12158781]],0.3415933487964884,1.4148536138236524e-05,0.0007623225683346,0.0,0.0
J.Rhoden,Charlotte Hornets,[[0.00696486]],[0.],[0.],[0.08820014],[[0.08180907]],0.2255073844917662,0.0,0.0126506825909018,0.0,0.0
B.Sheppard,Indiana Pacers,[[0.31922182]],[0.69408421],[0.875],[1.0751884],[[0.44794497]],1.2088739378504136,0.95773583650589,1.0298988819122314,1.060148000717163,0.93
M.Jones,Sacramento Kings,[[0.]],[0.0717281],[0.],[0.00486923],[[0.10916779]],0.2448317848654636,0.0,0.0096879750490188,0.0,0.0
M.Leons,Oklahoma City Thunder,[[0.03694344]],[0.],[0.],[0.02816526],[[0.07409769]],0.1907550091000175,0.0,0.0089999670162796,0.0,0.0
J.Bridges,Phoenix Suns,[[0.00935321]],[0.],[0.],[0.],[[0.]],0.1752853999056579,0.0,0.0143861891701817,0.0,0.0
D.Melton,Golden State Warriors,[[1.9910691]],[1.99510061],[2.14],[2.090907],[[0.8938182]],2.4448662124201026,2.0464060306549072,2.213576316833496,2.1729512214660645,3.345
T.Queen,Orlando Magic,[[0.02967166]],[0.],[0.],[0.13698854],[[0.16301537]],0.8967025172666105,0.0455590188503265,0.775790810585022,0.0,0.775
J.Alvarado,New Orleans Pelicans,[[0.5703326]],[0.86060474],[0.83],[0.87429917],[[0.68330574]],1.4400927023298664,1.0360565185546875,1.2315216064453125,1.2335604429244995,2.675
A.Sanogo,Chicago Bulls,[[0.]],[0.0253731],[0.],[0.],[[0.19016632]],0.3192348661025808,0.0004870671546086,0.011400549672544,0.0,0.0
C.Holmgren,Oklahoma City Thunder,[[2.2812877]],[2.38531828],[2.185],[2.031934],[[2.5647476]],1.4026448393319142,0.9249826073646544,1.029234766960144,1.293847680091858,0.6
I.Quickley,Toronto Raptors,[[1.24708]],[1.68726507],[1.62],[1.5337194],[[1.5670613]],2.1703689373835995,1.5441621541976929,1.8778148889541624,1.98543119430542,1.5
P.Mills,Utah Jazz,[[0.13241032]],[0.50521369],[0.77],[0.7097238],[[0.42156953]],1.1168300417096817,0.4630529284477234,0.7534970641136169,0.5596282482147217,1.12
H.Ingram,San Antonio Spurs,[[0.]],[0.01050314],[0.],[0.],[[0.]],0.0,0.0,0.0068833525292575,0.0,0.0
R.Minix,San Antonio Spurs,[[0.05519916]],[0.01672414],[0.],[0.],[[0.]],0.0363850218293813,0.0011460772948339,0.0,0.0468392074108123,0.0
D.Duke,San Antonio Spurs,[[0.07716647]],[0.11319824],[0.03],[0.01111406],[[0.2835609]],0.2630694168797191,0.0,0.0118085863068699,0.0,0.0
Z.Williamson,New Orleans Pelicans,[[0.]],[0.58385547],[0.03],[0.22105029],[[2.0014865]],0.5773111500023458,0.0015495961997658,0.4038552641868591,0.3976357281208038,0.755
A.Nesmith,Indiana Pacers,[[0.40112123]],[0.65105441],[0.625],[0.56244016],[[0.7627476]],0.9549212933568352,0.5273038148880005,0.8025059700012207,0.8506572246551514,1.53
I.Jackson,Indiana Pacers,[[0.01409868]],[0.],[0.],[0.],[[0.7429069]],0.2531999886469875,0.0008202478056773,0.0124563425779342,0.056717537343502,0.0
D.Jenkins,Detroit Pistons,[[0.02158092]],[0.],[0.],[0.],[[0.]],0.0,0.0035307365469634,0.0,0.0,0.0
D.Carton,Toronto Raptors,[[0.04283019]],[0.02184502],[0.],[0.02479442],[[0.07169029]],0.0660341060085074,0.0,0.0,0.0,0.0
P.Banchero,Orlando Magic,[[2.1270084]],[2.75472546],[2.725],[2.3395793],[[2.893467]],2.308280050928555,2.273906946182251,2.199587345123291,2.167936086654663,2.055
A.Ducas,Oklahoma City Thunder,[[0.03253604]],[0.],[0.],[0.],[[0.]],0.0088602382184143,0.0,0.0099907051771879,0.0,0.0
R.Beekman,Golden State Warriors,[[0.]],[0.],[0.],[0.],[[0.53785074]],0.2919140798156797,0.0,0.0206900425255298,0.0,0.0
J.Martin,Brooklyn Nets,[[0.16047314]],[0.44420046],[0.],[0.35258004],[[0.29991934]],1.071616007948316,0.4569155871868133,0.84476637840271,0.0805044919252395,0.695
T.Hendricks,Utah Jazz,[[0.4970406]],[1.01721634],[0.78],[0.3388646],[[0.5956515]],1.2612835722217428,0.8228195905685425,0.96189945936203,1.0098590850830078,0.47
A.Reese,Oklahoma City Thunder,[[0.]],[0.],[0.],[0.],[[0.45979697]],0.4697019197166268,0.0,0.0,0.0124076204374432,0.0
C.Gillespie,Phoenix Suns,[[0.3511164]],[0.41949804],[0.96],[0.9928472],[[0.44704688]],1.1698708444583297,0.9755671620368958,1.0334856510162354,0.856484055519104,1.075
M.McClung,Orlando Magic,[[0.]],[0.],[0.],[0.],[[0.0016904]],0.6115908782392825,0.0,0.0349274612963199,0.0,0.0
U.Chomche,Toronto Raptors,[[0.05101467]],[0.1334506],[0.],[0.],[[0.18633185]],0.5891197856227428,0.0001100240042433,0.0066270707175135,0.2247734069824218,0.0
J.Wiseman,Indiana Pacers,[[0.]],[0.45162069],[0.05],[0.00692681],[[0.35483786]],0.1755682891653413,0.0011626731138676,0.0319902077317237,0.0317336097359657,0.0
