PlayerName,PlayerTeam,PlayerPredictions_DNN_Stl,PlayerPredictions_MLP_Stl,PlayerPredictions_RF_Stl,PlayerPredictions_XGB_Stl,PlayerPredictions_LSTM_Stl,PlayerPredictions_MLP_window_Stl,PlayerPredictions_DNN_window_Stl,PlayerPredictions_XGB_window_Stl,PlayerPredictions_LSTM_window_Stl,PlayerPredictions_RF_window_Stl
D.DiVincenzo,Minnesota Timberwolves,[[1.3695546]],[0.93986409],[1.],[1.3871461],[[1.2685176]],1.0593422866805644,1.0975180864334106,1.1485486030578613,1.131967306137085,1.095
T.Jemison,New Orleans Pelicans,[[0.22478406]],[0.62279348],[1.],[0.656644],[[0.09142797]],0.0,0.001706946874037385,0.2625747323036194,0.15593935549259186,0.605
D.Sabonis,Sacramento Kings,[[0.50324553]],[0.54448787],[1.],[0.08547118],[[0.5419402]],0.6206576219082097,0.2605683505535126,0.5664792060852051,0.4442180395126343,0.265
J.Robinson-Earl,New Orleans Pelicans,[[0.25052688]],[0.46175244],[1.],[0.7174555],[[0.24673863]],0.0,0.0005798880592919886,0.19251514971256256,0.22432006895542145,0.125
J.Cain,New Orleans Pelicans,[[0.09120819]],[0.1918125],[0.],[0.02961439],[[0.06216203]],0.0,0.0007913846638984978,0.21432583034038544,0.06469999998807907,0.1
A.Reeves,New Orleans Pelicans,[[0.13732862]],[0.],[0.83],[7.20261e-05],[[0.]],0.0,0.0028183027170598507,0.5246819257736206,0.09282911568880081,0.75
C.Jones,Sacramento Kings,[[0.04938724]],[0.],[0.],[0.00470949],[[0.]],0.0,0.0017281544860452414,0.010312302969396114,6.299465894699097e-06,0.0
K.Ellis,Sacramento Kings,[[1.4948058]],[1.68305578],[1.93],[1.7271106],[[1.7270861]],1.381181193715094,1.4475829601287842,1.448620319366455,1.406297206878662,1.72
O.Robinson,Sacramento Kings,[[0.39331958]],[0.66940861],[1.],[0.79971594],[[0.39485767]],0.12052741230012584,0.09464878588914871,0.48221346735954285,0.4453728199005127,0.22
D.McDermott,Sacramento Kings,[[0.01204602]],[0.09895977],[0.],[0.01260337],[[0.]],0.0,0.0,0.01049970742315054,0.0,0.0
D.Terry,Chicago Bulls,[[1.130793]],[1.47724828],[1.405],[1.0768571],[[1.1336986]],0.5241521176240816,0.5270988941192627,0.5123177766799927,0.8129842877388,0.225
A.Len,Sacramento Kings,[[0.37084022]],[0.76666635],[1.],[0.6670081],[[0.28968197]],0.16512795496260077,0.04424440115690231,0.4573192894458771,0.43551087379455566,0.665
I.Crawford,Sacramento Kings,[[0.02591471]],[0.],[0.],[0.00101557],[[0.]],0.0,0.00040189147694036365,0.00706503028050065,0.0,0.0
T.Murphy,New Orleans Pelicans,[[0.57057315]],[0.31922511],[1.],[0.69803774],[[0.58820343]],0.36517387282411595,0.30912020802497864,0.5865877866744995,0.4759456515312195,0.215
K.Filipowski,Utah Jazz,[[0.06798975]],[0.],[0.],[0.],[[0.08436732]],0.0,0.0005119155393913388,0.21057134866714478,0.07958272844552994,0.1
D.Eubanks,Utah Jazz,[[0.10829047]],[0.26449983],[0.],[0.00429543],[[0.02581823]],0.0,0.0005382609670050442,0.23454153537750244,0.058942027390003204,0.115
D.Fox,Sacramento Kings,[[1.9617602]],[1.60427765],[2.],[1.926914],[[1.9200052]],2.0515581796476514,1.8560210466384888,2.0903048515319824,1.9219385385513306,3.195
D.DeRozan,Sacramento Kings,[[2.184397]],[1.86404881],[2.],[1.974517],[[2.1531882]],2.3204010603418985,2.0533463954925537,2.2036948204040527,2.1009654998779297,2.61
S.Castle,San Antonio Spurs,[[0.76359504]],[0.57969893],[1.],[0.9546762],[[0.7802797]],0.47413908508223446,0.47357073426246643,0.6009161472320557,0.7589997053146362,0.725
H.Barnes,San Antonio Spurs,[[0.25013298]],[0.09369448],[1.],[0.02076796],[[0.33803186]],0.18068124735289023,0.0016778673743829131,0.4248005449771881,0.31535565853118896,0.245
C.Paul,San Antonio Spurs,[[1.279274]],[1.07662969],[1.],[1.0163275],[[1.2169275]],1.1071172476465985,0.9288435578346252,1.1432452201843262,1.138290524482727,1.455
V.Wembanyama,San Antonio Spurs,[[0.91268915]],[0.84859745],[1.],[0.85515064],[[0.9766724]],0.9374896447842372,0.7558433413505554,1.2706973552703857,0.8756175637245178,2.75
J.McDaniels,Minnesota Timberwolves,[[0.73608035]],[0.41693522],[1.],[0.9429905],[[0.73040414]],0.41825266753081036,0.19711974263191223,0.5824546813964844,0.576253354549408,0.875
V.Micic,Charlotte Hornets,[[0.3279156]],[0.24466107],[1.],[0.7895283],[[0.3543352]],0.04833432225148945,0.0002838944783434272,0.5226393938064575,0.3651059567928314,0.435
C.Martin,Charlotte Hornets,[[0.5224299]],[0.44346718],[1.],[0.8515723],[[0.5218495]],0.4320214102174652,0.08993443846702576,0.6189515590667725,0.4599599838256836,0.725
A.Dosunmu,Chicago Bulls,[[0.]],[0.],[0.],[0.02966931],[[0.02722274]],0.0,0.00031602781382389367,0.005572507157921791,0.0,0.0
C.Sexton,Utah Jazz,[[0.72013706]],[0.53059446],[1.],[0.9526039],[[0.7115534]],0.4696260024460077,0.3370552361011505,0.8343751430511475,0.6690701246261597,1.275
J.Collins,Utah Jazz,[[1.110995]],[0.86663279],[1.],[0.9875689],[[1.0233816]],0.7800267875226464,0.7360523343086243,0.9690806269645691,0.9008147716522217,0.995
L.Markkanen,Utah Jazz,[[0.5619642]],[0.34334955],[1.],[0.6946092],[[0.5628728]],0.35412234224958095,0.012036670930683613,0.6247516870498657,0.4693584442138672,1.13
K.Huerter,Sacramento Kings,[[1.0426608]],[0.77447773],[1.],[0.9910847],[[0.9589636]],0.8847923993205874,0.9855298399925232,1.0039750337600708,0.8932896852493286,0.91
L.Ball,Chicago Bulls,[[1.0727241]],[1.2916782],[1.25],[1.1075178],[[1.181146]],1.1107663674611898,1.0586364269256592,1.1694495677947998,1.0975775718688965,1.555
D.Green,Golden State Warriors,[[1.421247]],[1.35099063],[1.975],[1.7630814],[[1.4969786]],1.2056173096876086,1.1251134872436523,1.3159878253936768,1.178856611251831,1.075
G.Payton,Golden State Warriors,[[0.6507612]],[1.16110147],[1.],[0.9753773],[[0.7657752]],0.9055927081712861,0.8813883066177368,1.2530931234359741,0.8444252610206604,1.315
T.Gibson,Charlotte Hornets,[[0.12232892]],[0.08961746],[1.],[0.],[[0.12626359]],0.0,0.0005276054725982249,0.20865707099437714,0.10171550512313843,0.14
C.Johnson,Brooklyn Nets,[[0.86129117]],[0.62157715],[1.],[1.0203308],[[0.81845295]],0.7400012593477782,0.6864476799964905,0.7882527112960815,0.6868535876274109,0.34
S.Adams,Houston Rockets,[[0.39126778]],[0.49276071],[1.],[0.7735781],[[0.43607607]],0.09201581838687203,0.016919972375035286,0.3827127516269684,0.4521099030971527,0.195
D.Banton,Portland Trail Blazers,[[0.29812798]],[0.71255399],[1.],[0.6598529],[[0.15939431]],0.06792870567603862,0.001196667435579002,0.9200901985168457,0.2922426760196686,1.26
B.McGowens,Portland Trail Blazers,[[0.04433633]],[0.39346002],[0.],[0.],[[0.01218632]],0.0,0.00046223431127145886,0.009252956137061119,0.0,0.0
D.Wade,Cleveland Cavaliers,[[1.7808841]],[1.56814615],[1.54],[1.7587496],[[1.8160279]],1.4995003245679728,1.4626260995864868,1.6428097486495972,1.5633611679077148,2.39
R.Rupert,Portland Trail Blazers,[[1.7079378]],[2.23760998],[1.965],[1.819199],[[1.7792403]],0.9973983537264827,1.0508133172988892,0.9515880942344666,1.138535737991333,0.935
D.Jones,Los Angeles Clippers,[[2.1070695]],[1.7362479],[2.],[1.9363158],[[2.0236952]],1.8377429695393632,1.6623151302337646,1.6391656398773193,1.7928887605667114,2.46
R.Gobert,Minnesota Timberwolves,[[0.7345448]],[0.58514434],[1.],[0.83606285],[[0.7665173]],0.7698298041803682,0.6166682839393616,0.8184848427772522,0.6350488066673279,0.87
J.Juzang,Utah Jazz,[[0.89467174]],[0.9343067],[1.],[0.9952826],[[0.9383943]],0.5167329979986381,0.6786993741989136,0.8493585586547852,0.8166638612747192,0.92
K.Jones,Los Angeles Clippers,[[0.01215281]],[0.0705328],[0.],[0.00132063],[[0.]],0.0,0.0,0.005598348565399647,0.0,0.0
S.Sharpe,Portland Trail Blazers,[[0.3792573]],[0.31243764],[1.],[0.],[[0.43544814]],0.2984508633004316,0.20963597297668457,0.6173001527786255,0.4078228771686554,0.345
C.Reddish,Los Angeles Lakers,[[0.9915886]],[0.81834943],[1.],[0.94815093],[[0.9590882]],0.7837287079593472,1.049216389656067,0.9339863061904907,0.8843715190887451,0.75
T.Horton-Tucker,Chicago Bulls,[[0.0113627]],[0.],[0.],[0.],[[0.]],0.0,0.00038195145316421986,0.01914495974779129,0.0,0.0
A.Holiday,Houston Rockets,[[0.11002566]],[0.26978495],[1.],[0.01000513],[[0.0827678]],0.0,0.0,0.2554915249347687,0.13592632114887238,0.095
D.Lillard,Milwaukee Bucks,[[0.5485956]],[0.37321565],[1.],[0.0330262],[[0.54442585]],0.46480492033374343,0.13614070415496826,0.5683522820472717,0.4469811022281647,0.8
J.Wilson,Brooklyn Nets,[[0.5071531]],[0.42032532],[1.],[0.8861671],[[0.51875037]],0.1605197294558913,0.0008480075048282743,0.40924781560897827,0.38414841890335083,0.165
B.Simmons,Brooklyn Nets,[[0.57731813]],[0.45934905],[1.],[0.95758194],[[0.6023591]],0.42663455283747875,0.1714293211698532,0.63160240650177,0.4821312129497528,0.275
J.Giddey,Chicago Bulls,[[0.2901944]],[0.2144751],[1.],[0.],[[0.30442613]],0.3248277980035009,0.00039728477713651955,0.40912818908691406,0.23677408695220947,0.555
M.Porter,Denver Nuggets,[[1.2496384]],[0.93256148],[1.],[0.9689767],[[1.1516261]],1.1801822548984853,1.319388508796692,1.1160876750946045,1.0770199298858643,1.36
N.Jokic,Denver Nuggets,[[1.6102937]],[1.6510929],[1.765],[1.717118],[[1.6313732]],1.8312383204260378,1.6800287961959839,1.4638627767562866,1.437268853187561,2.19
J.Embiid,Philadelphia 76ers,[[0.32014284]],[0.22140849],[1.],[0.0239717],[[0.398403]],0.22956958606977848,0.0001774694537743926,0.4181360602378845,0.2632986605167389,0.37
G.Yabusele,Philadelphia 76ers,[[1.4083213]],[1.30761946],[1.32],[1.1668212],[[1.4904401]],1.2231054775672927,1.2420560121536255,1.3881478309631348,1.3295670747756958,1.145
G.Trent,Milwaukee Bucks,[[0.97826403]],[0.5385877],[1.],[0.96248883],[[0.9067888]],0.758915482737028,0.7246519327163696,0.9015744924545288,0.883974552154541,1.055
A.Green,Milwaukee Bucks,[[0.41343597]],[0.9357389],[1.],[0.787174],[[0.26368538]],0.0,0.0016056718304753304,0.17123761773109436,0.3581620454788208,0.235
J.McCain,Philadelphia 76ers,[[0.1381316]],[0.31210249],[1.],[0.],[[0.05782349]],0.0,0.0,0.22203147411346436,0.08382890373468399,0.4
J.Randle,Minnesota Timberwolves,[[0.35952988]],[0.36763283],[1.],[0.09568775],[[0.3885668]],0.39855648005825695,0.01477537676692009,0.42244577407836914,0.2731480002403259,0.195
C.Martin,Philadelphia 76ers,[[0.382161]],[0.03432226],[1.],[0.],[[0.4245756]],0.15251913224084904,0.001039239577949047,0.45283937454223633,0.3620532751083374,0.74
P.Watson,Denver Nuggets,[[0.4411137]],[0.37973258],[1.],[0.8212564],[[0.46471617]],0.030916893719005023,0.004612181335687637,0.3922213315963745,0.4273722469806671,0.75
J.Pickett,Denver Nuggets,[[0.10759783]],[0.06160925],[1.],[0.],[[0.09975034]],0.0,0.0005173315294086933,0.4688822627067566,0.13788998126983643,0.74
J.Tate,Houston Rockets,[[0.18716972]],[0.32210541],[1.],[0.5867992],[[0.06645872]],0.0,0.0,0.30999305844306946,0.2328767031431198,0.15
R.Sheppard,Houston Rockets,[[0.11104383]],[0.2493637],[1.],[0.00398424],[[0.10571937]],0.0,0.0,0.2581298053264618,0.15417452156543732,0.125
M.Lewis,Los Angeles Lakers,[[0.19728835]],[0.3275666],[1.],[0.7150359],[[0.09043816]],0.0,0.0018754033371806145,0.3814343214035034,0.17311349511146545,0.63
D.Garland,Cleveland Cavaliers,[[1.5564529]],[1.27597818],[1.99],[1.702908],[[1.4626546]],1.2982099377101037,1.258509874343872,1.3731975555419922,1.3110655546188354,1.8
E.Mobley,Cleveland Cavaliers,[[1.2070806]],[1.06789159],[1.],[1.0516357],[[1.2378653]],1.130846407015463,1.0995607376098633,1.1456559896469116,1.0657367706298828,0.61
G.Niang,Cleveland Cavaliers,[[0.5337344]],[0.49502026],[1.],[0.8466421],[[0.5882071]],0.304863769114329,0.3546641767024994,0.6224232316017151,0.5103567242622375,0.755
J.Jaquez,Miami Heat,[[0.7112555]],[0.50412129],[1.],[1.0094471],[[0.7422164]],0.6037738639907125,0.5723685622215271,0.8140179514884949,0.666712760925293,0.48
J.Miller,Los Angeles Clippers,[[0.21650554]],[0.37943049],[1.],[0.7211792],[[0.22897251]],0.03726949120593351,0.020540907979011536,0.6418164372444153,0.2827896475791931,1.34
B.Clarke,Memphis Grizzlies,[[0.58219963]],[0.60063313],[1.],[0.8481332],[[0.64381737]],0.4970040979610244,0.7647867798805237,0.8820085525512695,0.6563093662261963,1.115
Z.LaVine,Chicago Bulls,[[0.693993]],[0.59099193],[1.],[0.8387246],[[0.73154134]],0.7888339641923755,0.4963238835334778,0.7442234754562378,0.6145790815353394,0.81
H.Jones,New Orleans Pelicans,[[2.2611585]],[1.84334396],[2.01],[1.9946104],[[2.1999743]],2.0884890158903553,2.139296054840088,2.6851606369018555,2.0406806468963623,2.965
D.Knecht,Los Angeles Lakers,[[0.4144978]],[0.41840232],[1.],[0.88003343],[[0.43471578]],0.10056991697830472,0.0010810601525008678,0.43612489104270935,0.3891696631908417,0.265
I.Collier,Utah Jazz,[[0.6821911]],[0.60710527],[1.],[0.920038],[[0.6830592]],0.37228616483165067,0.5571906566619873,0.7298746705055237,0.6998152732849121,0.33
M.Potter,Utah Jazz,[[0.21761623]],[0.19424523],[1.],[0.],[[0.2719116]],0.0,0.0003612992004491389,0.21740640699863434,0.1779315322637558,0.11
K.Middleton,Milwaukee Bucks,[[1.1016307]],[0.95056961],[1.],[0.99990076],[[0.9498566]],0.8586970460020223,0.9963056445121765,0.9254337549209595,0.8770102858543396,0.4
D.Jordan,Denver Nuggets,[[0.17204154]],[0.30949979],[1.],[0.66896015],[[0.19666223]],0.0,0.0004691151261795312,0.21123184263706207,0.1928711086511612,0.145
T.Haliburton,Indiana Pacers,[[1.4523157]],[1.01984099],[1.],[1.2233652],[[1.3349899]],1.3882490894509496,1.1895135641098022,1.7618024349212646,1.291094183921814,1.845
P.Siakam,Indiana Pacers,[[0.7896423]],[0.66169244],[1.],[0.9439505],[[0.72690475]],0.8321343513779355,0.5238032937049866,1.0389037132263184,0.6352815628051758,0.985
S.Henderson,Portland Trail Blazers,[[0.8291906]],[0.53267319],[1.],[0.9776916],[[0.7904507]],0.6019192543284582,0.6819528341293335,0.7736220359802246,0.6795763969421387,0.85
Z.Collins,San Antonio Spurs,[[0.56033206]],[0.79934103],[1.],[0.8979242],[[0.6516714]],0.33142752280723753,0.21510997414588928,0.5768883228302002,0.628556489944458,0.26
K.Johnson,Brooklyn Nets,[[0.2860771]],[0.43756275],[1.],[0.70866007],[[0.28813016]],0.02161075430321341,0.0012549040839076042,0.5783347487449646,0.34743377566337585,0.76
J.McLaughlin,Sacramento Kings,[[0.62752277]],[0.87858961],[1.],[0.89493567],[[0.48864153]],0.34438021915519534,0.6311632990837097,0.7696057558059692,0.6328687071800232,0.815
J.Wells,Memphis Grizzlies,[[0.298407]],[0.21823455],[1.],[0.02894258],[[0.3568914]],0.07981336471362596,0.00043806651956401765,0.4566192924976349,0.31285956501960754,0.385
J.Green,Charlotte Hornets,[[0.673992]],[0.54072745],[1.],[0.9323785],[[0.60687447]],0.38069583264892215,0.03133143112063408,0.6223278641700745,0.525169312953949,0.3
N.Richards,Charlotte Hornets,[[0.21648808]],[0.11560902],[1.],[0.],[[0.27557185]],0.25881425617568954,0.00019213312771171331,0.3631579875946045,0.22176863253116608,0.21
N.Batum,Los Angeles Clippers,[[0.7632683]],[0.76793139],[1.],[0.8751272],[[0.6968535]],0.5014391350341999,0.5371875762939453,0.601026713848114,0.5832418203353882,0.28
C.McCollum,New Orleans Pelicans,[[1.7313373]],[1.33539829],[1.89],[1.7058134],[[1.6266245]],1.7297079828789987,1.7344955205917358,1.6359864473342896,1.617538571357727,0.82
D.Murray,New Orleans Pelicans,[[2.363078]],[1.86600357],[2.5],[2.0189207],[[2.236127]],2.2933491317893844,2.3337159156799316,3.2337751388549805,2.0834414958953857,4.225
Y.Missi,New Orleans Pelicans,[[0.5119903]],[0.46353753],[1.],[0.8736451],[[0.54852873]],0.2990679504613799,0.2815057933330536,0.6317649483680725,0.4709639847278595,0.375
C.Koloko,Los Angeles Lakers,[[0.32081956]],[0.67942309],[1.],[0.70197487],[[0.2558454]],0.10764875690188738,0.003199170343577862,0.6139944195747375,0.34484604001045227,0.645
A.Simons,Portland Trail Blazers,[[0.79638517]],[0.52787551],[1.],[0.92777795],[[0.76207846]],0.6526674224922769,0.710096001625061,0.7625954151153564,0.6654812693595886,0.545
A.Traore,Los Angeles Lakers,[[0.77293384]],[1.1796605],[1.],[0.95471674],[[0.81065243]],0.4205242189459646,0.5099928975105286,0.710017204284668,0.7365471720695496,0.8
J.Butler,Miami Heat,[[1.9409875]],[1.58656597],[2.],[1.8400601],[[1.8611859]],1.8417018810124166,1.5503965616226196,1.6984530687332153,1.723504900932312,0.87
G.Bitadze,Orlando Magic,[[0.16583888]],[0.08741878],[1.],[0.],[[0.18039724]],0.02886522154062951,0.0030888672918081284,0.4041566550731659,0.19746939837932587,0.675
C.Houstan,Orlando Magic,[[0.00678889]],[0.],[0.],[0.02347437],[[0.]],0.0,0.0001681656576693058,0.003955462481826544,0.0,0.0
J.Jackson,Memphis Grizzlies,[[1.6769487]],[1.44315631],[2.],[1.8875136],[[1.6337427]],1.5308588202631062,1.4997848272323608,1.5389926433563232,1.474669098854065,2.11
C.Spencer,Memphis Grizzlies,[[0.117871]],[0.12378242],[1.],[0.],[[0.11586547]],0.0,0.00042596031562425196,0.41668498516082764,0.12652786076068878,0.585
M.Wagner,Orlando Magic,[[0.14107622]],[0.10156639],[1.],[0.00117393],[[0.14729694]],0.0,0.00024530314840376377,0.22907264530658722,0.11369569599628448,0.135
B.Beal,Phoenix Suns,[[1.6613292]],[1.41532513],[1.015],[1.5207102],[[1.6197946]],1.5700179266613508,1.4254429340362549,1.649326205253601,1.4504445791244507,1.73
T.Alexander,Denver Nuggets,[[0.02012329]],[0.],[0.],[0.00179981],[[0.]],0.0,0.0,0.004555013496428728,0.0,0.0
P.Hall,Denver Nuggets,[[0.02212686]],[0.],[0.],[0.00338606],[[0.]],0.0,0.0001739222789183259,0.0053835054859519005,0.0,0.0
A.Thompson,Houston Rockets,[[0.42246404]],[0.35668889],[1.],[0.79271597],[[0.4704671]],0.08984586046669749,0.08149651437997818,0.39461153745651245,0.42348232865333557,0.59
W.Kessler,Utah Jazz,[[0.7259638]],[0.55083679],[1.],[0.9866571],[[0.7226451]],0.6019886969906808,0.40161484479904175,0.7690038084983826,0.6245339512825012,0.32
O.Ighodaro,Phoenix Suns,[[0.00947325]],[0.],[0.],[0.01452272],[[0.]],0.0,0.0,0.005880060140043497,0.0,0.0
M.Morris,Phoenix Suns,[[0.4194527]],[0.71035658],[1.],[0.80550396],[[0.43592986]],0.1953238819142227,0.08523361384868622,0.6338760256767273,0.49439194798469543,0.15
J.Grant,Portland Trail Blazers,[[1.0641185]],[0.8220865],[1.],[1.0411191],[[1.0407767]],0.8954796646160649,0.8678500652313232,1.0320372581481934,0.894926905632019,0.66
Q.Olivari,Los Angeles Lakers,[[0.01536411]],[0.],[0.],[0.],[[0.]],0.0,0.0013379567535594106,0.0,0.0,0.0
D.Avdija,Portland Trail Blazers,[[1.5548512]],[1.23445118],[1.66],[1.7400715],[[1.5191032]],1.278031134613734,1.1892836093902588,1.3592932224273682,1.3464784622192383,1.245
B.James,Los Angeles Lakers,[[0.25714383]],[0.34600198],[1.],[0.79870504],[[0.09628746]],0.0,0.0006412567454390228,0.26230818033218384,0.22520476579666138,0.51
D.Robinson,Miami Heat,[[0.00486422]],[0.],[0.],[0.01228812],[[0.]],0.0,0.0007303992169909179,0.006298354361206293,0.0,0.0
K.Porter,Los Angeles Clippers,[[1.017957]],[0.86180686],[1.],[1.0196127],[[1.0192555]],0.7302788342765189,1.0362995862960815,0.905680239200592,0.8924102783203125,0.425
I.Zubac,Los Angeles Clippers,[[0.7652983]],[0.7031917],[1.],[0.8728473],[[0.7887051]],0.8390476106797679,0.7854098677635193,0.7988390326499939,0.6369849443435669,0.85
N.Powell,Los Angeles Clippers,[[0.5590456]],[0.52092364],[1.],[0.02681859],[[0.55801964]],0.611923078386798,0.4930327236652374,0.608374297618866,0.4477013051509857,0.77
K.Dunn,Los Angeles Clippers,[[1.1282805]],[0.93720148],[1.],[0.9999943],[[1.026027]],1.1243971216344297,1.112358808517456,1.2719305753707886,1.0015158653259277,0.675
G.Antetokounmpo,Milwaukee Bucks,[[0.34356377]],[0.40256023],[1.],[0.11622723],[[0.38904932]],0.3474770446563268,0.0020570196211338043,0.3946765065193176,0.27216780185699463,0.655
B.Hyland,Los Angeles Clippers,[[0.7920673]],[1.20902895],[1.],[0.93649554],[[0.63162196]],0.5591298872871666,0.6434012651443481,0.4911821782588959,0.702544093132019,0.745
M.Christie,Los Angeles Lakers,[[0.4602586]],[0.38744128],[1.],[0.86169225],[[0.49585047]],0.2747174674981925,0.13116705417633057,0.5981428027153015,0.5041257739067078,0.815
T.Jerome,Cleveland Cavaliers,[[1.5074725]],[2.04647102],[1.73],[1.7720968],[[1.8281951]],1.4050960600874736,1.2361007928848267,1.3852618932724,1.3590806722640991,1.35
D.Brooks,Houston Rockets,[[0.5867915]],[0.38448567],[1.],[0.05515793],[[0.625807]],0.44949928023631947,0.6553507447242737,0.6148903965950012,0.5866812467575073,0.405
T.Maxey,Philadelphia 76ers,[[1.6394612]],[1.31992408],[1.99],[1.4636978],[[1.5051444]],1.6257828249237463,1.402816653251648,1.8625544309616089,1.4589489698410034,2.24
J.Smith,Chicago Bulls,[[0.30646098]],[0.53250146],[1.],[0.69488096],[[0.27043518]],0.2299104641754404,0.0004698726115748286,0.3566865026950836,0.30673956871032715,0.16
S.Mykhailiuk,Utah Jazz,[[0.9263756]],[1.07573138],[1.],[0.97322917],[[0.9650685]],0.6802369459580025,0.828370988368988,1.0178320407867432,0.9375642538070679,0.985
T.Camara,Portland Trail Blazers,[[1.9284698]],[1.5215146],[2.],[1.9622953],[[1.8017019]],1.720891953992452,1.5172163248062134,1.811463475227356,1.7083940505981445,2.075
T.Da,Orlando Magic,[[0.]],[0.],[0.],[0.03457633],[[0.]],0.0,0.00020350725390017033,0.0,0.0,0.0
C.Anthony,Orlando Magic,[[0.6777101]],[0.59811982],[1.],[0.90093446],[[0.6961824]],0.38296747847657364,0.9374392628669739,0.7552734017372131,0.6997304558753967,0.235
M.Bagley,Washington Wizards,[[0.00594365]],[0.0897068],[0.],[0.],[[0.]],0.0,4.645914305001497e-05,0.0,0.0,0.0
J.LaRavia,Memphis Grizzlies,[[0.11215451]],[0.09262959],[0.],[0.00859331],[[0.16810974]],0.0,0.0002716157177928835,0.1880893111228943,0.09718289226293564,0.11
J.Furphy,Indiana Pacers,[[0.1953899]],[0.14392249],[1.],[0.68066555],[[0.11229077]],0.0,0.00017541396664455533,0.1492716670036316,0.1802978217601776,0.16
E.Freeman,Indiana Pacers,[[0.18274601]],[0.2458617],[1.],[0.6875299],[[0.15133837]],0.0,7.506826659664512e-05,0.24252523481845856,0.1949668824672699,0.1
G.Vincent,Los Angeles Lakers,[[0.7498115]],[0.66528153],[1.],[0.95604676],[[0.76902384]],0.4683963311011746,0.6342030167579651,0.751006543636322,0.7628520131111145,0.39
B.Boston,New Orleans Pelicans,[[1.5354848]],[1.39663249],[1.69],[1.2722116],[[1.5532228]],1.0629355060118841,1.3193397521972656,1.2984660863876343,1.2565842866897583,1.645
J.Tyson,Cleveland Cavaliers,[[0.0228532]],[0.],[0.],[0.00457172],[[0.]],0.0,0.0,0.0027102618478238583,0.0,0.0
J.Suggs,Orlando Magic,[[2.3363605]],[2.27008524],[2.],[2.0064154],[[2.3897185]],2.2385662338936254,2.2590560913085938,2.1883864402770996,2.08644962310791,3.2
H.Highsmith,Miami Heat,[[0.8563513]],[0.84628772],[1.],[0.9753063],[[0.9199553]],1.0218167929951603,1.0371367931365967,1.239844799041748,0.9568087458610535,1.73
T.Rozier,Miami Heat,[[0.5446405]],[0.41481906],[1.],[0.01846295],[[0.59019756]],0.5273288452013228,0.26886695623397827,0.5926283001899719,0.4581741988658905,0.255
A.Black,Orlando Magic,[[0.500749]],[0.34723983],[1.],[0.72287],[[0.55079716]],0.37045109850340785,0.2534875273704529,0.6061328053474426,0.457482248544693,0.77
J.Walker,Portland Trail Blazers,[[0.00307579]],[0.],[0.],[0.01228467],[[0.]],0.0,0.0,0.009061073884367943,0.0,0.0
D.Mitchell,Cleveland Cavaliers,[[2.1742036]],[1.85495636],[2.],[1.8899829],[[2.1443448]],1.98751997261138,1.8290826082229614,1.951703667640686,1.9438992738723755,2.39
D.Smith,Miami Heat,[[0.21877712]],[0.31540395],[1.],[0.6459526],[[0.22975557]],0.28178386103474395,0.001780881779268384,1.6114429235458374,0.3213016390800476,2.175
J.Allen,Cleveland Cavaliers,[[0.8023886]],[0.80364203],[1.],[1.0203044],[[0.8144466]],0.7668203622123785,0.7172096371650696,0.711933970451355,0.634006679058075,0.285
K.Murray,Portland Trail Blazers,[[0.29123327]],[0.28748535],[1.],[0.61050296],[[0.31927866]],0.061256751868595055,0.0003736478975042701,0.4278058707714081,0.2891795337200165,1.04
S.Merrill,Cleveland Cavaliers,[[0.9394688]],[0.86003716],[1.],[1.0119687],[[1.0008368]],0.7463862405687333,0.8554086685180664,0.9865813851356506,0.9082390666007996,1.065
J.Thor,Cleveland Cavaliers,[[0.48449737]],[1.84570064],[1.],[0.5822838],[[0.35401934]],1.5746112089346078,0.5227713584899902,0.9339939951896667,0.5948690176010132,0.685
K.George,Utah Jazz,[[0.53861266]],[0.13514143],[1.],[0.],[[0.54447013]],0.2926611489096379,0.01189712155610323,0.563145637512207,0.5132791996002197,0.3
D.Ayton,Portland Trail Blazers,[[0.5278956]],[0.40364229],[1.],[0.02981945],[[0.5879378]],0.4630567760584471,0.4128369987010956,0.6025596261024475,0.4514698088169098,0.805
K.Caldwell-Pope,Orlando Magic,[[1.5411911]],[1.12939154],[1.665],[1.7080508],[[1.4718816]],1.2215518026525136,1.4790533781051636,1.206497073173523,1.3438160419464111,1.115
B.Bol,Phoenix Suns,[[0.02826873]],[0.29157103],[0.],[0.01289345],[[0.00459019]],0.0,0.0,0.0,0.0,0.0
A.Davis,Los Angeles Lakers,[[1.5747677]],[1.46033139],[1.],[1.4446641],[[1.5743752]],1.7038114552546044,1.4644273519515991,1.7813427448272705,1.4472157955169678,2.295
C.LeVert,Cleveland Cavaliers,[[1.2478528]],[1.18832176],[1.],[1.0890429],[[1.2370539]],1.1422251950533282,1.1245366334915161,1.340346097946167,1.069304347038269,1.12
M.Plumlee,Phoenix Suns,[[0.5190729]],[0.546654],[1.],[0.86959547],[[0.5741065]],0.26071142287373117,0.05541025474667549,0.6542481184005737,0.4869667589664459,1.395
J.Okogie,Phoenix Suns,[[1.1925731]],[1.22549405],[1.01],[0.9961594],[[1.1962494]],0.9651978775180893,0.8211579918861389,1.0991771221160889,1.095937967300415,1.075
J.Valanciunas,Washington Wizards,[[0.36716753]],[0.33197352],[1.],[0.65159124],[[0.3979128]],0.06573758043756736,0.0013797566061839461,0.37879854440689087,0.29520583152770996,0.62
J.Butler,Washington Wizards,[[0.6094759]],[1.2825582],[1.],[0.88422513],[[0.5086392]],0.3647913522583237,0.7593472599983215,0.7925106287002563,0.5878120064735413,0.235
W.Carter,Orlando Magic,[[1.2892455]],[1.0666192],[1.],[1.1001316],[[1.3219784]],1.094260272361762,1.3184088468551636,1.3635993003845215,1.1460630893707275,1.1
T.Bryant,Miami Heat,[[0.17264453]],[0.29479679],[1.],[0.02282143],[[0.1541699]],0.0,0.0010850972030311823,0.1896870732307434,0.14410877227783203,0.245
K.Love,Miami Heat,[[1.3452785]],[1.9571065],[1.185],[1.6387007],[[1.6241814]],1.6681740190131644,1.4684169292449951,1.6423673629760742,1.3999192714691162,1.7
D.Booker,Phoenix Suns,[[1.4353329]],[1.22023025],[1.],[1.3547381],[[1.3315215]],1.369828003568542,1.261684536933899,1.4280363321304321,1.1931432485580444,2.185
R.Hachimura,Los Angeles Lakers,[[0.8627772]],[0.62692175],[1.],[1.0014915],[[0.81266266]],0.7162608180051168,0.6860666275024414,0.785062313079834,0.7173078656196594,0.735
J.Konchar,Memphis Grizzlies,[[0.48666596]],[0.45768394],[1.],[0.88027644],[[0.4660859]],0.4165304935102643,0.36334893107414246,0.605451762676239,0.41518521308898926,0.28
S.Aldama,Memphis Grizzlies,[[0.42536312]],[0.26829818],[1.],[0.],[[0.451747]],0.2558070945346188,0.07196067273616791,0.3989696502685547,0.3077447712421417,1.105
Y.Kawamura,Memphis Grizzlies,[[0.02908233]],[0.],[0.],[0.00223506],[[0.]],0.0,0.0002745129750110209,0.017406722530722618,0.0,0.0
G.Allen,Phoenix Suns,[[1.0036886]],[0.99840515],[1.],[0.9880872],[[1.002501]],0.7710800821654086,0.8526671528816223,1.0371907949447632,0.8816595077514648,0.72
A.Sengun,Houston Rockets,[[1.7769794]],[1.58068813],[2.],[1.9606711],[[1.853903]],1.5658682880312147,1.370954155921936,1.5177042484283447,1.704887866973877,0.91
J.Green,Houston Rockets,[[0.7610817]],[0.73466554],[1.],[0.91748554],[[0.76932126]],0.76793297055809,0.8343089818954468,0.8631919622421265,0.7202342748641968,0.91
B.Coulibaly,Washington Wizards,[[1.1688489]],[0.86841587],[1.],[1.0627135],[[1.0532057]],1.075754709055345,1.2052944898605347,1.1085577011108398,0.9901611804962158,0.54
T.Jones,Phoenix Suns,[[1.5246632]],[1.22433408],[1.],[1.2714068],[[1.4089366]],1.3097601041982097,1.2478656768798828,1.3144745826721191,1.2535057067871094,0.565
R.O'Neale,Phoenix Suns,[[0.5632607]],[0.44680031],[1.],[0.73394597],[[0.5016316]],0.41618615766488787,0.09020340442657471,0.6235479712486267,0.40802308917045593,0.815
C.Castleton,Memphis Grizzlies,[[0.01921901]],[0.01899845],[0.],[0.],[[0.]],0.0,0.0,0.010390597395598888,0.0,0.0
J.Poole,Washington Wizards,[[2.8316364]],[2.57117017],[2.82],[2.8418262],[[2.7786415]],2.8191726187950508,2.6694235801696777,2.1460845470428467,2.514526844024658,2.255
A.Gill,Washington Wizards,[[0.619419]],[1.09918395],[1.],[0.94088215],[[0.20726624]],0.20993503013605355,0.580940306186676,0.6734378337860107,0.524513840675354,0.765
J.Huff,Memphis Grizzlies,[[0.36078727]],[0.42925346],[1.],[0.7599942],[[0.2731163]],0.20050944922204814,0.00981637742370367,0.4156514108181,0.28498375415802,0.225
J.Howard,Orlando Magic,[[0.03502641]],[0.19858206],[0.],[0.],[[0.]],0.0,4.6289642341434956e-06,0.0,0.0,0.0
J.Davis,Washington Wizards,[[0.09226758]],[0.16509086],[0.83],[0.],[[0.07999548]],0.0,0.0003067400539293885,0.36005493998527527,0.08477018028497696,0.19
D.Russell,Los Angeles Lakers,[[0.97513723]],[0.63522599],[1.],[0.98229164],[[0.9087588]],0.8585041018652352,0.8873554468154907,1.0177371501922607,0.8889908790588379,0.675
L.Travers,Cleveland Cavaliers,[[0.05869136]],[0.1379777],[0.],[0.],[[0.02871459]],0.0,0.00025046439259313047,0.45030421018600464,0.03668927028775215,0.495
J.Champagnie,Washington Wizards,[[0.7930596]],[0.63665744],[1.],[0.9606052],[[0.7556921]],1.0755061433195057,1.306225299835205,2.8449530601501465,0.9554015398025513,3.49
C.Carrington,Washington Wizards,[[0.8841167]],[0.50972776],[1.],[0.9473477],[[0.83997345]],0.740548157705691,1.0278232097625732,0.9609594941139221,0.8025118708610535,1.73
J.Champagnie,San Antonio Spurs,[[1.3555155]],[1.09813976],[1.015],[1.4608209],[[1.3360008]],1.0367098589692796,0.9079649448394775,0.9693909287452698,1.2107418775558472,1.915
B.Adebayo,Miami Heat,[[1.1815071]],[0.97148577],[1.],[1.0405772],[[1.1876119]],1.1692773954148146,1.0704251527786255,1.2187232971191406,1.066382884979248,1.0
T.Herro,Miami Heat,[[0.48109633]],[0.40300418],[1.],[0.],[[0.49106148]],0.5336556919151828,0.22213627398014069,0.5829856395721436,0.41682639718055725,0.355
N.Smith,Charlotte Hornets,[[0.18672067]],[0.17461355],[1.],[0.7200379],[[0.08860902]],0.0,0.00019750150386244059,0.23109759390354156,0.16465257108211517,0.31
L.Waters,Golden State Warriors,[[0.56141907]],[0.81501642],[1.],[0.7507783],[[0.57503706]],0.5465407598848245,0.3526730239391327,0.5735721588134766,0.5346255898475647,0.73
K.Looney,Golden State Warriors,[[1.0059404]],[1.14895714],[1.],[1.0281769],[[1.0589325]],1.1169096113279984,1.127791404724121,1.1835676431655884,1.0148192644119263,0.425
B.Podziemski,Golden State Warriors,[[0.76978034]],[0.54833843],[1.],[0.9918496],[[0.84365505]],0.7099861557165305,0.7300492525100708,0.7870600819587708,0.6914641261100769,0.995
K.Anderson,Golden State Warriors,[[1.3137518]],[1.64488703],[1.14],[1.6059558],[[1.5517869]],1.7977116703788074,1.6574985980987549,1.1728852987289429,1.4908537864685059,1.195
A.Edwards,Minnesota Timberwolves,[[0.59378093]],[0.51242276],[1.],[0.01951343],[[0.58815205]],0.6124014084470425,0.3175399601459503,0.5757652521133423,0.4473698139190674,0.865
N.Reid,Minnesota Timberwolves,[[0.16020459]],[0.15347485],[0.],[0.12582955],[[0.13144788]],0.041815947587137386,4.314497346058488e-05,0.19063302874565125,0.08532149344682693,0.1
J.Phillips,Chicago Bulls,[[0.7967098]],[1.08469537],[1.],[1.0288111],[[1.0180266]],0.8066692282614975,0.8322904109954834,1.0435816049575806,0.9397310018539429,1.015
J.Minott,Minnesota Timberwolves,[[0.00381509]],[0.],[0.],[0.],[[0.]],0.0,0.0005619537550956011,0.012493733316659927,0.0,0.0
J.Kuminga,Golden State Warriors,[[1.2034612]],[0.92640489],[1.],[1.0147173],[[1.2490346]],1.0732053505042072,1.0930721759796143,1.1431877613067627,1.0923612117767334,1.25
M.Buzelis,Chicago Bulls,[[0.1671385]],[0.07604503],[1.],[0.54355586],[[0.0786511]],0.0,0.0005162120796740055,0.19104279577732086,0.14873577654361725,0.15
J.Smith,Houston Rockets,[[0.36018062]],[0.21596091],[1.],[0.03922546],[[0.44750336]],0.22918608891354766,0.17895296216011047,0.3946109116077423,0.3739388585090637,0.76
A.Gordon,Denver Nuggets,[[0.978325]],[0.79170858],[1.],[1.0305816],[[0.89912385]],0.9941731618110364,1.1349186897277832,1.0413035154342651,0.8200711011886597,0.95
J.Strawther,Denver Nuggets,[[1.1516763]],[1.05742628],[1.],[1.0290302],[[1.2202889]],0.7855267203054127,1.0896711349487305,1.0137979984283447,1.0258265733718872,0.955
D.Finney-Smith,Brooklyn Nets,[[1.6523256]],[1.20617596],[2.],[1.7465416],[[1.5366927]],1.311647529813187,1.1807262897491455,1.3565239906311035,1.372558355331421,1.69
M.Turner,Indiana Pacers,[[0.6219025]],[0.29862924],[1.],[0.70040375],[[0.65132123]],0.6743120940178735,0.4241693317890167,0.8331590294837952,0.6355286836624146,0.53
T.McConnell,Indiana Pacers,[[1.0643085]],[1.15205311],[1.145],[1.060481],[[1.1790668]],0.634662703170273,0.633145272731781,0.9585692286491394,0.9238204956054688,0.985
H.Tyson,Denver Nuggets,[[0.24552321]],[0.16824703],[1.],[0.74126774],[[0.27658862]],0.021684220933753634,0.002260634209960699,0.47540193796157837,0.2979886531829834,0.75
Z.Nnaji,Denver Nuggets,[[0.01373443]],[0.08457044],[0.],[0.02238139],[[0.]],0.0,0.0,0.016541695222258568,0.0,0.0
T.Prince,Milwaukee Bucks,[[1.5386292]],[1.10269022],[1.005],[1.5029126],[[1.4190454]],1.2598211870103837,1.2180273532867432,1.3712809085845947,1.3246103525161743,2.665
B.Portis,Milwaukee Bucks,[[0.76502883]],[0.53431501],[1.],[0.9758404],[[0.74015075]],0.5228249324543555,0.4169042408466339,0.6687648296356201,0.6776871681213379,0.95
K.Simpson,Charlotte Hornets,[[0.6543471]],[0.80693578],[1.],[0.912985],[[0.7326843]],0.5786155289559614,0.3870113492012024,0.8790653347969055,0.7413188219070435,1.07
S.Curry,Charlotte Hornets,[[0.87422395]],[0.64680968],[1.],[0.95036167],[[0.79753]],0.6572897709546726,0.598282516002655,0.7979861497879028,0.7059282660484314,1.03
M.Smart,Memphis Grizzlies,[[1.0038233]],[0.84209348],[1.],[0.9775836],[[1.0384313]],0.956084352678476,1.2066363096237183,1.430317997932434,1.0212526321411133,1.415
D.Vassell,San Antonio Spurs,[[0.8715197]],[0.70621952],[1.],[0.9921951],[[0.77883935]],0.6388634903408611,0.8651333451271057,0.8775010108947754,0.7462150454521179,1.425
J.Sochan,San Antonio Spurs,[[0.9302428]],[0.73700137],[1.],[1.0145965],[[0.96338284]],0.8764764690091761,0.7718522548675537,0.9186839461326599,0.9161168932914734,1.36
C.Bassey,San Antonio Spurs,[[0.23027442]],[0.52855875],[1.],[0.66676533],[[0.07528932]],0.0,0.00015084183542057872,0.31342369318008423,0.2259378433227539,0.27
K.Johnson,San Antonio Spurs,[[0.74896836]],[0.40435778],[1.],[0.9806517],[[0.769856]],0.5350943458283842,0.48390036821365356,0.6752970218658447,0.7524973154067993,0.955
N.Alexander-Walker,Minnesota Timberwolves,[[0.80391204]],[0.71292586],[1.],[0.9372482],[[0.65754825]],0.6872949561496452,0.5533602237701416,0.8690088987350464,0.636962354183197,1.445
S.Milton,Brooklyn Nets,[[0.10040657]],[0.24693271],[1.],[0.05072958],[[0.08515833]],0.0,0.0005966810276731849,0.29779675602912903,0.09053801000118256,0.165
T.Watford,Brooklyn Nets,[[0.59024876]],[0.62280481],[1.],[0.8706024],[[0.66056955]],0.27274827032973903,0.25186771154403687,0.5575894117355347,0.5782749652862549,0.28
B.Lopez,Milwaukee Bucks,[[0.763345]],[0.49948651],[1.],[1.0152758],[[0.77401835]],0.6140475671327325,0.4836903214454651,0.692417562007904,0.6691967248916626,0.445
N.Vucevic,Chicago Bulls,[[0.13055333]],[0.09802282],[0.],[0.04105174],[[0.21103354]],0.1455328803417925,0.0002738535695243627,0.22251051664352417,0.09560630470514297,0.61
D.Sharpe,Brooklyn Nets,[[1.3667102]],[1.72253124],[1.39],[1.6319596],[[1.6571949]],1.2528992984633869,1.3555021286010742,1.241441011428833,1.3252217769622803,1.715
C.Braun,Denver Nuggets,[[0.883295]],[0.63034937],[1.],[0.97090346],[[0.83745176]],0.7369252435461954,0.9184296727180481,0.8456282615661621,0.7002518177032471,0.365
R.Westbrook,Denver Nuggets,[[1.5374477]],[1.27170939],[1.32],[1.1777637],[[1.5892545]],1.2296490689229476,1.4407827854156494,1.4705952405929565,1.3675466775894165,1.6
I.Wong,Charlotte Hornets,[[1.0065516]],[1.36105956],[1.115],[1.0870732],[[1.132148]],0.874869029551551,1.0469179153442383,1.1050947904586792,1.001947283744812,0.925
S.Curry,Golden State Warriors,[[2.0116374]],[2.04150931],[2.],[1.93935],[[2.1458323]],2.165545133232779,1.844300389289856,2.093372344970703,1.8186595439910889,2.78
B.Hield,Golden State Warriors,[[0.9416865]],[1.0149748],[1.],[1.0152315],[[0.9785253]],1.0817566649627017,0.9200740456581116,0.9079828262329102,0.8251391053199768,1.085
K.Martin,Philadelphia 76ers,[[0.27946374]],[0.26574234],[1.],[0.02209562],[[0.3179685]],0.09952674759566069,0.0003919481532648206,0.3942895531654358,0.2671784460544586,0.255
D.Schroder,Brooklyn Nets,[[0.7967227]],[0.69194455],[1.],[1.0229731],[[0.72956234]],0.8075245628563715,0.6603848338127136,0.7849917411804199,0.6329858303070068,0.835
N.Claxton,Brooklyn Nets,[[0.6765075]],[0.60122897],[1.],[1.0514195],[[0.57227415]],0.45505090158982087,0.20797471702098846,0.6225733160972595,0.5000247955322266,0.74
K.Lowry,Philadelphia 76ers,[[1.7699178]],[1.5084813],[1.92],[1.6497959],[[1.7538038]],1.5217586010312427,1.4261605739593506,1.7029623985290527,1.5140995979309082,2.05
M.Conley,Minnesota Timberwolves,[[1.3459603]],[0.95000439],[1.01],[1.3254968],[[1.270876]],1.0623499442525934,1.1027103662490845,1.117550253868103,1.1283012628555298,1.06
A.Nembhard,Indiana Pacers,[[1.8771597]],[1.39137323],[2.],[1.9066935],[[1.8718202]],0.9317339527825529,0.974243700504303,0.9880646467208862,1.284164547920227,1.105
M.Moody,Golden State Warriors,[[0.32658717]],[0.30632388],[1.],[0.02397023],[[0.3322864]],0.19935289538388587,0.001786375418305397,0.4336332082748413,0.27058887481689453,0.295
B.Miller,Charlotte Hornets,[[1.0318047]],[0.8644496],[1.],[0.9820552],[[0.9256809]],0.7923633545577052,0.6352766752243042,0.7861879467964172,0.7349213361740112,0.985
O.Toppin,Indiana Pacers,[[0.8027892]],[0.71140837],[1.],[0.9802457],[[0.6645847]],0.7065182167039982,0.5037212371826172,0.9223175644874573,0.6572670340538025,1.055
J.Walker,Indiana Pacers,[[1.3653485]],[1.5170543],[1.57],[1.2117487],[[1.177619]],0.9485022767815648,1.0231189727783203,1.22627854347229,0.9432056546211243,1.115
A.Drummond,Philadelphia 76ers,[[1.8635627]],[1.43073461],[2.],[1.9204887],[[1.7738428]],1.4478559494453715,1.4303383827209473,1.4152131080627441,1.5439711809158325,1.335
C.White,Chicago Bulls,[[1.2887855]],[1.03891584],[1.],[1.1691884],[[1.2891896]],1.396054165395391,1.2705225944519043,1.3304712772369385,1.2378082275390625,1.05
D.Jeffries,Charlotte Hornets,[[0.27578363]],[0.301789],[1.],[0.],[[0.16797256]],0.0733315414903323,0.0008700705366209149,0.30316174030303955,0.19791081547737122,0.59
S.Pippen,Memphis Grizzlies,[[1.5624309]],[1.17556894],[1.43],[1.6799784],[[1.5147021]],1.3005136532249797,1.4237064123153687,1.642526626586914,1.3378785848617554,1.575
B.Sensabaugh,Utah Jazz,[[0.408435]],[0.4916449],[1.],[0.7615288],[[0.4007185]],0.04537214714300611,0.00015405943850055337,0.42022815346717834,0.3685273230075836,0.22
A.Jackson,Milwaukee Bucks,[[1.255293]],[1.67741373],[1.695],[1.4736527],[[1.2998755]],0.6745796803322825,0.833626925945282,0.587839663028717,0.9505595564842224,0.265
K.Oubre,Philadelphia 76ers,[[1.2092535]],[0.79387485],[1.],[1.0025182],[[1.114012]],1.045524569262889,1.0517280101776123,1.1495696306228638,1.0779507160186768,1.78
P.George,Philadelphia 76ers,[[2.3709269]],[2.06095416],[2.04],[2.041718],[[2.3032835]],2.0644117956580117,1.6293025016784668,1.8451611995697021,1.995405673980713,2.48
M.Monk,Sacramento Kings,[[0.34907347]],[0.29188022],[1.],[0.00632135],[[0.3957192]],0.21938818283902936,0.000188357662409544,0.41352877020835876,0.3105529844760895,0.335
K.Murray,Sacramento Kings,[[0.5663109]],[0.40950574],[1.],[0.04569786],[[0.6010795]],0.5316949436467384,0.22727613151073456,0.47887325286865234,0.5081555247306824,0.25
B.Mathurin,Indiana Pacers,[[0.1327829]],[0.109606],[0.],[0.],[[0.18532434]],0.015841207104284494,0.0,0.19086571037769318,0.11106935888528824,0.16
S.Dinwiddie,Dallas Mavericks,[[0.10742609]],[0.01052243],[1.],[0.],[[0.1356461]],0.0,0.0007231298950500786,0.21510030329227448,0.10121157020330429,0.225
K.Irving,Dallas Mavericks,[[1.5408278]],[1.30753775],[1.035],[1.3712722],[[1.4375441]],1.4363787972195865,1.2819688320159912,1.3568912744522095,1.2559221982955933,0.8
L.Doncic,Dallas Mavericks,[[1.0438571]],[0.87099171],[1.],[1.0072738],[[1.0130417]],0.9742906479897512,0.9338365793228149,0.9933323264122009,0.8493918180465698,0.975
S.Barnes,Toronto Raptors,[[1.8141956]],[1.41109193],[2.],[1.9425141],[[1.6793131]],1.7595560483905852,1.650536298751831,1.8793284893035889,1.6546249389648438,1.175
J.Green,New Orleans Pelicans,[[1.4674255]],[1.26771308],[1.02],[1.1066812],[[1.4709525]],1.4288473715351968,1.5713813304901123,1.6650950908660889,1.4108515977859497,2.265
R.Barrett,Toronto Raptors,[[0.7136353]],[0.49204909],[1.],[0.7673977],[[0.66402376]],0.6513098047087423,0.7176241874694824,0.7815355658531189,0.6141916513442993,0.92
M.Beasley,Detroit Pistons,[[0.16726562]],[0.15046],[0.83],[0.00336586],[[0.24811713]],0.0,0.0009121417533606291,0.19532862305641174,0.15249860286712646,0.1
I.Stewart,Detroit Pistons,[[0.98375833]],[0.82674035],[1.],[0.9496625],[[1.011547]],0.5630313492736816,0.8305327296257019,0.8906124830245972,0.8007923364639282,0.865
K.Williams,Oklahoma City Thunder,[[0.42055446]],[0.55804304],[1.],[0.776567],[[0.45972097]],0.28516008035570795,0.305265337228775,0.6320367455482483,0.5152773261070251,0.29
C.Cunningham,Detroit Pistons,[[1.0244708]],[0.86386908],[1.],[1.0079801],[[0.97608334]],0.971107332358153,1.032863974571228,1.0421136617660522,0.841899037361145,1.065
J.Hart,New York Knicks,[[1.3783491]],[1.09278991],[1.],[1.2697353],[[1.291012]],1.3322881560034026,1.3230252265930176,1.4758366346359253,1.227597713470459,1.515
I.Joe,Oklahoma City Thunder,[[0.43979168]],[0.38798385],[1.],[0.79408824],[[0.4717595]],0.3070827937480388,0.20506475865840912,0.6137704253196716,0.4754917323589325,1.18
R.Holland,Detroit Pistons,[[0.26576802]],[0.35358125],[1.],[0.76481146],[[0.32495263]],0.04826357346995977,0.01115833967924118,0.43429458141326904,0.3123055398464203,0.23
J.Brunson,New York Knicks,[[0.32331705]],[0.19581115],[1.],[0.0247409],[[0.34309277]],0.2167994761504581,0.049907781183719635,0.4507720470428467,0.25645485520362854,1.005
D.Powell,Dallas Mavericks,[[0.02383221]],[0.0612236],[0.],[0.],[[0.]],0.0,0.00040678377263247967,0.010647191666066647,0.0,0.0
T.Hardaway,Detroit Pistons,[[0.13487414]],[0.],[0.],[0.],[[0.17050834]],0.008960979907020689,0.0,0.17941796779632568,0.09375110268592834,0.13
N.Queta,Boston Celtics,[[0.00620466]],[0.],[0.],[0.],[[0.]],0.0,0.00032439976348541677,0.0,0.0,0.0
J.Walter,Toronto Raptors,[[0.15523987]],[0.02353923],[1.],[0.],[[0.18041655]],0.0,0.00040112552233040333,0.582387387752533,0.22176438570022583,1.15
J.Williams,Oklahoma City Thunder,[[2.2735531]],[2.16635028],[2.285],[2.184536],[[2.494882]],2.0559430741519304,1.9218292236328125,2.028613805770874,2.1474928855895996,2.845
A.Wiggins,Oklahoma City Thunder,[[0.5530933]],[0.53751356],[1.],[1.0622479],[[0.5630479]],0.36775306769630844,0.3431724011898041,0.6343374848365784,0.5248417258262634,0.79
J.Sims,New York Knicks,[[0.00378775]],[0.],[0.],[0.00395415],[[0.]],0.0,4.261371213942766e-05,0.0,0.0,0.0
P.Achiuwa,New York Knicks,[[0.26813677]],[0.14227302],[1.],[0.12887314],[[0.3203055]],0.10346822797562402,0.015571251511573792,0.5428375601768494,0.34081774950027466,0.655
P.Pritchard,Boston Celtics,[[0.8260619]],[0.65654655],[1.],[0.99384737],[[0.72305906]],0.6014470093338812,0.7703002691268921,0.7415071725845337,0.6459000110626221,0.775
J.Battle,Toronto Raptors,[[0.00203601]],[0.],[0.],[0.00433887],[[0.]],0.0,0.0041269175708293915,0.009887641295790672,0.0,0.0
S.Gilgeous-Alexander,Oklahoma City Thunder,[[2.1033716]],[2.11033375],[2.],[1.9726856],[[2.3870664]],2.328984791454531,2.125443935394287,1.978150725364685,2.1194212436676025,1.49
L.Dort,Oklahoma City Thunder,[[1.4812105]],[1.40265753],[1.99],[1.7807562],[[1.5235053]],1.3526214437264186,1.2670702934265137,1.5703954696655273,1.3679909706115723,2.55
K.Thompson,Dallas Mavericks,[[1.4011412]],[1.06742587],[1.],[1.0896304],[[1.2436111]],1.1109049466661327,1.08035147190094,1.2963228225708008,1.0893090963363647,1.165
J.Brown,Boston Celtics,[[1.7283823]],[1.35542262],[1.075],[1.751784],[[1.6700135]],1.4831255055525878,1.6480787992477417,1.497413158416748,1.538417100906372,1.62
M.Williams,Charlotte Hornets,[[0.3644845]],[0.7570295],[1.],[0.7159575],[[0.24634935]],0.028226064812911872,0.002117573283612728,0.40208280086517334,0.3068476915359497,0.235
O.Prosper,Dallas Mavericks,[[0.01790325]],[0.],[0.],[0.02261899],[[0.]],0.0,0.0007339250296354294,0.009352308697998524,0.0,0.0
C.Wallace,Oklahoma City Thunder,[[2.281755]],[2.22865117],[2.005],[2.019637],[[2.4390502]],2.164079347498811,2.109600782394409,2.140369176864624,2.221461772918701,1.705
B.Ingram,New Orleans Pelicans,[[0.68730986]],[0.53845691],[1.],[0.9053496],[[0.66341686]],0.6782853063107688,0.7744625806808472,0.7406226992607117,0.5842052102088928,0.335
J.Ivey,Detroit Pistons,[[1.2962278]],[0.98424268],[1.],[1.0974642],[[1.1900717]],1.126785967473158,1.20301353931427,1.2865691184997559,1.0791943073272705,1.58
J.Duren,Detroit Pistons,[[0.09422807]],[0.0361882],[0.],[0.01414594],[[0.12421886]],0.0,0.00044378245365805924,0.22174714505672455,0.05889839679002762,0.18
J.Holiday,Boston Celtics,[[0.12674196]],[0.],[0.],[0.00303013],[[0.21164507]],0.0,0.00024588927044533193,0.1706259846687317,0.11524515599012375,0.155
M.McBride,New York Knicks,[[1.3289579]],[0.93508612],[1.],[1.045605],[[1.1652975]],1.0213734973386068,1.135462760925293,1.1092302799224854,1.0689786672592163,1.695
S.Hauser,Boston Celtics,[[0.36605155]],[0.37015584],[1.],[0.7984103],[[0.40061784]],0.03813262416364968,0.0004360094608273357,0.36129119992256165,0.32025232911109924,0.625
D.White,Boston Celtics,[[0.837895]],[0.79483616],[1.],[1.0071055],[[0.8080533]],0.701395810960004,0.8590947985649109,0.8415282964706421,0.6550982594490051,0.76
J.Tatum,Boston Celtics,[[1.9296463]],[1.79523595],[2.],[1.9340819],[[1.9506797]],2.048026458060746,2.0221598148345947,2.0818848609924316,1.7687193155288696,2.705
T.Kolek,New York Knicks,[[0.33983275]],[0.81741687],[1.],[0.68726796],[[0.15790059]],0.0,0.000680754252243787,0.15159833431243896,0.26921018958091736,0.095
O.Anunoby,New York Knicks,[[1.7323978]],[1.30105785],[1.075],[1.7195938],[[1.6170177]],1.5071965364714717,1.5073672533035278,1.556530237197876,1.515650987625122,1.8
M.Bridges,New York Knicks,[[1.679515]],[1.33994166],[1.05],[1.5437483],[[1.5559773]],1.5650615491978446,1.5098156929016113,1.7825239896774292,1.468316674232483,2.255
P.Washington,Dallas Mavericks,[[2.091959]],[1.70667896],[2.],[1.9978337],[[2.0777586]],1.9797296799937525,1.849434733390808,2.0480241775512695,1.9071145057678223,2.405
L.Kornet,Boston Celtics,[[0.26719144]],[0.30776931],[1.],[0.62513626],[[0.28136745]],0.020227091767408112,0.00036063557490706444,0.38328731060028076,0.2738257348537445,0.295
J.Poeltl,Toronto Raptors,[[0.5196812]],[0.26369051],[1.],[0.01700648],[[0.54885346]],0.4185118612285684,0.4192708134651184,0.591880738735199,0.46166712045669556,1.185
Q.Grimes,Dallas Mavericks,[[0.14854746]],[0.10704681],[1.],[0.00663808],[[0.16256058]],0.0,0.0011045678984373808,0.23131664097309113,0.1603003442287445,0.16
A.Caruso,Oklahoma City Thunder,[[1.7745969]],[1.69720407],[2.],[1.5256866],[[1.9334158]],1.6662389717757473,1.6815208196640015,1.237244963645935,1.7467730045318604,0.88
S.Fontecchio,Detroit Pistons,[[0.0164857]],[0.],[0.],[0.0301652],[[0.]],0.0,0.0,0.010102913714945316,0.0,0.0
A.Mitchell,Oklahoma City Thunder,[[0.60776734]],[0.6135105],[1.],[0.8752286],[[0.64559335]],0.5011450244086835,0.7472969889640808,0.7617606520652771,0.6838588118553162,0.49
A.Hukporti,New York Knicks,[[0.01576069]],[0.],[0.],[0.00406443],[[0.]],0.0,0.00016350363148376346,0.0,0.0,0.0
G.Dick,Toronto Raptors,[[0.98616785]],[0.61305579],[1.],[0.9891806],[[0.9071684]],0.8287303419736526,1.0126107931137085,1.0640885829925537,0.8619127869606018,1.76
K.Olynyk,Toronto Raptors,[[1.8849384]],[2.47819855],[2.],[2.0262978],[[1.9463412]],2.0811835531533487,1.8622246980667114,2.134190320968628,1.8344448804855347,1.99
D.Bane,Memphis Grizzlies,[[0.97034514]],[0.66749488],[1.],[0.9774874],[[0.8477458]],0.8890229560880342,1.0779242515563965,0.9826935529708862,0.7974432706832886,0.525
O.Agbaji,Toronto Raptors,[[1.3464228]],[0.92524021],[1.],[0.9760974],[[1.1895182]],1.0543250952175633,1.155864953994751,1.2637757062911987,1.1000767946243286,0.615
D.Mitchell,Toronto Raptors,[[0.58800393]],[0.39851818],[1.],[0.8475997],[[0.59025997]],0.302062120477087,0.40375667810440063,0.503123939037323,0.5366026759147644,0.195
K.Porzingis,Boston Celtics,[[0.97167605]],[0.81452576],[1.],[0.9754472],[[0.87790585]],0.8630080461156543,1.0009641647338867,0.9915427565574646,0.7957851886749268,0.92
D.Lively,Dallas Mavericks,[[0.97096354]],[0.77198788],[1.],[0.97727937],[[0.85693145]],0.8451636949448457,0.7945092916488647,0.9700872302055359,0.7983770370483398,0.525
D.Gafford,Dallas Mavericks,[[0.3049738]],[0.35587488],[1.],[0.6626943],[[0.27777916]],0.15446889153674195,0.0006927103386260569,0.4155685007572174,0.25882479548454285,0.19
I.Hartenstein,Oklahoma City Thunder,[[0.3590407]],[0.36585172],[1.],[0.0239782],[[0.40341613]],0.39377437521990166,0.0162518210709095,0.45630088448524475,0.30062875151634216,0.65
T.Harris,Detroit Pistons,[[0.59473914]],[0.34978282],[1.],[0.05533684],[[0.6321834]],0.43480970105919303,0.5715640187263489,0.5961072444915771,0.5184678435325623,0.35
J.Morant,Memphis Grizzlies,[[0.27026233]],[0.20104852],[1.],[0.00148822],[[0.2915188]],0.25471858604869557,0.01377220917493105,0.44521564245224,0.22483481466770172,0.65
J.Mogbo,Toronto Raptors,[[1.3479685]],[1.60199769],[1.735],[1.6446047],[[1.5180997]],1.066927289488277,1.219026803970337,1.2516586780548096,1.2295037508010864,1.14
A.Horford,Boston Celtics,[[1.0358744]],[0.77242381],[1.],[1.0017322],[[0.905454]],0.7856151957233334,1.054761290550232,0.9245172739028931,0.8349112272262573,0.905
D.Reath,Portland Trail Blazers,[[0.03906721]],[0.2850066],[0.],[0.],[[0.00044059]],0.0,0.0,0.0,0.0,0.0
I.Jones,Sacramento Kings,[[0.02254828]],[0.],[0.],[0.],[[0.]],0.0,0.000682059908285737,0.0043321289122104645,0.0,0.0
L.James,Los Angeles Lakers,[[0.12086953]],[0.0605806],[0.],[0.03540694],[[0.17263803]],0.08891795763004565,0.00038675739779137075,0.21605530381202698,0.12017843127250671,0.21
S.Cissoko,San Antonio Spurs,[[0.0401972]],[0.30952387],[0.],[0.],[[0.]],0.0,0.0,0.041245751082897186,0.007342793978750706,0.0
B.Wesley,San Antonio Spurs,[[0.01310584]],[0.],[0.],[0.01726579],[[0.]],0.0,0.0,0.0,0.039836324751377106,0.0
L.Garza,Minnesota Timberwolves,[[0.02400765]],[0.],[0.],[0.00763971],[[0.]],0.0,0.0006240791408345103,0.013057696633040905,0.0,0.0
P.Dozier,Minnesota Timberwolves,[[0.2789398]],[0.73102182],[1.],[0.6287104],[[0.05802957]],0.010425419923274865,0.00045809888979420066,0.2419682741165161,0.23865270614624023,0.36
D.Nix,Minnesota Timberwolves,[[0.03438751]],[0.],[0.],[0.00427379],[[0.]],0.0,0.0007097207708284259,0.00324255577288568,0.0,0.0
T.Jackson-Davis,Golden State Warriors,[[0.12680672]],[0.13077476],[0.],[0.1881053],[[0.04036573]],0.06617574394251038,0.001062168856151402,0.14331366121768951,0.04015468806028366,0.21
M.Branham,San Antonio Spurs,[[0.626792]],[0.88062319],[1.],[0.8392001],[[0.65755254]],0.6227766999464546,0.5373949408531189,0.9233240485191345,0.7119434475898743,1.52
F.Wagner,Orlando Magic,[[1.7891929]],[1.62114551],[2.],[1.8733662],[[1.7345477]],1.359428488720052,1.5303335189819336,1.3782938718795776,1.399938941001892,1.115
P.Spencer,Golden State Warriors,[[0.20701605]],[0.52981893],[1.],[0.6572214],[[0.09421403]],0.0,0.0001972106983885169,0.23536591231822968,0.1658412218093872,0.575
S.Mamukelashvili,San Antonio Spurs,[[0.02630549]],[0.12912876],[0.],[0.01652648],[[0.]],0.0,0.0,0.0,0.0,0.0
A.Wiggins,Golden State Warriors,[[0.26914605]],[0.16067706],[1.],[0.02379719],[[0.26581112]],0.30792070384167847,0.001906556892208755,0.426199346780777,0.21146582067012787,0.255
T.Shannon,Minnesota Timberwolves,[[1.076009]],[1.42085659],[1.],[1.0160311],[[0.82047915]],0.5868002475714078,0.2102121263742447,0.33449408411979675,0.6382657289505005,0.185
M.Morris,Dallas Mavericks,[[0.02388419]],[0.],[0.],[0.01715302],[[0.]],0.0,0.00035315824788995087,0.0,0.0,0.0
I.Okoro,Cleveland Cavaliers,[[0.82517326]],[0.89155864],[1.],[1.0032558],[[0.95510525]],0.5407630941729689,0.6639208197593689,0.8458250164985657,0.8013705015182495,0.85
A.Sarr,Washington Wizards,[[0.5199868]],[0.41059117],[1.],[0.898975],[[0.5385408]],0.32170326712946595,0.24889788031578064,0.6268636584281921,0.43089404702186584,0.36
T.Salaun,Charlotte Hornets,[[0.7382669]],[0.68385398],[1.],[0.95052963],[[0.7511377]],0.24889600328661984,0.033666256815195084,0.5839127898216248,0.6586670875549316,0.805
B.Fernando,Toronto Raptors,[[0.14254883]],[0.27258446],[1.],[0.],[[0.12442418]],0.0,0.006687156390398741,0.2580161392688751,0.1343914419412613,0.17
J.Murray,Denver Nuggets,[[1.2902346]],[0.87811197],[1.],[1.1896666],[[1.180764]],1.1153867581818413,1.3073350191116333,1.3295351266860962,1.1119349002838135,1.305
J.Carter,Chicago Bulls,[[0.49483898]],[1.00882299],[1.],[0.9105126],[[0.36908934]],0.3261928438132672,0.4628892242908478,0.782128632068634,0.5639708638191223,1.235
F.VanVleet,Houston Rockets,[[1.6062131]],[1.27545595],[1.105],[1.3291912],[[1.546527]],1.566575455889014,1.356568694114685,1.2729917764663696,1.5973182916641235,0.83
A.Flagler,Oklahoma City Thunder,[[0.35551608]],[1.04685526],[1.],[0.62416106],[[0.07795499]],0.14894313990991284,0.0,0.24366386234760284,0.3507799208164215,0.12
J.Crowder,Sacramento Kings,[[0.47655633]],[0.46283274],[1.],[0.8875459],[[0.51908076]],0.3061666108941261,0.14642739295959473,0.6128366589546204,0.5183161497116089,0.735
J.Shead,Toronto Raptors,[[0.63046116]],[0.50757523],[1.],[0.9145565],[[0.6190782]],0.28289430662510895,0.4031298756599426,0.6193180084228516,0.5447614192962646,0.875
G.Temple,Toronto Raptors,[[0.39062083]],[0.59472896],[1.],[0.79150605],[[0.23580313]],0.19932188475820553,0.42412078380584717,1.06598699092865,0.4727233648300171,1.48
B.Carlson,Oklahoma City Thunder,[[0.23745203]],[0.51689178],[1.],[0.6568627],[[0.08490586]],0.0,0.0009069337975233793,0.29191580414772034,0.25829625129699707,0.185
J.Toppin,New York Knicks,[[0.0137554]],[0.13223855],[0.],[0.],[[0.01029025]],0.0,0.0,0.0012393641518428922,0.0,0.0
K.Towns,New York Knicks,[[0.82068944]],[0.77456986],[1.],[1.0195026],[[0.79060346]],0.7272069937714365,0.7534090280532837,0.8587208986282349,0.6391100287437439,1.345
C.Boucher,Toronto Raptors,[[0.45606533]],[0.44994279],[1.],[0.87357605],[[0.4893985]],0.28593711731564453,0.2687588036060333,0.604493260383606,0.46969184279441833,0.3
M.Kleber,Dallas Mavericks,[[0.00390413]],[0.],[0.],[0.],[[0.]],0.0,0.00046727422159165144,0.01888735219836235,0.0,0.0
C.Duarte,Chicago Bulls,[[0.0530946]],[0.50504897],[0.],[0.00449202],[[0.02715219]],0.0,0.0,0.0,0.0,0.0
M.Ryan,New York Knicks,[[0.01898182]],[0.],[0.],[0.00437581],[[0.]],0.0,0.0003803313011303544,0.0023181657306849957,0.0,0.0
M.Brogdon,Washington Wizards,[[0.27439326]],[0.23100963],[1.],[0.04298346],[[0.3183615]],0.1417811075213131,0.004208035301417112,0.41980910301208496,0.2638764977455139,0.265
M.Diabate,Charlotte Hornets,[[0.13770643]],[0.24266847],[1.],[0.],[[0.12405757]],0.0,3.91060602851212e-05,0.23051686584949493,0.11572553217411041,0.165
J.Hardy,Dallas Mavericks,[[0.17807113]],[0.11399554],[1.],[0.00272876],[[0.17457186]],0.0,0.0012688024435192347,0.22319354116916656,0.183425635099411,0.54
T.Flowers,Los Angeles Clippers,[[0.00753216]],[0.],[0.],[0.],[[0.]],0.0,0.0,0.004462609067559242,0.0,0.0
R.Rollins,Milwaukee Bucks,[[0.01520932]],[0.15353292],[0.],[0.0010828],[[0.00658499]],0.0,0.0002769474231172353,0.0,0.0,0.0
R.Council,Philadelphia 76ers,[[0.01899682]],[0.08836645],[0.],[0.00081345],[[0.]],0.0,0.0,0.010615096427500248,0.0,0.0
A.Coffey,Los Angeles Clippers,[[0.27553612]],[0.27408224],[1.],[0.07166767],[[0.28873786]],0.20156124988598242,0.00037886734935455024,0.41103917360305786,0.24893420934677124,0.13
M.Bamba,Los Angeles Clippers,[[1.1575545]],[1.39524966],[1.055],[0.99339527],[[1.2648529]],0.753798028457859,0.9868347644805908,0.7689319849014282,0.9283294677734375,0.685
R.Jackson,Philadelphia 76ers,[[0.47626594]],[0.44816249],[1.],[0.8479009],[[0.45549434]],0.0,0.004082054365426302,0.4554532766342163,0.4598208963871002,0.885
Q.Jackson,Indiana Pacers,[[0.6563169]],[1.069034],[1.],[0.91563606],[[0.65135]],0.125824445861247,0.15390421450138092,0.37664076685905457,0.5958717465400696,0.335
A.Bona,Philadelphia 76ers,[[0.01527712]],[0.12857141],[0.],[0.],[[0.01310878]],0.0,0.0,0.008984294719994068,0.0,0.0
P.Larsson,Miami Heat,[[0.88360405]],[0.98809284],[1.],[0.9990433],[[0.8852864]],0.41588313226230234,0.5257712006568909,0.6308544874191284,0.7150586247444153,0.255
L.Robbins,Milwaukee Bucks,[[0.01101433]],[0.04389986],[0.],[0.],[[0.00219228]],0.0,0.0,0.004293192643672228,0.0,0.0
J.Walsh,Boston Celtics,[[0.00391934]],[0.01793671],[0.],[0.],[[0.]],0.0,0.0002563889429438859,0.0,0.0,0.0
S.Umude,Milwaukee Bucks,[[0.04487737]],[0.22104502],[0.],[0.],[[0.]],0.0,0.0004846965312026441,0.012769193388521671,0.0,0.0
P.Connaughton,Milwaukee Bucks,[[0.01107145]],[0.],[0.],[0.03847485],[[0.]],0.0,0.0003078760055359453,0.0,0.0,0.0
X.Tillman,Boston Celtics,[[0.6322024]],[0.70510839],[1.],[0.828882],[[0.7223719]],0.17181260136254992,0.26705819368362427,0.5956345796585083,0.6351808309555054,0.85
J.Isaac,Orlando Magic,[[0.84976214]],[1.15458679],[1.],[0.99208313],[[1.0117859]],0.7811132568993857,1.1891701221466064,1.0446523427963257,0.9437955617904663,0.725
J.Harden,Los Angeles Clippers,[[1.5143769]],[1.34304443],[1.],[1.3050746],[[1.4897034]],1.5161776724907778,1.3159904479980469,1.3415641784667969,1.2835577726364136,1.7
M.Brown,Indiana Pacers,[[0.13492581]],[0.22885944],[1.],[0.00693738],[[0.11287136]],0.0,0.0,0.25471508502960205,0.14683163166046143,0.135
D.Peterson,Boston Celtics,[[0.5750018]],[0.92772488],[1.],[0.87950695],[[0.64439136]],0.1595636463185134,0.0013801433378830552,0.3392302691936493,0.6024081110954285,0.295
K.Johnson,Miami Heat,[[0.02148505]],[0.01975918],[0.],[0.00300775],[[0.]],0.0,0.00023448796127922833,0.0,0.0,0.0
D.Wright,Milwaukee Bucks,[[0.3491603]],[0.38886547],[1.],[0.7878145],[[0.39337713]],0.019858886344463256,0.0018538518343120813,0.4283422529697418,0.36335060000419617,0.26
M.Sasser,Detroit Pistons,[[0.20703766]],[0.52434682],[1.],[0.02150362],[[0.10570669]],0.10010453879883371,0.00132850487716496,0.5379199981689453,0.17960549890995026,0.835
T.Newton,Indiana Pacers,[[0.00884334]],[0.],[0.],[0.0008728],[[0.]],0.0,0.0014855803456157446,0.0,0.0,0.0
C.Christie,Los Angeles Clippers,[[1.9040499]],[2.02181815],[2.],[2.0337808],[[2.1822052]],1.996996118329221,1.990608811378479,2.045450210571289,1.921297550201416,2.04
T.Eason,Houston Rockets,[[1.7419559]],[2.20336931],[2.005],[2.0114756],[[2.0934086]],1.8385897913856597,1.636806607246399,1.5240570306777954,1.764068365097046,0.9
W.Moore,Detroit Pistons,[[0.13323794]],[0.20441789],[1.],[0.],[[0.1584917]],0.021664123142499575,0.0,0.5149033069610596,0.19044288992881775,0.72
R.Holmes,Washington Wizards,[[0.00692108]],[0.06669702],[0.],[0.],[[0.]],0.0,0.0,0.011981259100139141,0.0,0.0
T.Thompson,Cleveland Cavaliers,[[0.01256874]],[0.00214009],[0.],[0.],[[0.]],0.0,0.0,0.0,0.0,0.0
A.Johnson,Milwaukee Bucks,[[0.02227715]],[0.],[0.],[0.],[[0.]],0.0,0.000430446641985327,0.0,0.0,0.0
L.Kennard,Memphis Grizzlies,[[0.28220716]],[0.26418544],[1.],[0.03437764],[[0.28169632]],0.1595809087862595,0.00023664053878746927,0.42134273052215576,0.23290486633777618,0.24
R.Dunn,Phoenix Suns,[[0.26305568]],[0.28483833],[1.],[0.02587717],[[0.27857557]],0.05398683545709007,0.000101366953458637,0.4037753939628601,0.2318074256181717,0.78
D.Jones,Oklahoma City Thunder,[[0.31761998]],[0.26814837],[1.],[0.63800585],[[0.13083185]],0.0,0.0,0.23009084165096283,0.2683890759944916,0.11
C.Porter,Cleveland Cavaliers,[[0.03110735]],[0.13868352],[0.],[0.],[[0.]],0.0,0.0,0.0,0.0,0.0
P.Dadiet,New York Knicks,[[0.13204068]],[0.26815198],[1.],[0.04471918],[[0.12274416]],0.0,8.279504254460335e-05,0.2328912615776062,0.13390067219734192,0.59
K.George,Washington Wizards,[[0.93196476]],[0.61203408],[1.],[0.97260374],[[0.8746223]],0.6823877983599974,1.0397708415985107,0.8400507569313049,0.8315020203590393,1.16
C.Payne,New York Knicks,[[0.54183155]],[0.59814858],[1.],[0.8354046],[[0.58644646]],0.2634540458314083,0.3906286358833313,0.6417521238327026,0.5357054471969604,0.3
P.Reed,Detroit Pistons,[[0.6119356]],[1.13037586],[1.],[0.9543749],[[0.77981484]],0.6121160922607869,0.9100635647773743,0.9158468246459961,0.7812322974205017,0.275
T.Mann,Los Angeles Clippers,[[0.5238405]],[0.38923649],[1.],[0.8827892],[[0.5672784]],0.3699477146298694,0.40642261505126953,0.5979920625686646,0.5069413185119629,0.915
A.Thompson,Detroit Pistons,[[0.3204305]],[0.35213534],[1.],[0.7891513],[[0.35844007]],0.028043549411083307,0.020151101052761078,0.4248991310596466,0.32148391008377075,0.175
K.Durant,Phoenix Suns,[[0.95280665]],[0.87836771],[1.],[1.2268009],[[0.9243852]],0.9672715661307901,0.9140315651893616,1.0079542398452759,0.7736968994140625,1.015
C.Livingston,Milwaukee Bucks,[[0.70586663]],[1.66622138],[1.],[0.6932921],[[0.5747583]],0.9748492287539289,0.44271320104599,0.4429919421672821,0.6091275811195374,0.525
T.Smith,Milwaukee Bucks,[[0.0138669]],[0.13100382],[0.],[0.],[[0.01039196]],0.0,0.00026386752142570913,0.0,0.0,0.0
C.Kispert,Washington Wizards,[[0.2846115]],[0.],[1.],[0.04294923],[[0.35244712]],0.07022762630713988,0.013610255904495716,0.42481711506843567,0.2961951792240143,0.525
A.Burks,Miami Heat,[[0.6178985]],[0.63533596],[1.],[0.88549674],[[0.6059243]],0.40606727089387284,0.24993973970413208,0.6169725060462952,0.5344657897949219,0.825
T.Martin,Brooklyn Nets,[[0.13905354]],[0.53188099],[0.83],[0.00354494],[[0.06899835]],0.00894497522202331,0.0006001133006066084,0.439069002866745,0.0696103572845459,0.7
J.Davison,Boston Celtics,[[0.26222795]],[0.26193475],[1.],[0.66677254],[[0.12539232]],0.0,0.0018665245734155178,0.19324611127376556,0.2907774746417999,0.125
D.Theis,New Orleans Pelicans,[[0.24214666]],[0.19009841],[1.],[0.01849539],[[0.29626575]],0.01935432292474168,0.0024820747785270214,0.41511601209640503,0.268423855304718,0.295
J.Springer,Boston Celtics,[[0.51478386]],[0.74412453],[1.],[0.7411254],[[0.29449832]],0.28087649405127335,0.39282724261283875,0.6910071969032288,0.5926628708839417,0.785
D.Whitehead,Brooklyn Nets,[[0.22846147]],[0.11168215],[1.],[0.7660051],[[0.1941466]],0.16923909530106265,0.08117208629846573,1.2985942363739014,0.34984397888183594,1.755
C.Yongxi,Brooklyn Nets,[[0.02053406]],[0.],[0.],[0.0027523],[[0.]],0.0,0.000675653456710279,0.004941929597407579,0.0,0.0
E.Liddell,Chicago Bulls,[[0.10305014]],[0.29872971],[0.83],[0.01241318],[[0.0672686]],0.0,0.0,0.5505836606025696,0.07176317274570465,0.765
B.Scheierman,Boston Celtics,[[0.15452161]],[0.12700884],[1.],[0.03083337],[[0.10345638]],0.0,0.001324567710980773,0.25861623883247375,0.1841740608215332,0.56
E.Payton,New Orleans Pelicans,[[1.5145549]],[1.1069416],[1.695],[1.6490366],[[1.4709243]],1.425487497455801,1.7457995414733887,1.406312346458435,1.4396179914474487,0.97
T.Jones,San Antonio Spurs,[[0.16152442]],[0.07974759],[1.],[0.04431605],[[0.19881366]],0.0,3.974564606323838e-05,0.1757575273513794,0.20362341403961182,0.1
K.Matkovic,New Orleans Pelicans,[[0.17464247]],[0.27792936],[1.],[0.612302],[[0.0888256]],0.021451308503510125,0.0,0.6821385622024536,0.19003285467624664,0.885
J.Hood-Schifino,Los Angeles Lakers,[[0.00511271]],[0.05723783],[0.],[0.06059903],[[0.]],0.0,0.000887323054485023,0.0,0.0,0.0
Z.Williams,Brooklyn Nets,[[1.1497523]],[1.08225635],[1.],[1.0742922],[[1.0900905]],1.0913622215033383,0.9877668023109436,1.3402105569839478,1.0475441217422485,2.86
J.Edwards,Philadelphia 76ers,[[0.02108301]],[0.17528112],[0.],[0.],[[0.]],0.0,0.0003907614154741168,0.01353192888200283,0.0,0.0
L.Quinones,Philadelphia 76ers,[[0.00884791]],[0.06799825],[0.],[0.],[[0.00583681]],0.0,0.0,0.008547983132302761,0.0,0.0
N.Marshall,Dallas Mavericks,[[0.91061676]],[0.91217791],[1.],[0.98872566],[[1.0029452]],0.5517898266888464,0.5770343542098999,0.8597692847251892,0.8081684708595276,0.715
K.Edwards,Dallas Mavericks,[[0.02903289]],[0.],[0.],[0.0027432],[[0.]],0.0,0.0015716562047600746,0.0,0.0,0.0
E.Gordon,Philadelphia 76ers,[[0.]],[0.],[0.],[0.01089925],[[0.]],0.0,8.268165402114391e-06,0.007940124720335007,0.0,0.0
J.Gortman,Dallas Mavericks,[[0.04417109]],[0.51538571],[0.],[0.],[[0.]],0.07901023857215908,0.00032932014437392354,0.008908954448997974,0.0,0.0
T.Craig,Chicago Bulls,[[0.06378669]],[0.0270604],[0.],[0.00672813],[[0.05899356]],0.0,0.0007967248093336821,0.3080012798309326,0.07715972512960434,0.26
C.Joseph,Orlando Magic,[[0.04408989]],[0.24971932],[0.],[0.],[[0.]],0.0,0.0,0.0,0.0,0.0
A.Reaves,Los Angeles Lakers,[[1.1751533]],[0.90631235],[1.],[1.0198487],[[1.0722702]],1.156622820869045,1.081912636756897,1.3942556381225586,1.0610193014144897,1.13
K.Ware,Miami Heat,[[0.24240296]],[0.16611645],[1.],[0.76932746],[[0.16775504]],0.0,0.0008132562506943941,0.5183337926864624,0.27494052052497864,0.325
S.Jones,Denver Nuggets,[[6.986455]],[3.56903431],[1.055],[1.0411212],[[0.5734435]],2.2801850725826087,1.9003105163574219,1.0279051065444946,0.5009678602218628,0.995
K.Kuzma,Washington Wizards,[[0.36121124]],[0.12782236],[1.],[0.02633982],[[0.41582885]],0.050004821793057846,0.013807778246700764,0.36485758423805237,0.33632850646972656,0.385
L.Ball,Charlotte Hornets,[[1.281854]],[0.95811968],[1.],[0.92791027],[[1.1355855]],1.210137337774409,1.1135468482971191,1.2828707695007324,1.0619577169418335,1.245
C.Swider,Detroit Pistons,[[0.01254486]],[0.],[0.],[0.],[[0.]],0.0,0.002017306862398982,0.004281420260667801,0.004803647752851248,0.0
J.Hawkins,New Orleans Pelicans,[[0.16229577]],[0.],[0.],[0.00154191],[[0.25426573]],0.0,0.0005679706810042262,0.1515204906463623,0.13012365996837616,0.095
J.Nurkic,Phoenix Suns,[[0.32514122]],[0.19964529],[1.],[0.0580336],[[0.37851927]],0.0,0.0004028200637549162,0.4000777006149292,0.3006981909275055,0.215
P.Baldwin,Washington Wizards,[[0.44056326]],[1.16055406],[1.],[0.78291136],[[0.19865547]],0.0,0.015088384039700031,0.1667545735836029,0.3652142882347107,0.115
O.Tshiebwe,Utah Jazz,[[2.0466442]],[2.10580947],[2.075],[2.0598917],[[2.1504302]],1.8970616401437697,1.8037463426589966,2.4287052154541016,1.8285140991210938,2.04
R.Dillingham,Minnesota Timberwolves,[[0.03235297]],[0.18326305],[0.],[0.],[[0.]],0.0,0.0003786630986724049,0.007636093068867922,0.0,0.0
J.Hayes,Los Angeles Lakers,[[0.27722198]],[0.31656018],[1.],[0.6235426],[[0.26433638]],0.10997908722430125,0.0012549632228910923,0.42096418142318726,0.2870370149612427,0.56
J.Landale,Houston Rockets,[[0.11721009]],[0.32009007],[0.83],[0.],[[0.03156619]],0.0,0.000269381474936381,0.33471593260765076,0.1103527843952179,0.66
M.Beauchamp,Milwaukee Bucks,[[0.40825674]],[0.4623021],[1.],[0.8090932],[[0.15289576]],0.0,0.0026971278712153435,0.22762230038642883,0.26739242672920227,0.285
G.Harris,Orlando Magic,[[0.00972619]],[0.],[0.],[0.00100506],[[0.]],0.0,0.00022477630409412086,0.0024692488368600607,0.0,0.0
T.Moore,Portland Trail Blazers,[[0.6899854]],[1.02873078],[1.],[1.0058851],[[0.8165951]],0.7373406753103736,1.0906198024749756,1.2903705835342407,0.8802073001861572,0.805
R.Williams,Portland Trail Blazers,[[1.151219]],[1.12042835],[1.],[1.0050956],[[1.1281104]],1.090758125946373,1.0686496496200562,1.3450931310653687,1.0626566410064697,1.19
K.Brown,Los Angeles Clippers,[[0.14666575]],[0.35311025],[1.],[0.00769006],[[0.08784195]],0.0,0.0006166623788885772,0.2711626887321472,0.12467456609010696,0.125
C.Thomas,Brooklyn Nets,[[1.2433605]],[0.92291535],[1.],[1.2031071],[[1.1417522]],1.1717822520131773,1.0241849422454834,1.2750900983810425,1.0689589977264404,1.02
T.Lyles,Sacramento Kings,[[0.9308309]],[1.01316001],[1.],[0.9972203],[[1.0790104]],0.8008133785427957,0.9828589558601379,1.183775544166565,0.9767488837242126,1.24
J.Minaya,Portland Trail Blazers,[[0.01103776]],[0.],[0.],[0.0019267],[[0.]],0.0,5.620747106149793e-05,0.015659451484680176,0.0,0.0
N.Clowney,Brooklyn Nets,[[0.3786982]],[0.26381429],[1.],[0.79610384],[[0.3891218]],0.039968732924544365,0.0008011903264559805,0.4354454278945923,0.3700472116470337,0.115
N.Jovic,Miami Heat,[[1.25366]],[0.90955575],[1.],[1.1166601],[[1.2088751]],1.057774094039606,1.0723693370819092,1.1282604932785034,1.0927698612213135,1.95
D.Saric,Denver Nuggets,[[0.18793926]],[0.],[1.],[0.00450671],[[0.10480593]],0.0,0.002085528802126646,0.20938214659690857,0.15947967767715454,0.145
C.Williams,Utah Jazz,[[0.38948756]],[0.28095434],[1.],[0.66122746],[[0.45321938]],0.2075714456094596,0.0,0.6260294914245605,0.4558172821998596,0.475
J.Clarkson,Utah Jazz,[[0.36636674]],[0.31712603],[1.],[0.],[[0.44087678]],0.06459631821102615,0.0,0.461448073387146,0.3379652500152588,0.905
A.Williams,Detroit Pistons,[[0.00390536]],[1.4008097],[0.],[0.],[[0.]],0.681066533898647,0.0,0.019320430234074593,0.0,0.0
G.Williams,Charlotte Hornets,[[1.3792783]],[0.98534929],[1.045],[1.5202144],[[1.2554947]],1.112721952428027,1.0913673639297485,1.201168179512024,1.1365684270858765,1.235
D.Clingan,Portland Trail Blazers,[[0.3672061]],[0.53798157],[1.],[0.8533967],[[0.35963303]],0.1252555706183567,0.014500373974442482,0.3625500500202179,0.3640027642250061,0.555
J.McVeigh,Houston Rockets,[[0.02452838]],[0.],[0.],[0.00280414],[[0.]],0.0,0.0,0.013057696633040905,0.00569545803591609,0.0
T.Mann,Charlotte Hornets,[[0.79874307]],[0.54317418],[1.],[0.93480873],[[0.71067655]],0.71556394929117,0.5770030617713928,0.86487877368927,0.6487612128257751,0.685
O.Dieng,Oklahoma City Thunder,[[0.30812255]],[0.31196314],[1.],[0.6445441],[[0.29572636]],0.1274221902638736,0.0,0.3842132091522217,0.301776260137558,0.25
C.Whitmore,Houston Rockets,[[0.0085627]],[0.],[0.],[0.01472105],[[0.]],0.0,0.0,0.004217995330691338,0.007743970025330782,0.0
D.Lee,Phoenix Suns,[[1.0058059]],[1.51733624],[1.035],[1.0353124],[[1.1001015]],0.2819488703699613,0.1676984280347824,0.4156884253025055,0.7874971628189087,0.72
G.Santos,Golden State Warriors,[[0.02821162]],[0.],[0.],[0.0017144],[[0.]],0.0,0.00045744594535790384,0.005636379588395357,0.0,0.0
J.Johnson,Indiana Pacers,[[0.01285782]],[0.03572829],[0.],[0.],[[0.00017024]],0.0,0.0,0.0,0.0,0.0
T.Washington,Phoenix Suns,[[1.356851]],[1.78723834],[1.705],[1.3869058],[[1.1720694]],0.5757661830808325,0.73199063539505,0.5710707306861877,0.8414254188537598,0.475
J.Williams,Houston Rockets,[[0.4019971]],[1.15096125],[1.],[0.70886976],[[0.19156192]],0.34529874701223584,0.2723805010318756,0.49689146876335144,0.4636816382408142,0.56
V.Cancar,Denver Nuggets,[[0.01854664]],[0.],[0.],[0.04349957],[[0.]],0.0,0.0,0.014287737198174,0.0,0.0
B.Williams,Dallas Mavericks,[[0.01610333]],[0.],[0.],[0.01213386],[[0.]],0.0,0.0008168522617779672,0.0,0.0,0.0
J.Nowell,New Orleans Pelicans,[[0.0978587]],[0.],[0.],[0.0271662],[[0.12198574]],0.0,0.0010613931808620691,0.19931219518184662,0.11209885030984879,0.03
V.Williams,Memphis Grizzlies,[[0.01216816]],[0.],[0.],[0.00334106],[[0.]],0.0,0.000623778672888875,0.0038714788388460875,0.0,0.0
M.Bridges,Charlotte Hornets,[[0.32331547]],[0.],[1.],[0.00729191],[[0.3889912]],0.22652536689791167,0.00042239620233885944,0.435872346162796,0.3222663998603821,0.62
J.Richardson,Miami Heat,[[0.97968155]],[0.9703446],[1.],[1.0345263],[[1.0606253]],0.9838566727196586,0.9876343607902527,1.1452716588974,1.0678857564926147,0.745
P.Williams,Chicago Bulls,[[0.78494495]],[0.50681157],[1.],[1.0019174],[[0.8262708]],0.8611008794731113,0.8144888877868652,0.9805554151535034,0.8011318445205688,1.005
J.Dowtin,Philadelphia 76ers,[[0.26504296]],[0.29798497],[1.],[0.7548348],[[0.2619369]],0.13163632120282967,0.00588104547932744,1.0219560861587524,0.37932872772216797,1.3
J.Ingles,Minnesota Timberwolves,[[0.01568298]],[0.11892798],[0.],[0.00032893],[[0.003598]],0.0,0.00024477779516018927,0.0,0.0,0.0
J.Rhoden,Charlotte Hornets,[[0.31165415]],[0.08571257],[1.],[0.7039992],[[0.08035892]],0.0,0.0,0.3049330711364746,0.17128518223762512,0.19
B.Sheppard,Indiana Pacers,[[0.08355491]],[0.0555703],[0.],[0.],[[0.0863255]],0.0,0.0,0.22294791042804718,0.07487179338932037,0.61
Z.Edey,Memphis Grizzlies,[[0.23937392]],[0.1716597],[1.],[0.00245183],[[0.28220084]],0.06124176733055034,0.000475541251944378,0.44751033186912537,0.26973551511764526,0.735
Y.Cui,Brooklyn Nets,[[0.02115597]],[0.],[0.],[0.00414673],[[0.]],0.0,0.0009055244736373425,0.0024978304281830788,0.0,0.0
M.Jones,Sacramento Kings,[[0.04245069]],[0.33145999],[0.],[0.00623151],[[0.]],0.0,0.0,0.029671212658286095,0.0,0.0
J.Bridges,Phoenix Suns,[[0.00884444]],[0.],[0.],[0.],[[0.]],0.0,7.47159356251359e-05,0.006167352199554443,0.002711515873670578,0.0
M.Leons,Oklahoma City Thunder,[[0.02711016]],[0.],[0.],[0.00288068],[[0.]],0.0,0.0007407009252347052,0.000976643175818026,0.0,0.0
T.Queen,Orlando Magic,[[0.02503506]],[0.],[0.],[0.],[[0.]],0.0,0.0005049220053479075,0.008212577551603317,0.0,0.0
D.Melton,Golden State Warriors,[[0.9968252]],[0.92573874],[1.],[0.9688472],[[1.0625341]],1.042586712523359,1.0283527374267578,1.1750342845916748,1.0276360511779785,1.84
J.Alvarado,New Orleans Pelicans,[[1.7709529]],[1.66238896],[2.],[1.8176606],[[1.9068831]],1.2300032084017767,1.4896373748779297,1.2365381717681885,1.4764455556869507,1.13
A.Sanogo,Chicago Bulls,[[0.00717376]],[0.09716783],[0.],[0.00277115],[[0.00200573]],0.0,0.000503066461533308,0.011819218285381794,0.0,0.0
I.Quickley,Toronto Raptors,[[0.86615247]],[0.69754797],[1.],[1.0058258],[[0.75870144]],0.4265808677940577,0.651964008808136,0.6107988953590393,0.6400749087333679,0.375
C.Holmgren,Oklahoma City Thunder,[[1.3780445]],[1.51986465],[1.025],[1.5818971],[[1.7054485]],1.4498134725061795,1.3606895208358765,1.470497488975525,1.3659288883209229,1.275
P.Mills,Utah Jazz,[[0.81665945]],[0.89626675],[1.],[1.0117546],[[0.89286995]],0.46859622606276974,0.5665940046310425,0.9345317482948303,0.7947800159454346,1.045
R.Minix,San Antonio Spurs,[[0.0066192]],[0.],[0.],[0.],[[0.]],0.0,0.0,0.02017868496477604,0.034341953694820404,0.0
H.Ingram,San Antonio Spurs,[[0.00028816]],[0.],[0.],[0.],[[0.]],0.0,0.0,0.019601453095674515,0.04551124572753906,0.0
D.Duke,San Antonio Spurs,[[0.00279109]],[0.],[0.],[0.00148723],[[0.]],0.0,0.0,0.02017868496477604,0.04026985168457031,0.0
Z.Williamson,New Orleans Pelicans,[[0.48772505]],[0.26955535],[1.],[0.01580633],[[0.51754755]],0.46963210829185387,0.4346187114715576,0.6036152243614197,0.4346320927143097,1.135
I.Jackson,Indiana Pacers,[[0.41004062]],[0.46101368],[1.],[0.8572381],[[0.42932868]],0.3071731955736253,0.11016726493835449,0.5562922954559326,0.43831866979599,0.305
D.Carton,Toronto Raptors,[[0.30096808]],[0.17644702],[1.],[0.7804885],[[0.21737733]],0.0,0.003503686748445034,0.5182487964630127,0.33164742588996887,0.535
A.Nesmith,Indiana Pacers,[[0.9581087]],[0.64004729],[1.],[0.9697196],[[0.89162314]],0.6415897588864617,0.501373827457428,0.8910396099090576,0.7654451131820679,0.42
D.Jenkins,Detroit Pistons,[[0.0268385]],[0.],[0.],[0.00027161],[[0.]],0.0,0.0032455408945679665,0.001376359025016427,0.007854156196117401,0.0
A.Ducas,Oklahoma City Thunder,[[0.02863609]],[0.],[0.],[0.00502451],[[0.]],0.0,7.061130600050092e-05,0.007093575317412615,0.0,0.0
J.Martin,Brooklyn Nets,[[0.05037014]],[0.46656209],[0.],[0.],[[0.0169259]],0.0,0.0005930127226747572,0.0,0.0,0.0
R.Beekman,Golden State Warriors,[[1.3452004]],[2.03075911],[1.005],[0.7642551],[[1.0847319]],1.4154804798183644,0.6151404976844788,0.3669492304325104,0.7856117486953735,0.23
P.Banchero,Orlando Magic,[[0.5594728]],[0.59380231],[1.],[0.11495469],[[0.5957513]],0.5741493257584496,0.40672069787979126,0.5940784811973572,0.4545057415962219,0.31
T.Hendricks,Utah Jazz,[[1.7249646]],[1.26221167],[1.945],[1.9018267],[[1.6949903]],1.4390791183972522,1.296147108078003,1.6706775426864624,1.5506597757339478,1.435
A.Reese,Oklahoma City Thunder,[[0.04811247]],[0.55570899],[0.],[0.00078021],[[0.01035676]],0.021079338997098684,6.635067984461784e-05,0.0,0.003640504786744714,0.0
M.McClung,Orlando Magic,[[0.03418444]],[0.26358786],[0.],[0.00540075],[[0.]],0.0,0.00012713443720713258,0.016153734177350998,0.0,0.0
C.Gillespie,Phoenix Suns,[[0.04893526]],[0.3783889],[0.],[0.],[[0.01009213]],0.0,0.0,0.028959324583411217,0.0,0.0
U.Chomche,Toronto Raptors,[[0.]],[0.27564676],[0.],[0.0143747],[[0.02366632]],0.0,0.0037577087059617043,0.005682072136551142,0.0,0.0
J.Wiseman,Indiana Pacers,[[0.03249576]],[0.16398416],[0.],[0.],[[0.]],0.0,0.0,0.0,0.0,0.0
