PlayerName,PlayerTeam,PlayerPredictions_DNN_Trb,PlayerPredictions_MLP_Trb,PlayerPredictions_RF_Trb,PlayerPredictions_XGB_Trb,PlayerPredictions_LSTM_Trb,PlayerPredictions_MLP_window_Trb,PlayerPredictions_DNN_window_Trb,PlayerPredictions_XGB_window_Trb,PlayerPredictions_LSTM_window_Trb,PlayerPredictions_RF_window_Trb
L.Ball,Charlotte Hornets,[[4.8552866]],[4.60065444],[5.12],[4.6800804],[[4.5286984]],4.915397506947964,4.9431047439575195,4.564600467681885,4.508810997009277,3.18
R.Westbrook,Denver Nuggets,[[3.3865197]],[3.12037431],[3.115],[3.2256613],[[3.0025096]],3.573616209198514,3.0096471309661865,3.885193347930908,2.793776512145996,4.855
R.Barrett,Toronto Raptors,[[5.8039284]],[5.47991714],[5.51],[5.2741394],[[5.335435]],5.285497964351089,5.234289169311523,5.622844219207764,5.208012580871582,6.25
C.Sexton,Utah Jazz,[[2.2380216]],[2.06531435],[2.08],[2.1614306],[[2.0464482]],2.346729261774555,2.3557820320129395,2.703476905822754,2.070446491241455,2.84
J.Duren,Detroit Pistons,[[9.765584]],[9.83332104],[9.285],[9.656803],[[10.102895]],9.250777819135296,9.301682472229004,9.758339881896973,9.744098663330078,9.825
N.Batum,Los Angeles Clippers,[[3.4088006]],[4.08489026],[3.14],[3.524221],[[3.4131007]],3.2347079123871096,3.9142651557922363,3.4860591888427734,3.093982696533203,4.355
G.Niang,Cleveland Cavaliers,[[3.938608]],[4.26216314],[3.985],[3.8781073],[[3.6207695]],3.51903723621269,3.3212597370147705,3.546393871307373,3.317533016204834,2.705
T.Hardaway,Detroit Pistons,[[1.0331488]],[1.37621947],[1.85],[1.451474],[[1.2513299]],1.0166698493951891,1.0980048179626465,1.1689488887786865,1.4023224115371704,0.59
B.Sensabaugh,Utah Jazz,[[2.1321807]],[2.6860641],[2.2],[2.4038734],[[2.23332]],2.69223554341356,2.4719574451446533,2.7760725021362305,2.648850917816162,3.28
J.Giddey,Chicago Bulls,[[7.7393155]],[7.10968871],[7.26],[7.0614104],[[6.842636]],7.836439851714014,7.1466383934021,8.156465530395508,6.614861011505127,9.755
P.Williams,Chicago Bulls,[[5.1593537]],[5.79098262],[5.28],[5.062576],[[4.9027195]],5.363971853126348,4.859787464141846,5.9252028465271,4.415936470031738,6.91
N.Powell,Los Angeles Clippers,[[2.6123645]],[2.84670642],[2.95],[2.9040782],[[2.7461984]],2.7312084491699924,3.16845965385437,2.758005142211914,2.73689603805542,2.32
M.Sasser,Detroit Pistons,[[1.997135]],[2.92310615],[2.005],[2.312899],[[1.8585451]],0.2864277855224985,1.3216701745986938,0.6727342009544373,2.7687525749206543,0.245
J.Juzang,Utah Jazz,[[0.9987682]],[1.17270601],[1.005],[1.1037394],[[0.99902844]],1.1106596508358062,0.875133752822876,1.1437474489212036,1.3708359003067017,1.125
K.Filipowski,Utah Jazz,[[2.8138018]],[3.74157874],[3.045],[3.683364],[[2.6639056]],4.235065075902315,3.1789305210113525,3.9464805126190186,2.9798059463500977,4.88
I.Collier,Utah Jazz,[[1.85238]],[2.28130039],[2.015],[1.950443],[[1.8880547]],2.0592847429797687,2.221529960632324,2.2262375354766846,1.9878137111663818,2.25
A.Coffey,Los Angeles Clippers,[[1.5963585]],[1.85472427],[2.],[1.9457442],[[1.7755444]],1.507767278362845,1.9667845964431763,1.716641902923584,1.8709865808486938,1.25
G.Dick,Toronto Raptors,[[1.015434]],[1.41283281],[1.905],[1.7262027],[[1.2810167]],1.024157349564023,1.4440761804580688,1.3621798753738403,1.4683111906051636,1.83
T.Herro,Miami Heat,[[4.9637003]],[4.60958006],[5.005],[4.7677717],[[4.5383005]],4.737564330621684,4.148873329162598,5.221155643463135,4.316377639770508,5.75
I.Wong,Charlotte Hornets,[[2.8910408]],[3.01105531],[3.015],[2.9207497],[[2.682278]],3.2555850131855877,2.770993709564209,3.4705779552459717,2.9806132316589355,2.575
C.Cunningham,Detroit Pistons,[[5.712386]],[5.73508903],[5.665],[5.7882333],[[5.3423953]],5.454998343645153,5.767733573913574,5.761685848236084,5.252173900604248,5.5
D.Mitchell,Toronto Raptors,[[1.2915971]],[1.95851654],[2.],[1.9807886],[[1.7099777]],1.4681327587843045,1.6689928770065308,1.787988305091858,1.8980271816253662,1.845
C.Boucher,Toronto Raptors,[[4.7346826]],[4.73109797],[4.34],[4.60377],[[4.0638194]],4.052306749210524,3.818007469177246,4.591362476348877,3.6327762603759766,4.1
J.Walter,Toronto Raptors,[[3.465281]],[3.94878251],[3.375],[3.4933057],[[3.245545]],4.269154497160747,4.015427589416504,4.666415214538574,3.3843865394592285,7.98
W.Kessler,Utah Jazz,[[9.705278]],[10.67013698],[10.07],[10.258566],[[9.809375]],10.187057459344489,10.7481107711792,10.05584716796875,10.113984107971191,10.92
J.Clarkson,Utah Jazz,[[3.570005]],[3.43667617],[3.4],[3.8506196],[[3.3144767]],3.5552398162790477,3.4592208862304688,3.779625415802002,3.02730655670166,3.435
I.Zubac,Los Angeles Clippers,[[12.292178]],[12.61777879],[13.035],[12.225315],[[11.880746]],12.638465999532967,13.655810356140137,12.459421157836914,12.161983489990234,12.24
K.Dunn,Los Angeles Clippers,[[5.0792475]],[5.2594191],[5.39],[5.3405643],[[4.6439314]],4.725186402534035,5.458235740661621,4.87782096862793,4.0363874435424805,4.29
K.Porter,Los Angeles Clippers,[[3.8497655]],[4.00251093],[3.115],[3.439248],[[3.1661649]],3.2448639844952836,3.284480333328247,3.5532352924346924,3.182126998901367,4.535
A.Thompson,Detroit Pistons,[[3.0666487]],[3.25506432],[3.01],[3.0280461],[[2.7327645]],3.0453596675874626,2.8228635787963867,3.006819486618042,2.971774101257324,4.06
N.Richards,Charlotte Hornets,[[9.457367]],[9.75602478],[9.85],[9.775869],[[9.285719]],9.904355373898216,10.211196899414062,9.330587387084961,9.408044815063477,6.38
A.Drummond,Philadelphia 76ers,[[11.354744]],[11.81465125],[12.005],[11.657886],[[11.242237]],11.11556215518557,12.021817207336426,11.486519813537598,11.252262115478516,11.74
K.Martin,Philadelphia 76ers,[[3.310562]],[3.4401265],[3.36],[3.4901607],[[3.4382148]],3.127249269597013,3.4534080028533936,3.155991315841675,2.8367247581481934,2.89
B.Adebayo,Miami Heat,[[7.948245]],[7.41824112],[7.57],[7.718228],[[7.140105]],8.29955068085634,7.432335376739502,8.545638084411621,7.0876240730285645,11.47
N.Jokic,Denver Nuggets,[[11.380106]],[12.09155828],[12.18],[12.288593],[[11.155582]],11.631895279542436,11.79917049407959,12.209267616271973,11.574143409729004,10.475
J.Murray,Denver Nuggets,[[3.8024707]],[3.75260529],[4.02],[3.8923497],[[3.6825068]],4.396334564304263,4.090027332305908,4.765288829803467,3.7012434005737305,3.355
A.Dosunmu,Chicago Bulls,[[4.458259]],[4.64904902],[4.39],[4.3851633],[[4.258817]],4.705330432202304,4.135583400726318,4.7430572509765625,3.8214306831359863,4.375
M.Beasley,Detroit Pistons,[[2.3818672]],[2.47121984],[2.975],[2.6740932],[[2.4176486]],2.451124934230743,2.3037569522857666,2.5553641319274902,2.3109517097473145,2.69
D.Smith,Miami Heat,[[2.057457]],[3.16367058],[2.85],[3.0820837],[[2.2523558]],2.651630724337304,1.678970217704773,2.9777121543884277,3.1101274490356445,4.645
I.Okoro,Cleveland Cavaliers,[[1.5357608]],[1.84146574],[1.925],[1.9700305],[[1.6723471]],1.784527393958224,1.489052176475525,1.7597764730453491,1.8164503574371338,0.915
C.LeVert,Cleveland Cavaliers,[[1.424335]],[1.59095321],[2.],[1.7504079],[[1.4923353]],1.462090157718463,1.1900876760482788,1.657981514930725,1.929796814918518,0.71
D.Wade,Cleveland Cavaliers,[[5.705294]],[5.94599915],[6.005],[6.180588],[[5.1522193]],4.706357128638986,4.819658279418945,5.289525508880615,4.486985206604004,4.06
J.Miller,Los Angeles Clippers,[[1.1039966]],[1.36186929],[1.],[1.2719955],[[0.9779568]],2.1355241611456335,1.2524267435073853,2.143686532974243,1.821283221244812,2.275
M.Bamba,Los Angeles Clippers,[[5.028071]],[5.13519556],[5.22],[5.480692],[[4.939805]],5.133166808500733,4.458941459655762,4.359530925750732,4.29291296005249,4.2
D.DeRozan,Sacramento Kings,[[4.5817814]],[4.3384622],[4.645],[4.6522098],[[4.228926]],4.577861782484686,5.233882427215576,4.944333553314209,4.171134948730469,6.765
M.Monk,Sacramento Kings,[[3.1162784]],[3.33487271],[3.02],[3.1365175],[[3.0856705]],2.972731422351799,3.3435134887695312,3.2331929206848145,2.724684238433838,3.655
D.McDermott,Sacramento Kings,[[0.8280855]],[0.59460227],[1.],[1.015587],[[0.53149235]],0.3445905150122175,0.3685741424560547,0.4571383595466614,1.0456981658935547,0.24
T.Martin,Brooklyn Nets,[[3.151661]],[4.05755323],[3.235],[3.023153],[[2.6789756]],2.0297420309506675,0.9007396697998047,2.5375988483428955,2.797243118286133,4.23
E.Gordon,Philadelphia 76ers,[[0.4329744]],[0.76844204],[1.],[0.99358475],[[0.6146258]],0.697306462750843,1.0261794328689575,0.8218751549720764,0.9432166814804077,0.865
G.Yabusele,Philadelphia 76ers,[[4.499405]],[4.59643484],[4.04],[4.1356177],[[3.9765534]],3.667623349720969,4.045780658721924,3.915539026260376,3.583469867706299,3.14
D.Robinson,Miami Heat,[[1.6423144]],[1.80194527],[1.725],[1.7720221],[[1.4090658]],1.104235191137892,0.6241329312324524,1.3626872301101685,1.5717138051986694,2.11
V.Micic,Charlotte Hornets,[[2.1119041]],[2.66918601],[2.12],[2.513031],[[2.1071186]],3.046019241282615,2.3989980220794678,2.857795476913452,2.4134631156921387,1.335
J.Poeltl,Toronto Raptors,[[12.102467]],[12.36600948],[13.295],[12.918458],[[11.518328]],12.102897755098263,13.019781112670898,13.70976734161377,11.755825996398926,13.4
P.Watson,Denver Nuggets,[[1.7426013]],[2.18665405],[2.],[2.304918],[[1.8461643]],2.4239895872722865,1.8162287473678589,2.4593796730041504,2.15157413482666,1.75
J.Strawther,Denver Nuggets,[[1.5077498]],[1.85688662],[2.],[2.1587658],[[1.689229]],1.9249972671959439,1.531733512878418,2.082456588745117,1.8358806371688843,1.495
J.Green,Charlotte Hornets,[[1.0155345]],[1.27830642],[1.21],[1.0864409],[[1.1419812]],0.9819746124508564,0.8394762873649597,1.214769721031189,1.3725429773330688,0.345
M.Buzelis,Chicago Bulls,[[0.58958757]],[1.05104389],[1.],[1.4319619],[[0.5393093]],0.6627515512153487,0.37685197591781616,0.7635742425918579,1.4736082553863525,0.33
J.Phillips,Chicago Bulls,[[1.0923091]],[1.20967696],[1.],[1.4358277],[[1.0597785]],1.158459757875927,0.9816396236419678,1.4573596715927124,1.550765872001648,1.225
C.White,Chicago Bulls,[[3.8251424]],[3.84100924],[4.],[3.8521636],[[3.7040122]],3.9389999724288867,3.639741897583008,4.197399616241455,3.683852195739746,3.085
I.Stewart,Detroit Pistons,[[7.3817377]],[8.39422811],[7.305],[7.0675745],[[7.7801476]],7.916703646478872,7.551685810089111,8.959131240844727,7.561899662017822,9.42
M.Diabate,Charlotte Hornets,[[3.5302777]],[4.62858719],[4.03],[4.220082],[[3.969376]],4.977215263679282,4.327108383178711,5.156899929046631,4.1781325340271,6.455
K.Oubre,Philadelphia 76ers,[[4.738517]],[4.84506205],[4.935],[4.6505084],[[4.527066]],4.363091322017975,4.534313678741455,4.885256290435791,4.29945182800293,4.59
J.Mogbo,Toronto Raptors,[[3.8125849]],[3.90814642],[3.905],[4.0079713],[[3.4423778]],3.6280400221796536,3.5815000534057617,3.920417547225952,3.5523977279663086,4.085
K.George,Utah Jazz,[[2.8727155]],[3.32804777],[3.18],[2.98459],[[2.812614]],3.122347534947232,3.280402660369873,3.3343636989593506,3.0417838096618652,3.605
L.Markkanen,Utah Jazz,[[7.1098533]],[6.62035781],[6.865],[7.01416],[[6.229379]],6.898953200150164,6.731567859649658,7.1473164558410645,5.950272560119629,6.69
T.Watford,Brooklyn Nets,[[3.7088077]],[3.84929889],[3.725],[3.558755],[[3.3175418]],3.271455301591385,3.425201892852783,2.9743449687957764,2.840970039367676,3.46
D.Garland,Cleveland Cavaliers,[[1.223505]],[1.39619355],[1.475],[1.520749],[[1.3230753]],1.4322869028707572,1.3097660541534424,1.6261115074157715,1.4391745328903198,0.81
D.Mitchell,Cleveland Cavaliers,[[2.667125]],[2.50914653],[2.99],[3.0231986],[[2.463295]],2.4522695887880195,2.111524820327759,2.664170265197754,2.4716811180114746,2.875
B.Simmons,Brooklyn Nets,[[6.7664967]],[6.77465523],[6.375],[6.150859],[[5.96786]],5.717779609978713,5.726294994354248,5.96879243850708,5.462059497833252,7.0
C.Johnson,Brooklyn Nets,[[4.453726]],[4.49052648],[4.645],[4.5227046],[[4.287541]],3.8906650220388026,4.153438568115234,4.19620943069458,3.9918437004089355,2.915
O.Agbaji,Toronto Raptors,[[5.62793]],[5.45118761],[5.975],[5.6337385],[[5.2532263]],4.774085831680278,5.222402572631836,4.784297943115234,4.593355655670166,3.545
D.Fox,Sacramento Kings,[[4.9953127]],[4.75395401],[5.19],[5.1142163],[[4.581718]],4.741086108592362,5.397454261779785,5.093359470367432,4.535193920135498,6.24
J.Crowder,Sacramento Kings,[[3.2596877]],[3.77602445],[3.515],[3.5040932],[[3.2707276]],2.9908197079072787,3.321962833404541,3.2690539360046387,3.060262680053711,2.915
K.Lowry,Philadelphia 76ers,[[2.4184349]],[2.75934152],[2.11],[2.2376266],[[2.4971392]],2.2857140204501136,2.6218554973602295,2.5094501972198486,2.392549514770508,2.89
K.Johnson,Brooklyn Nets,[[1.647343]],[2.36105382],[2.],[2.5724304],[[1.574761]],2.802923281927337,1.9686734676361084,3.274036169052124,2.2161054611206055,3.145
S.Fontecchio,Detroit Pistons,[[2.2798188]],[2.67574534],[2.78],[2.700516],[[2.4254317]],2.634460382444032,2.219163656234741,2.6721301078796387,2.3757052421569824,3.07
R.Holland,Detroit Pistons,[[2.9015355]],[3.36785168],[3.01],[3.0821571],[[2.6461413]],3.532519110789823,2.938847780227661,3.2571630477905273,2.5670394897460938,3.0
J.Jaquez,Miami Heat,[[7.4211297]],[7.3247666],[6.82],[6.734238],[[6.684973]],7.211634667265086,6.24191951751709,7.600661754608154,6.360572814941406,8.385
J.Collins,Utah Jazz,[[6.8590345]],[6.87337899],[6.22],[6.588273],[[6.63387]],6.862595355387418,6.573887825012207,7.561410427093506,6.123012542724609,9.36
C.Jones,Sacramento Kings,[[0.]],[0.72021796],[0.],[0.00076637],[[0.02914756]],0.23793132691233404,0.08042167127132416,0.05976734682917595,0.0,0.0
I.Jones,Sacramento Kings,[[0.29001212]],[0.28307576],[1.005],[0.98729944],[[0.19734016]],0.5602639188970289,0.09976357221603394,0.3236611485481262,0.7272214889526367,0.815
N.Vucevic,Chicago Bulls,[[9.765319]],[9.403324],[10.185],[9.698916],[[9.1338005]],10.293360468456804,9.94871997833252,10.953258514404297,9.273497581481934,12.5
K.Jones,Los Angeles Clippers,[[2.3305106]],[3.66268556],[3.015],[3.1048274],[[2.5352871]],3.000981323524679,3.2775614261627197,2.7583999633789062,3.399479389190674,2.575
J.Allen,Cleveland Cavaliers,[[11.365626]],[10.55493699],[11.545],[11.198047],[[10.833068]],10.790163448824215,11.373626708984375,12.249485969543457,10.591636657714844,15.015
D.Finney-Smith,Brooklyn Nets,[[6.235461]],[6.40769381],[6.185],[6.3238964],[[5.675195]],5.12293864657356,5.350834369659424,5.559830188751221,5.048711776733398,5.235
T.Thompson,Cleveland Cavaliers,[[0.93741965]],[1.21307523],[1.],[1.3132814],[[0.79443103]],1.1901490504586332,0.38604432344436646,1.1453005075454712,1.1027148962020874,0.5
T.Horton-Tucker,Chicago Bulls,[[1.3624876]],[2.2980641],[1.855],[2.1457365],[[1.3970828]],1.9788126899157659,1.4050310850143433,2.1857986450195312,2.18760347366333,4.38
G.Temple,Toronto Raptors,[[0.5644982]],[0.9566365],[1.],[1.3911382],[[0.6298807]],0.867048640116149,0.7386502623558044,1.1846016645431519,1.614253044128418,2.105
J.Butler,Miami Heat,[[5.049515]],[5.23558382],[5.175],[5.1295958],[[4.778028]],5.33013191394362,4.698085308074951,6.11871337890625,4.3505330085754395,7.095
L.Ball,Chicago Bulls,[[2.0549026]],[2.53629572],[2.],[2.0555005],[[2.1197376]],2.141302021058351,1.8087058067321777,2.3076236248016357,2.2407798767089844,2.955
J.Shead,Toronto Raptors,[[0.9500885]],[1.11370948],[1.],[1.1516258],[[0.99994546]],0.841756317517133,1.112963318824768,1.1817430257797241,1.2913695573806763,1.575
N.Claxton,Brooklyn Nets,[[8.524566]],[8.32842982],[8.435],[8.510865],[[8.484493]],8.221132468106651,8.629350662231445,8.6973876953125,7.897003173828125,9.06
J.Harden,Los Angeles Clippers,[[7.9769964]],[8.38431902],[7.64],[7.516823],[[7.655884]],7.551732212422885,8.534134864807129,8.161417007446289,7.427716255187988,9.135
P.Reed,Detroit Pistons,[[1.7022263]],[2.14042359],[2.005],[2.077685],[[1.6273584]],2.126568372498096,1.875158667564392,2.2128686904907227,2.5459232330322266,3.11
K.Ellis,Sacramento Kings,[[2.0818582]],[2.40397651],[2.045],[2.2680914],[[2.1636105]],1.958246458374557,2.1937077045440674,2.071542739868164,2.3796639442443848,1.43
A.Len,Sacramento Kings,[[2.0872815]],[2.81142289],[2.48],[2.1259556],[[1.7974355]],2.3626078600733873,1.641988754272461,2.181898832321167,2.033493995666504,1.61
K.Olynyk,Toronto Raptors,[[3.5642157]],[3.77153958],[4.055],[4.094435],[[3.2963245]],3.7499751298244757,3.416679620742798,3.7358615398406982,3.3410696983337402,3.235
D.Sabonis,Sacramento Kings,[[11.479592]],[11.25660932],[11.435],[11.66705],[[10.921491]],11.12498106876266,12.164192199707031,11.985759735107422,10.905076026916504,13.035
T.Maxey,Philadelphia 76ers,[[3.7546043]],[3.49865574],[3.175],[3.1885343],[[3.4674907]],3.2447748994937937,3.6232097148895264,3.269331455230713,3.525447368621826,2.605
P.George,Philadelphia 76ers,[[7.4000826]],[7.61159991],[7.205],[7.186899],[[6.9002204]],5.455272082421011,6.085577011108398,5.990754127502441,6.2316460609436035,8.405
J.Wilson,Brooklyn Nets,[[3.910509]],[3.73599022],[3.86],[3.9508305],[[3.8001099]],3.5228031495750733,3.6498048305511475,4.098535060882568,3.322331428527832,5.515
T.Jerome,Cleveland Cavaliers,[[1.3653264]],[1.29597495],[1.425],[1.6537671],[[1.4313874]],1.6148302485160917,0.9440093040466309,1.7688307762145996,2.0566391944885254,1.915
J.Thor,Cleveland Cavaliers,[[0.26661256]],[1.33889126],[1.005],[1.2027812],[[0.]],0.932840766825466,0.0,0.7944274544715881,1.4722572565078735,1.065
J.Smith,Chicago Bulls,[[4.830239]],[4.71120561],[5.17],[5.37805],[[5.3283644]],5.361913313977126,4.147728443145752,5.3756103515625,4.470519542694092,5.48
R.Council,Philadelphia 76ers,[[0.77134025]],[0.40954072],[1.],[0.96385235],[[0.6576362]],0.6476478739615545,0.7511373162269592,0.737151026725769,1.189666748046875,0.825
B.Miller,Charlotte Hornets,[[3.4442887]],[3.58206649],[3.405],[3.6279943],[[3.4245982]],3.6689564945264865,3.678469181060791,4.074517726898193,3.2060952186584473,5.075
S.Milton,Brooklyn Nets,[[1.8644179]],[2.55052207],[2.],[1.9827266],[[1.850979]],0.7398646361614989,0.713015079498291,0.7741782665252686,1.7693239450454712,1.07
N.Clowney,Brooklyn Nets,[[3.5997002]],[4.08413023],[3.755],[3.4920492],[[3.2820508]],3.2271851044412867,2.7341349124908447,3.3074285984039307,3.1988186836242676,2.74
T.Salaun,Charlotte Hornets,[[2.6430833]],[3.25346489],[2.955],[3.4808502],[[2.634329]],2.5384950072974237,2.09963059425354,2.852814197540283,2.5412869453430176,2.12
A.Gordon,Denver Nuggets,[[7.8935513]],[7.78571654],[8.175],[7.9958086],[[7.339528]],8.165822437112407,7.984267711639404,8.931126594543457,7.159701347351074,9.315
D.Jordan,Denver Nuggets,[[2.589046]],[3.79796963],[3.2],[3.0910325],[[3.02704]],3.9007102057347067,2.0168910026550293,3.5904746055603027,3.444143295288086,2.205
H.Tyson,Denver Nuggets,[[2.7267213]],[2.92459917],[3.045],[2.857685],[[2.5991452]],2.3868255331622277,1.8193234205245972,2.6068506240844727,2.4385242462158203,3.525
M.Williams,Charlotte Hornets,[[4.3930054]],[5.07226703],[5.035],[5.116371],[[6.1431456]],5.144557414893266,4.597408294677734,4.840965270996094,4.716189384460449,4.23
C.Martin,Charlotte Hornets,[[4.6632943]],[4.55992997],[4.61],[4.7665606],[[4.441004]],4.352107223351623,4.683957576751709,4.543361663818359,3.8571667671203613,3.61
M.Bridges,Charlotte Hornets,[[6.3815875]],[5.9435022],[6.59],[6.3422165],[[5.611372]],6.438806788707024,6.368710517883301,6.463000297546387,5.348095893859863,6.64
S.Merrill,Cleveland Cavaliers,[[0.7352282]],[0.91681205],[1.],[0.98116964],[[0.75704247]],0.859039745421619,0.8410708904266357,1.0362462997436523,1.1002848148345947,0.645
D.Sharpe,Brooklyn Nets,[[3.7848]],[3.9209575],[3.94],[4.018871],[[3.4975066]],3.6651363861178754,3.7896928787231445,3.8901712894439697,3.6190810203552246,5.175
E.Mobley,Cleveland Cavaliers,[[9.054413]],[8.40745733],[8.815],[8.667301],[[8.353107]],7.967925156929691,7.9286394119262695,8.050796508789062,7.725404739379883,7.005
B.Hyland,Los Angeles Clippers,[[0.8217917]],[0.],[1.],[1.5695279],[[0.48095712]],1.0202961836074853,0.7676092982292175,0.7620469331741333,1.3833223581314087,0.38
K.Love,Miami Heat,[[5.6646175]],[6.46628781],[6.145],[6.18077],[[6.0832133]],5.344122303299577,4.74562406539917,6.344687461853027,5.027741432189941,6.44
H.Highsmith,Miami Heat,[[4.531022]],[5.64274326],[4.15],[4.692643],[[4.211373]],3.6879258372127293,2.940056085586548,4.0368499755859375,3.984142780303955,5.84
T.Rozier,Miami Heat,[[4.146541]],[4.15053865],[4.285],[4.292882],[[3.9378474]],4.337870614109423,3.5949370861053467,4.557615280151367,3.869349956512451,3.85
M.Porter,Denver Nuggets,[[7.2752895]],[7.23667686],[7.555],[7.4249086],[[6.691352]],7.415847589492133,7.104512691497803,7.7483296394348145,6.46536111831665,6.535
J.Suggs,Orlando Magic,[[5.4860387]],[5.19949995],[5.16],[5.2409754],[[4.998847]],4.744177213946374,4.760578632354736,5.086889743804932,4.488963603973389,5.9
S.Hauser,Boston Celtics,[[4.901736]],[4.56131523],[4.255],[4.5032268],[[4.158738]],3.8255903414792387,4.094207763671875,4.148149490356445,3.7696762084960938,3.285
O.Ighodaro,Phoenix Suns,[[1.3148617]],[2.54692871],[2.],[2.0904598],[[1.531174]],2.6596860287058686,1.7787489891052246,2.5586884021759033,2.5467710494995117,2.15
S.Henderson,Portland Trail Blazers,[[2.8863738]],[3.09085757],[3.02],[3.1295397],[[2.9376469]],3.2326185609081173,2.7842259407043457,3.31815242767334,2.7867965698242188,3.155
A.Edwards,Minnesota Timberwolves,[[5.847651]],[5.70868656],[5.81],[5.748369],[[5.323565]],5.548542414289132,6.264991283416748,5.8368144035339355,5.415719509124756,4.87
M.Conley,Minnesota Timberwolves,[[2.2897038]],[2.86403965],[2.945],[2.8415415],[[2.64835]],2.4191555981908026,2.8019773960113525,2.3459646701812744,2.4480748176574707,1.055
J.Butler,Washington Wizards,[[0.7119614]],[0.5900262],[1.],[0.9901197],[[0.5966094]],0.562348458027075,0.5004128813743591,0.5473701357841492,1.206823468208313,0.22
J.Grant,Portland Trail Blazers,[[4.808345]],[5.28765894],[5.065],[5.0115256],[[4.60864]],4.650946613086241,4.3625407218933105,4.7722487449646,4.39256477355957,3.515
J.Champagnie,San Antonio Spurs,[[5.505989]],[5.70242483],[5.215],[5.379173],[[4.9802437]],5.298301689156045,4.908690452575684,5.447279453277588,4.41141414642334,5.75
P.Pritchard,Boston Celtics,[[3.204411]],[3.4745215],[3.665],[3.7093668],[[3.3141737]],2.847560755502493,3.397186279296875,3.1640360355377197,3.085191249847412,3.765
D.Banton,Portland Trail Blazers,[[0.6796718]],[0.36718757],[1.],[1.0328751],[[0.60263336]],0.6329774395109531,0.2915562093257904,0.6183427572250366,1.1944571733474731,0.785
D.Booker,Phoenix Suns,[[3.1318626]],[3.13001732],[3.22],[3.3365123],[[3.0060422]],2.867272480018504,3.0317649841308594,3.3619210720062256,3.0205788612365723,4.465
K.Towns,New York Knicks,[[11.849]],[11.41161135],[12.5],[12.85989],[[11.421194]],10.65885106722004,11.4486722946167,10.790811538696289,10.904265403747559,11.145
P.Washington,Dallas Mavericks,[[7.526478]],[8.16278631],[7.875],[8.103943],[[6.9537697]],7.6033565819611155,7.364079475402832,7.787367820739746,6.440527439117432,7.585
T.Shannon,Minnesota Timberwolves,[[0.19623691]],[0.01119543],[1.],[0.9586187],[[0.]],0.3408540482691036,0.39308226108551025,0.2835947573184967,0.6829324960708618,0.56
S.Curry,Golden State Warriors,[[4.6594768]],[4.47351294],[4.77],[4.794795],[[4.3366733]],5.041736818700871,4.948290824890137,4.97780179977417,4.162294387817383,6.09
K.Thompson,Dallas Mavericks,[[2.3209193]],[3.0614892],[3.035],[3.2168071],[[2.6492507]],2.912505982088402,2.7904179096221924,3.054210662841797,2.4638161659240723,2.025
J.Randle,Minnesota Timberwolves,[[7.3376694]],[6.94352293],[6.95],[7.3128605],[[6.6124983]],6.924913519242551,7.59320592880249,8.216687202453613,6.521675109863281,7.29
J.Howard,Orlando Magic,[[1.0812331]],[1.3539015],[1.005],[1.636065],[[0.91250604]],1.3748810322535543,1.1359378099441528,1.652991533279419,1.914106011390686,1.985
A.Black,Orlando Magic,[[2.4932742]],[3.19160031],[3.01],[3.0558352],[[2.860048]],2.98134954821223,2.7412288188934326,3.197392225265503,2.5838499069213867,3.0
S.Cissoko,San Antonio Spurs,[[2.0163634]],[3.02151262],[1.095],[2.2621348],[[0.9631223]],1.2699931609913901,0.005022495985031128,0.984694242477417,1.5316762924194336,1.815
T.Bryant,Indiana Pacers,[[1.596197]],[1.97310675],[2.],[2.0252078],[[1.3800255]],2.311862678470907,2.242081642150879,2.328913927078247,2.0176897048950195,2.18
J.Nurkic,Phoenix Suns,[[7.459725]],[7.23574615],[7.215],[7.110843],[[6.915335]],7.175351430013815,6.362677574157715,6.71241569519043,6.110250473022461,4.83
G.Vincent,Los Angeles Lakers,[[0.61488134]],[0.91528679],[1.],[0.97807163],[[0.6808969]],0.7400442367309795,0.8147457838058472,0.9219372272491455,1.1176419258117676,0.38
L.Doncic,Dallas Mavericks,[[7.943113]],[7.92400333],[7.915],[7.5679717],[[7.3327584]],8.053471316309178,7.77097749710083,8.143899917602539,7.167448043823242,7.43
D.Powell,Dallas Mavericks,[[0.3899802]],[1.322853],[1.005],[1.5951973],[[0.5699904]],1.2208947265306302,0.9646851420402527,1.3972764015197754,1.6666996479034424,1.495
A.Nembhard,Indiana Pacers,[[1.1451489]],[1.86141334],[1.96],[1.6613954],[[1.547615]],1.5863057240707819,1.5757752656936646,1.7524950504302979,1.5915309190750122,1.13
N.Reid,Minnesota Timberwolves,[[7.1898746]],[6.33765225],[6.765],[7.099264],[[6.2370358]],6.436037641391416,6.884777545928955,6.441734790802002,5.489524841308594,4.56
K.Durant,Phoenix Suns,[[6.49889]],[6.30654914],[6.52],[6.331791],[[5.926267]],6.206930748938591,6.293702602386475,6.403480529785156,5.971917152404785,5.88
M.Morris,Phoenix Suns,[[0.8809379]],[1.10103303],[1.005],[1.3168458],[[0.8360866]],1.4709819882750153,0.7378033995628357,1.2157318592071533,1.5624587535858154,0.47
T.Jones,Phoenix Suns,[[3.327628]],[3.7608476],[3.6],[3.3545306],[[3.3506973]],3.3273311321168313,3.4481427669525146,3.633941650390625,3.0669164657592773,3.195
D.Murray,New Orleans Pelicans,[[6.1135507]],[6.12934018],[5.44],[5.7351184],[[5.631457]],6.014833740656898,5.9413743019104,5.9108452796936035,5.481663227081299,5.485
D.Bane,Memphis Grizzlies,[[6.3408384]],[5.53032133],[6.275],[6.301727],[[5.524803]],4.941475573045843,5.601407527923584,5.116692543029785,4.989407539367676,5.53
C.Carrington,Washington Wizards,[[3.2841]],[3.69055926],[3.805],[3.5177417],[[3.3817542]],3.3397344807779854,3.227348804473877,3.591237783432007,3.0022220611572266,3.86
Q.Grimes,Dallas Mavericks,[[1.4905356]],[2.09795287],[1.825],[1.7897643],[[1.5295492]],1.741018651373059,1.1490925550460815,1.7292885780334473,1.9366034269332886,1.28
D.Gafford,Dallas Mavericks,[[5.182713]],[5.02660706],[5.405],[5.236836],[[4.9553638]],5.725802058593372,5.401103496551514,5.579725742340088,4.586304187774658,4.17
D.Avdija,Portland Trail Blazers,[[6.560706]],[6.92242916],[5.865],[6.1324644],[[5.8974004]],6.43817787836442,6.009178161621094,6.5982666015625,5.487911701202393,8.51
J.Davis,Washington Wizards,[[0.73097783]],[1.12233719],[1.005],[1.2013962],[[0.7763842]],1.919880035709384,0.9665170907974243,2.230748176574707,1.5622869729995728,1.36
D.Theis,New Orleans Pelicans,[[4.726111]],[4.99160398],[5.095],[5.542892],[[4.260063]],4.493998852992051,3.841358184814453,4.348891258239746,3.937911033630371,3.42
J.Cain,New Orleans Pelicans,[[1.8258561]],[2.24850539],[2.005],[2.196015],[[1.8013306]],2.108885178185667,1.690658688545227,2.0994033813476562,2.3337574005126953,3.595
Z.Edey,Memphis Grizzlies,[[3.3704371]],[3.735097],[4.],[4.0180807],[[3.2991774]],4.397629233383494,4.229793548583984,4.279582977294922,3.483785629272461,2.895
O.Anunoby,New York Knicks,[[3.737383]],[3.89915428],[4.045],[4.1667547],[[3.7403386]],3.3818101950784865,3.5552194118499756,3.675396203994751,3.457247734069824,3.86
D.Lively,Dallas Mavericks,[[7.4307685]],[7.18094004],[7.775],[7.819668],[[7.2088237]],7.596499506271361,7.327723026275635,7.587790489196777,6.448724269866943,5.525
J.Huff,Memphis Grizzlies,[[1.7769766]],[1.94089955],[1.995],[1.9659276],[[1.8658657]],2.2639827856584076,2.3042023181915283,2.479011058807373,2.209883689880371,1.245
C.Paul,San Antonio Spurs,[[3.3206697]],[3.91402633],[3.915],[3.4885805],[[3.4113958]],3.914870597150391,3.6465721130371094,4.021080017089844,3.121152877807617,5.495
S.Dinwiddie,Dallas Mavericks,[[1.4126033]],[1.92806211],[1.255],[1.4631994],[[1.5310935]],0.7886075961512713,0.9712563157081604,0.845871090888977,1.5950005054473877,0.51
D.Russell,Los Angeles Lakers,[[2.0522356]],[2.82188623],[2.805],[2.8820693],[[2.4625413]],2.031093753929378,2.453580379486084,2.292788028717041,2.322972297668457,2.605
H.Barnes,San Antonio Spurs,[[2.3809288]],[3.18013519],[3.],[2.9223106],[[2.7523706]],3.0188706728452592,2.886935234069824,3.2151780128479004,2.49393367767334,2.7
J.Walker,Portland Trail Blazers,[[2.8454447]],[3.75010341],[3.215],[3.2926862],[[2.72686]],4.077745996615334,2.9907913208007812,4.804835319519043,3.215942859649658,4.445
G.Allen,Phoenix Suns,[[2.134061]],[2.34590112],[2.245],[2.430999],[[2.278339]],2.18112863607485,2.150725841522217,2.4383440017700195,2.3654122352600098,2.27
M.McBride,New York Knicks,[[1.7751104]],[2.39201804],[2.055],[2.38087],[[2.1449275]],2.043270949965975,1.8866959810256958,2.2033560276031494,2.110365867614746,2.43
S.Pippen,Memphis Grizzlies,[[2.2492387]],[2.81017468],[3.],[2.979232],[[2.608422]],2.6701471136119888,2.9387590885162354,2.8431708812713623,2.4760265350341797,1.335
A.Wiggins,Golden State Warriors,[[5.366992]],[4.84947898],[5.14],[5.0551257],[[4.728676]],5.149594869784789,5.111347198486328,5.469578266143799,4.297320365905762,4.555
S.Castle,San Antonio Spurs,[[1.7256389]],[2.09409891],[2.],[2.0392475],[[2.0392663]],2.1454511197588606,1.8474229574203491,2.4288856983184814,2.0950207710266113,3.3
C.McCollum,New Orleans Pelicans,[[3.5970674]],[3.71372251],[3.97],[3.8153753],[[3.5137877]],3.374626561450396,3.396174192428589,3.595975399017334,3.3913965225219727,3.93
J.Jackson,Memphis Grizzlies,[[5.0452933]],[4.40131113],[5.08],[5.0115047],[[4.458904]],4.780869055611385,5.096673965454102,5.090135097503662,4.1539130210876465,5.645
T.Jackson-Davis,Golden State Warriors,[[4.716946]],[4.68537451],[4.41],[4.3905325],[[4.1907196]],4.845045084320501,4.8496503829956055,5.208385467529297,3.8043222427368164,6.875
J.Walker,Indiana Pacers,[[1.1219406]],[1.55093912],[1.15],[1.5757135],[[1.0236197]],1.7188157907663135,1.2784857749938965,1.69717276096344,1.9191534519195557,1.36
B.Clarke,Memphis Grizzlies,[[3.194124]],[3.81857458],[3.095],[3.2900844],[[3.0108316]],3.4582162821976477,3.5624938011169434,3.493741750717163,3.1629185676574707,3.055
M.Smart,Memphis Grizzlies,[[1.7627785]],[2.13794087],[2.],[2.2404404],[[2.0460212]],1.9092356920402955,2.062655210494995,2.091233491897583,2.099578857421875,2.215
T.Haliburton,Indiana Pacers,[[4.723613]],[4.95709959],[4.91],[5.0388227],[[4.5173454]],4.815708205624199,4.802640438079834,5.020564079284668,4.262426853179932,5.45
T.Queen,Orlando Magic,[[0.01184493]],[0.],[0.],[0.00297136],[[0.19703524]],0.2532760279710241,0.0,0.09374333173036575,0.1482478678226471,0.0
B.Podziemski,Golden State Warriors,[[5.475028]],[5.52448161],[5.6],[5.405738],[[5.0907283]],5.343616884232377,5.305078029632568,5.529741287231445,4.507499694824219,6.48
X.Tillman,Boston Celtics,[[3.243127]],[3.90944665],[3.325],[3.5214996],[[3.0638425]],3.0145053965507453,3.207322120666504,2.7614495754241943,3.234668254852295,2.38
J.Hart,New York Knicks,[[10.094181]],[9.7582596],[11.295],[10.773785],[[9.390869]],9.533814251586115,10.092270851135254,9.457386016845703,9.300981521606445,9.19
J.Green,New Orleans Pelicans,[[4.064067]],[4.32411297],[3.955],[3.9149137],[[3.860026]],3.5822685231559843,3.5074779987335205,3.9244959354400635,3.3815174102783203,4.485
K.Looney,Golden State Warriors,[[6.6580973]],[8.14091832],[7.055],[7.4705696],[[7.9091964]],8.229530927046177,7.929487705230713,7.899992942810059,7.221397876739502,5.7
O.Prosper,Dallas Mavericks,[[0.4582202]],[0.60244135],[1.045],[1.1655176],[[0.5378448]],0.8452319941888697,0.5767213702201843,0.8419933319091797,1.0788161754608154,0.915
L.James,Los Angeles Lakers,[[7.742111]],[7.78236849],[7.485],[7.456922],[[7.1267824]],6.4317784920929375,7.032973766326904,6.886405944824219,6.555388450622559,6.12
J.Gortman,Dallas Mavericks,[[0.0864876]],[0.27159266],[1.005],[0.96813595],[[0.]],0.040467025576955806,0.13203006982803345,0.10571414232254028,0.4696342349052429,0.21
D.Clingan,Portland Trail Blazers,[[5.138938]],[6.50382416],[5.77],[6.0272303],[[6.103422]],6.282636266296022,5.108725070953369,6.427855968475342,5.4640212059021,6.325
C.Bassey,San Antonio Spurs,[[0.564651]],[0.89244727],[1.],[1.067864],[[0.6580073]],2.3709687254549596,1.5475678443908691,2.912771701812744,1.282395362854004,3.03
B.Wesley,San Antonio Spurs,[[0.7860397]],[1.14839342],[1.005],[1.2648578],[[0.65461564]],0.9371520901737173,0.6196002960205078,1.0000860691070557,1.3822932243347168,0.37
S.Mamukelashvili,San Antonio Spurs,[[2.0843527]],[3.09825839],[2.47],[3.1156054],[[2.0887165]],2.4672807781426114,1.6559139490127563,2.1489717960357666,2.453856945037842,1.475
K.Caldwell-Pope,Orlando Magic,[[0.6750016]],[1.16158801],[1.],[1.0045335],[[1.0153503]],0.8670585900726528,1.169711947441101,0.9551740884780884,1.3605290651321411,0.82
R.O'Neale,Phoenix Suns,[[7.2389474]],[6.90506929],[6.865],[6.722578],[[6.4003778]],6.549493394914783,6.538571834564209,6.736984729766846,5.776600360870361,6.87
M.Wagner,Orlando Magic,[[4.1514974]],[3.881111],[4.375],[4.196236],[[3.7610974]],4.261159425409602,3.5537753105163574,4.740138530731201,3.5626511573791504,5.3
B.Boston,New Orleans Pelicans,[[2.4486685]],[2.66024838],[2.595],[2.539354],[[2.5677]],2.384708065305427,2.4350204467773438,2.661479949951172,2.448317050933838,2.895
A.Davis,Los Angeles Lakers,[[12.401669]],[12.78017275],[12.995],[12.722675],[[12.194863]],11.872270894907729,13.024763107299805,12.578025817871094,12.060800552368164,12.185
B.Mathurin,Indiana Pacers,[[4.249111]],[3.79221844],[4.35],[4.255461],[[3.8653347]],4.372715379216074,4.249985218048096,4.738037586212158,3.4302525520324707,8.03
J.Tatum,Boston Celtics,[[7.5614204]],[7.47040826],[7.23],[7.520778],[[6.9569454]],6.611599145841222,7.210350036621094,6.78193473815918,6.804048538208008,7.36
J.Kuminga,Golden State Warriors,[[3.107856]],[2.93312356],[3.05],[3.0487251],[[3.03684]],3.169897358704199,2.874657154083252,3.3857486248016357,2.77717924118042,3.69
B.Hield,Golden State Warriors,[[3.6480207]],[3.65456045],[3.89],[3.8033597],[[3.43208]],3.4649794206665843,3.510204792022705,3.614508867263794,3.569795608520508,3.04
P.Siakam,Indiana Pacers,[[8.140634]],[7.70390886],[8.285],[8.248231],[[7.444272]],7.340395405336901,7.725655555725098,7.998142242431641,7.071566104888916,9.485
D.Green,Golden State Warriors,[[3.6950183]],[4.56755444],[3.985],[3.8340075],[[3.8038056]],3.8597543912179857,3.7102808952331543,4.01522159576416,3.187164306640625,4.045
J.Springer,Boston Celtics,[[0.460211]],[0.96589153],[1.],[1.4003404],[[0.3549266]],1.1148072611686275,0.5387668013572693,1.1923482418060303,1.578932762145996,1.28
C.Joseph,Orlando Magic,[[0.6442886]],[0.51359248],[1.],[1.2892444],[[0.4868223]],0.4725102645695224,0.4959813356399536,0.6950429677963257,1.5878437757492065,0.215
M.Bridges,New York Knicks,[[3.3064108]],[3.50654758],[3.225],[3.3365407],[[3.2946503]],3.2106190799359626,3.3712947368621826,3.6181986331939697,3.1481919288635254,5.28
L.Kennard,Memphis Grizzlies,[[2.384112]],[2.69847664],[2.835],[3.0014763],[[2.524123]],2.49721553383164,2.3504064083099365,2.470865249633789,2.439929485321045,3.215
J.Morant,Memphis Grizzlies,[[4.9564543]],[4.16748374],[5.05],[5.2113175],[[4.3937182]],4.533552576764656,5.178866863250732,4.735820770263672,4.1428375244140625,5.745
N.Queta,Boston Celtics,[[2.3962626]],[3.55486379],[3.215],[3.505392],[[2.543693]],4.372786268492773,3.9489336013793945,5.108808517456055,3.3930249214172363,5.43
T.Da,Orlando Magic,[[1.7646066]],[2.44463467],[2.005],[2.4628654],[[2.2210941]],2.395935622896837,2.1271045207977295,2.540070056915283,2.1227383613586426,1.17
W.Carter,Orlando Magic,[[10.120457]],[9.81196771],[10.52],[10.673009],[[9.073655]],10.03604709581649,9.685555458068848,8.464465141296387,9.410561561584473,7.045
C.Houstan,Orlando Magic,[[0.6614536]],[1.08580681],[1.],[1.461862],[[0.54197854]],0.9019210910214635,0.5908045768737793,1.0505858659744263,1.4703235626220703,1.22
N.Alexander-Walker,Minnesota Timberwolves,[[1.6906674]],[2.0316569],[2.],[2.1721761],[[1.8744128]],1.9915625175523832,2.2944204807281494,2.2850871086120605,2.0904088020324707,2.12
R.Dillingham,Minnesota Timberwolves,[[0.8475946]],[0.59708873],[1.],[1.0127662],[[0.55553347]],0.7375914927945171,1.0933719873428345,0.6666461229324341,1.086656093597412,0.335
L.Garza,Minnesota Timberwolves,[[0.53494525]],[1.37643699],[1.31],[1.7373415],[[1.2542833]],0.7053760987356295,1.2744641304016113,0.947598397731781,1.7030231952667236,0.515
J.McDaniels,Minnesota Timberwolves,[[1.5886071]],[2.42428549],[2.015],[1.9992346],[[2.0332897]],1.9779585455031978,2.311246395111084,2.0757551193237305,2.04793643951416,0.975
M.Branham,San Antonio Spurs,[[2.3631718]],[2.21122917],[2.065],[2.181314],[[2.0475674]],2.189600758981876,2.178704261779785,2.232987642288208,2.060361385345459,2.11
M.Christie,Los Angeles Lakers,[[1.9730587]],[2.54260149],[2.035],[2.5197837],[[2.2230718]],1.4680147758909552,1.8442089557647705,1.7583692073822021,2.1101975440979004,1.495
M.Turner,Indiana Pacers,[[6.597118]],[6.40748763],[6.745],[6.5514708],[[5.8355865]],5.534217169211512,5.7760820388793945,5.637269496917725,5.234302043914795,4.835
J.LaRavia,Memphis Grizzlies,[[5.703263]],[5.64055175],[5.89],[5.533955],[[5.14055]],5.691455948486157,5.931628704071045,5.683289051055908,4.65634298324585,6.455
J.Wells,Memphis Grizzlies,[[2.166174]],[2.28519944],[2.51],[2.5809567],[[2.307612]],2.2858695340438815,2.4715611934661865,2.5848774909973145,2.31113862991333,1.685
M.Plumlee,Phoenix Suns,[[4.5940285]],[4.63814078],[4.8],[4.8180485],[[4.360253]],5.336775487637778,5.086451053619385,5.213794708251953,4.103580474853516,5.395
J.Champagnie,Washington Wizards,[[4.581012]],[5.12791452],[4.7],[4.6295085],[[4.4055824]],4.495392421499086,4.390591621398926,4.72401762008667,3.8725361824035645,6.365
B.Coulibaly,Washington Wizards,[[6.0777326]],[5.99326283],[5.72],[5.709694],[[5.698304]],5.9800648292693195,6.142880439758301,6.043476104736328,5.270885467529297,6.645
P.Spencer,Golden State Warriors,[[0.5067376]],[0.47191993],[1.01],[1.1755344],[[0.49740678]],1.099162266053649,0.6601086854934692,1.7222822904586792,1.1873387098312378,1.34
D.DiVincenzo,Minnesota Timberwolves,[[2.9605932]],[3.31553475],[3.105],[3.4280763],[[3.0503225]],3.0616836996133676,3.3882668018341064,3.1590676307678223,2.802032470703125,5.7
J.Furphy,Indiana Pacers,[[0.94283915]],[1.57601388],[1.04],[1.5232397],[[0.87011844]],1.427599517605537,1.103772521018982,1.4148507118225098,2.028902530670166,1.63
V.Wembanyama,San Antonio Spurs,[[9.988869]],[10.48581404],[10.37],[11.1915865],[[9.83795]],10.471316449318804,10.197163581848145,10.57536506652832,9.552305221557617,10.28
C.Reddish,Los Angeles Lakers,[[3.9925635]],[4.9290264],[4.37],[4.7035685],[[3.9395432]],3.634523651165671,3.3580212593078613,3.8180654048919678,3.41892147064209,2.84
G.Payton,Golden State Warriors,[[1.2380692]],[1.37340939],[1.19],[1.5062351],[[1.3122706]],1.3165824422031696,1.3169723749160767,1.5058903694152832,2.010847568511963,1.36
R.Hachimura,Los Angeles Lakers,[[7.8941245]],[7.76970677],[8.185],[8.246233],[[7.223977]],6.920929667122991,7.572997093200684,6.958120346069336,6.826400279998779,6.1
A.Reaves,Los Angeles Lakers,[[6.2776904]],[6.37230604],[6.235],[6.2891984],[[5.8344536]],5.774675657644677,6.2895073890686035,5.870189666748047,5.385919570922852,4.26
J.Minott,Minnesota Timberwolves,[[0.98513025]],[1.27439571],[1.],[1.0140681],[[1.0149239]],1.147271079405388,1.2921748161315918,1.1077765226364136,1.3976362943649292,0.905
S.Aldama,Memphis Grizzlies,[[6.243018]],[6.52969487],[6.08],[6.353874],[[5.649479]],6.1456553211769185,6.547811985015869,5.952194690704346,5.254484176635742,4.71
R.Dunn,Phoenix Suns,[[2.566845]],[2.72614535],[2.98],[2.9032338],[[2.5298035]],1.91855963713647,2.0432212352752686,2.1277003288269043,2.376293182373047,3.4
P.Dozier,Minnesota Timberwolves,[[0.5618146]],[1.82146521],[1.],[1.4355013],[[0.6266853]],1.3490627264934347,1.6286046504974365,1.5733776092529297,2.087143898010254,1.29
M.Bagley,Washington Wizards,[[2.3826785]],[3.15893895],[2.955],[3.2200184],[[3.1294117]],3.6214503587722437,1.6927120685577393,3.2597343921661377,2.89117431640625,2.135
A.Gill,Washington Wizards,[[0.23234028]],[0.],[1.],[0.93341744],[[0.1748389]],0.5049766795223536,0.17376674711704254,0.36028096079826355,0.6339971423149109,0.565
J.Valanciunas,Washington Wizards,[[7.586211]],[7.33545448],[7.24],[7.5742803],[[7.4006896]],7.170205141976131,6.9214582443237305,7.7325758934021,6.435525417327881,7.595
P.Baldwin,Washington Wizards,[[0.6990495]],[0.12745787],[1.],[1.5267045],[[0.34690207]],0.8944429752937728,0.5497224926948547,1.043640375137329,1.411806344985962,0.35
J.Poole,Washington Wizards,[[1.1360676]],[1.32719088],[1.01],[1.0218987],[[1.3537096]],1.1904245512789298,1.3412038087844849,1.1684812307357788,1.4292386770248413,0.535
H.Jones,New Orleans Pelicans,[[3.0975626]],[3.89268359],[3.525],[3.5481644],[[3.4199278]],3.222440830286664,3.233111619949341,3.3949198722839355,2.9488654136657715,5.08
L.Waters,Golden State Warriors,[[1.6866987]],[2.02829777],[1.995],[1.8201245],[[1.6218299]],2.0999921040721694,2.0523223876953125,2.4064102172851562,2.307425022125244,1.7
Y.Missi,New Orleans Pelicans,[[5.350787]],[5.57522588],[5.13],[4.9347205],[[4.8273168]],4.999763517003259,4.833715915679932,4.977158546447754,4.501425266265869,4.165
A.Simons,Portland Trail Blazers,[[1.4101704]],[1.37372221],[1.385],[1.2566626],[[1.5274944]],1.393437386307696,1.2141122817993164,1.468816876411438,1.688796043395996,1.925
P.Achiuwa,New York Knicks,[[6.117088]],[6.44759014],[5.77],[5.721173],[[5.7664733]],6.295571812916489,5.926873683929443,6.169047832489014,5.448511600494385,5.715
C.Payne,New York Knicks,[[2.1495879]],[2.45770551],[2.26],[2.597532],[[2.1271207]],1.891127250985495,1.6671079397201538,1.9746438264846802,2.361936092376709,1.36
G.Bitadze,Orlando Magic,[[4.707423]],[4.9110736],[5.43],[5.456679],[[4.874581]],5.186097863888589,4.142397403717041,5.395852565765381,4.5760369300842285,7.555
T.Camara,Portland Trail Blazers,[[3.5474644]],[4.26218513],[3.7],[3.6432545],[[3.5422099]],3.4380131011702844,3.4415907859802246,3.398810625076294,2.8159899711608887,2.22
J.Brown,Boston Celtics,[[7.9840617]],[7.40956901],[7.76],[7.372851],[[7.1746554]],6.794544346779579,7.364344120025635,6.756718158721924,7.045081615447998,6.55
J.Holiday,Boston Celtics,[[2.830797]],[3.29312486],[3.065],[3.2714236],[[3.1123714]],2.7785844241339963,3.4376509189605713,2.910421133041382,2.8245153427124023,3.22
K.Porzingis,Boston Celtics,[[8.188569]],[7.2812631],[7.655],[7.7545514],[[7.443646]],7.470455452978702,7.399303913116455,7.9015045166015625,7.056811332702637,7.785
C.Anthony,Orlando Magic,[[1.8767761]],[2.59364793],[2.025],[2.335489],[[1.7997451]],1.9072958361781023,1.5076245069503784,1.9836506843566895,2.255120277404785,1.455
A.Sarr,Washington Wizards,[[6.654187]],[6.56759728],[5.94],[6.207347],[[5.805764]],5.963138961946107,5.908551216125488,6.154910564422607,5.279486656188965,5.82
D.Vassell,San Antonio Spurs,[[1.5080373]],[1.36774949],[1.995],[1.8384455],[[1.5127783]],1.3394502793408116,1.4429644346237183,1.6528019905090332,1.6811420917510986,2.53
J.Isaac,Orlando Magic,[[2.8739119]],[3.67500342],[3.535],[3.6199641],[[2.836625]],3.5564428799247323,2.994175434112549,4.0664381980896,3.36929988861084,2.525
J.Brunson,New York Knicks,[[2.5439463]],[2.29877073],[2.83],[2.517469],[[2.352366]],2.180263646023345,2.327143430709839,2.3901495933532715,2.4240622520446777,1.78
L.Kornet,Boston Celtics,[[3.617214]],[4.07548269],[3.93],[3.8833094],[[3.5722656]],4.022142650412224,4.478670120239258,4.730492115020752,3.594310760498047,6.725
D.White,Boston Celtics,[[3.8576105]],[3.99038858],[3.97],[3.8447185],[[3.7052464]],3.42710411001061,4.062602519989014,3.8481802940368652,3.6207752227783203,3.455
D.Knecht,Los Angeles Lakers,[[1.303282]],[1.37118138],[1.525],[1.4044517],[[1.2478752]],1.073243725556326,1.2173608541488647,1.2567472457885742,1.4710614681243896,2.145
C.Koloko,Los Angeles Lakers,[[2.2359052]],[3.4162604],[2.91],[3.1113815],[[2.0196207]],2.2845213897577725,2.3118784427642822,2.5042989253997803,2.946535110473633,4.18
R.Williams,Portland Trail Blazers,[[7.4148874]],[7.48863189],[6.955],[7.127415],[[7.244788]],6.479040979338782,7.151844024658203,6.628157138824463,6.394313335418701,7.445
J.Okogie,Phoenix Suns,[[3.982638]],[3.85764376],[3.93],[3.8327112],[[3.4868257]],4.7402369879327,4.23146390914917,5.237969875335693,3.4357852935791016,7.16
O.Toppin,Indiana Pacers,[[2.408521]],[2.53305117],[2.96],[2.8704422],[[2.5900378]],2.801994374709954,2.552138090133667,3.152873992919922,2.552487373352051,5.005
T.McConnell,Indiana Pacers,[[2.0212705]],[1.96436704],[2.055],[2.4678462],[[1.7154357]],2.120181993902826,1.6467219591140747,2.209104299545288,1.9245325326919556,2.145
T.Murphy,New Orleans Pelicans,[[4.6816406]],[4.40441115],[4.835],[5.1330934],[[4.306513]],4.5088921300215015,4.615082263946533,4.700772285461426,4.061153888702393,4.555
S.Sharpe,Portland Trail Blazers,[[2.9607983]],[3.14047656],[3.03],[3.0578635],[[3.0224478]],3.1604004680771696,2.982160806655884,3.287304401397705,2.7093372344970703,4.725
K.Edwards,Dallas Mavericks,[[0.]],[0.],[0.],[0.00391586],[[0.0774684]],0.20205343844614365,0.14198718965053558,0.05792930722236633,0.0,0.0
J.Walsh,Boston Celtics,[[0.615101]],[0.9807839],[1.],[1.0014113],[[0.67934674]],0.7170696961916854,1.0951846837997437,1.1377487182617188,1.3847237825393677,0.63
K.Irving,Dallas Mavericks,[[4.189185]],[4.12975809],[4.22],[4.511941],[[4.0082436]],4.447355665617366,4.3811421394348145,4.697652816772461,3.794525146484375,6.335
R.Gobert,Minnesota Timberwolves,[[11.22999]],[11.66381507],[11.045],[11.589868],[[10.372909]],11.323804112226814,12.45915699005127,11.84344482421875,10.879335403442383,12.95
J.Sochan,San Antonio Spurs,[[7.968636]],[7.81953104],[7.985],[7.936253],[[7.1934614]],7.920473289519743,7.594181060791016,8.08372974395752,7.186639308929443,6.485
S.Gilgeous-Alexander,Oklahoma City Thunder,[[6.8616514]],[7.04027501],[7.01],[6.7946544],[[6.338458]],6.985172195726013,6.798186302185059,7.7424726486206055,6.347458362579346,7.11
K.Williams,Oklahoma City Thunder,[[2.0214708]],[2.39108457],[2.],[2.0390563],[[1.9941419]],2.8402634833605065,1.9879536628723145,2.8148818016052246,2.2497973442077637,2.49
C.Wallace,Oklahoma City Thunder,[[2.2186046]],[3.35006544],[2.995],[3.2297075],[[2.6932797]],2.871778181093839,2.422273635864258,3.0707848072052,2.447953224182129,2.21
A.Thompson,Houston Rockets,[[4.130129]],[4.12481488],[3.91],[3.7870436],[[3.7544658]],4.160345301236421,3.775510311126709,4.284313201904297,3.421252727508545,4.03
A.Mitchell,Oklahoma City Thunder,[[1.8514488]],[2.31670198],[2.],[2.5288975],[[1.8859849]],2.0846624072089464,1.5384835004806519,2.1890320777893066,2.1160125732421875,1.81
L.Dort,Oklahoma City Thunder,[[2.942642]],[3.56877745],[3.29],[3.1738155],[[3.1601806]],2.94018313800453,2.7617554664611816,3.228177785873413,2.871257781982422,4.34
A.Sengun,Houston Rockets,[[11.048441]],[11.84550648],[11.775],[12.60695],[[11.5643635]],12.542355712375874,12.893256187438965,14.747136116027832,11.355949401855469,12.87
D.Brooks,Houston Rockets,[[3.381286]],[3.69204991],[3.775],[3.5898364],[[3.5548756]],3.829254891336618,3.4549686908721924,3.8920576572418213,3.2829980850219727,4.23
A.Green,Milwaukee Bucks,[[0.86704797]],[0.67262446],[1.],[0.9747477],[[0.7405624]],0.352585080697269,0.5830559134483337,0.4396617114543915,1.3248167037963867,0.195
I.Hartenstein,Oklahoma City Thunder,[[12.425911]],[12.86870766],[12.815],[12.869715],[[11.760417]],13.496262967555976,14.234443664550781,13.253487586975098,12.222125053405762,13.785
J.Green,Houston Rockets,[[5.3240347]],[5.32450698],[5.52],[5.1826825],[[5.076948]],5.287476703893717,5.328848361968994,5.780060291290283,4.968636989593506,9.43
S.Adams,Houston Rockets,[[2.8580751]],[3.73570244],[3.39],[3.4828691],[[2.8704164]],3.9649707315807747,3.804600238800049,4.464398384094238,3.3622918128967285,5.325
J.Williams,Oklahoma City Thunder,[[6.378582]],[6.38951566],[5.945],[5.8088326],[[5.73616]],6.1517577072515115,5.848531723022461,5.9351301193237305,5.485555648803711,5.575
T.Eason,Houston Rockets,[[3.4807053]],[3.92662748],[3.125],[3.262645],[[3.0269923]],3.59257932513165,3.3701589107513428,4.023436069488525,3.3509554862976074,4.26
F.VanVleet,Houston Rockets,[[2.9312572]],[3.1189574],[3.01],[3.195756],[[2.9605887]],3.247783877372189,2.943303108215332,3.425381898880005,2.933866500854492,4.36
A.Caruso,Oklahoma City Thunder,[[2.6567452]],[3.74740099],[2.925],[2.869788],[[2.8952105]],2.7397050492552393,2.3009085655212402,2.7090001106262207,2.632627487182617,3.005
A.Jackson,Milwaukee Bucks,[[1.1767612]],[2.10539046],[1.025],[1.4748738],[[1.3358445]],1.902408298221847,1.3996191024780273,2.3075811862945557,2.1407833099365234,1.575
B.Lopez,Milwaukee Bucks,[[4.770431]],[4.92931756],[4.93],[4.702936],[[4.530897]],4.674411816049036,4.630858421325684,4.952829837799072,4.124932289123535,3.935
D.Lillard,Milwaukee Bucks,[[4.872358]],[4.72489284],[4.94],[4.83024],[[4.522458]],4.85465749983866,5.007527828216553,4.958827018737793,4.500024318695068,3.545
I.Joe,Oklahoma City Thunder,[[1.3657534]],[1.62164661],[2.],[1.8549505],[[1.51188]],1.7353367587030712,1.3535057306289673,1.9447673559188843,1.7637641429901123,3.275
G.Trent,Milwaukee Bucks,[[1.2343124]],[1.62732576],[1.95],[1.8807606],[[1.5202751]],1.2359890141947758,1.40300714969635,1.586220145225525,1.7935729026794434,1.875
J.Smith,Houston Rockets,[[7.7930527]],[7.52884239],[7.34],[7.5139766],[[7.1812806]],8.164842810927084,8.281049728393555,8.343999862670898,6.958097457885742,7.16
B.Portis,Milwaukee Bucks,[[7.710979]],[7.6741716],[7.73],[7.7439756],[[6.935478]],7.131594754632126,7.316731929779053,7.488631248474121,6.58774995803833,7.02
T.Prince,Milwaukee Bucks,[[4.762071]],[5.2451512],[4.68],[4.9680414],[[4.753462]],4.855405820060243,4.94642448425293,4.961330890655518,4.090117931365967,3.555
A.Holiday,Houston Rockets,[[0.87790525]],[0.74648026],[1.],[0.9747492],[[0.7740584]],0.7637477878081365,0.514860212802887,0.8290001153945923,1.3320209980010986,1.085
A.Wiggins,Oklahoma City Thunder,[[3.9156094]],[3.72727825],[3.95],[3.6623604],[[3.446177]],3.9535055058782724,3.3642079830169678,4.346325874328613,3.329610824584961,6.36
G.Antetokounmpo,Milwaukee Bucks,[[10.893994]],[10.88777002],[10.865],[10.831044],[[10.588331]],11.138621511407292,11.934174537658691,11.612937927246094,10.400814056396484,11.135
K.Middleton,Milwaukee Bucks,[[3.1678078]],[3.48591969],[3.14],[3.2001228],[[3.1116533]],2.8468720063395083,2.414224624633789,2.8956756591796875,2.661282539367676,3.315
J.Pickett,Denver Nuggets,[[0.49398234]],[0.48662595],[1.],[0.98513985],[[0.491237]],1.380015909780366,0.7124119997024536,1.5402467250823975,1.1517819166183472,1.025
E.Freeman,Indiana Pacers,[[0.35022545]],[0.40183403],[1.],[1.2531648],[[0.41864622]],0.7397219416158614,0.7441454529762268,0.5070857405662537,0.9874298572540283,0.235
C.Braun,Denver Nuggets,[[5.625937]],[5.52509421],[5.765],[5.3585587],[[5.3842173]],5.643477677413102,5.426583766937256,6.008001327514648,4.907904624938965,6.19
K.Simpson,Charlotte Hornets,[[2.4769375]],[2.88009818],[2.94],[2.872348],[[2.3446808]],2.541720933492064,2.177210569381714,2.5290791988372803,2.6772875785827637,4.645
Q.Jackson,Indiana Pacers,[[1.4921713]],[2.0421038],[2.],[2.192667],[[1.4679976]],1.2729629507423768,1.7580535411834717,1.487580418586731,2.3330211639404297,1.475
Y.Kawamura,Memphis Grizzlies,[[0.]],[0.],[0.],[0.00252758],[[0.18203093]],0.2905206014471516,0.03570541739463806,0.04086751490831375,0.21928444504737854,0.0
Z.Nnaji,Denver Nuggets,[[0.81787336]],[1.18437642],[1.],[1.3864458],[[0.6950675]],1.0487270756524456,0.8196170926094055,1.3129048347473145,1.6323426961898804,1.31
J.McCain,Philadelphia 76ers,[[2.5824103]],[3.10995853],[3.155],[3.039046],[[2.6921449]],2.1813993673877246,2.4013564586639404,2.740020275115967,3.0391993522644043,3.355
D.Schroder,Brooklyn Nets,[[2.0128446]],[2.18363115],[2.],[1.9846557],[[2.1174803]],1.7551562220075039,2.000807285308838,1.9197896718978882,2.132603645324707,1.93
R.Jackson,Philadelphia 76ers,[[0.84501404]],[1.23779206],[1.005],[1.0010505],[[0.74888754]],1.2215033655239682,0.6200687289237976,1.1842154264450073,1.2592891454696655,2.525
Z.LaVine,Chicago Bulls,[[5.541551]],[5.50783264],[5.74],[5.5997357],[[5.1017947]],5.893675608645538,5.346465110778809,6.457013130187988,5.162017822265625,7.96
J.Konchar,Memphis Grizzlies,[[4.2469106]],[4.69749234],[4.29],[4.2050853],[[4.1749873]],4.283564999946441,4.603346824645996,3.5475680828094482,3.564115524291992,4.965
C.Castleton,Memphis Grizzlies,[[0.5516469]],[0.70977804],[1.],[1.1054748],[[0.41204965]],1.4922734279151397,1.6241990327835083,1.7852809429168701,1.4499555826187134,3.135
J.Embiid,Philadelphia 76ers,[[8.5293255]],[8.25836628],[8.235],[8.283026],[[8.0124235]],7.965051396789331,8.321032524108887,8.24646282196045,7.701676368713379,10.26
S.Curry,Charlotte Hornets,[[2.3975985]],[2.43450291],[2.95],[2.9105155],[[2.6779451]],2.6988182879232414,2.8328964710235596,3.037574291229248,2.439073085784912,2.655
A.Sanogo,Chicago Bulls,[[0.5329481]],[1.32768633],[1.005],[1.6696283],[[0.96290326]],1.8198934172230659,0.8657634854316711,2.881183624267578,1.7610843181610107,3.4
T.Gibson,Charlotte Hornets,[[4.695923]],[5.69401898],[5.78],[5.6758347],[[4.977997]],4.583108721956438,3.307908058166504,4.812707424163818,4.67100715637207,5.335
K.Huerter,Sacramento Kings,[[2.6564174]],[3.38772112],[3.005],[3.0159059],[[2.9414804]],2.648126325005002,3.0229597091674805,2.8824915885925293,2.6208224296569824,2.33
A.Reeves,New Orleans Pelicans,[[0.96147114]],[0.83814927],[1.015],[1.0268145],[[1.1122035]],0.947443429548685,0.08963380753993988,1.127784252166748,1.5596448183059692,2.13
A.Horford,Boston Celtics,[[4.678088]],[4.79071441],[4.78],[4.927939],[[4.481022]],3.9946913295690902,4.645150661468506,4.057486534118652,3.753018856048584,4.215
J.Davison,Boston Celtics,[[0.44872287]],[0.95500446],[1.],[0.991809],[[0.30430314]],0.37805538959411966,0.19772154092788696,0.5013018250465393,1.1382009983062744,0.285
J.Ivey,Detroit Pistons,[[4.5209746]],[4.50253721],[4.84],[5.0620155],[[4.2998557]],4.301154357455255,4.512574195861816,4.440672874450684,4.046450614929199,3.355
J.Battle,Toronto Raptors,[[3.5162904]],[3.98837751],[3.585],[3.4069114],[[3.3164902]],3.470425386830484,3.340749979019165,3.931439161300659,3.426431655883789,3.28
K.Murray,Sacramento Kings,[[7.483643]],[7.42408552],[8.06],[7.703523],[[6.912251]],7.275545079631621,7.806525707244873,7.157168865203857,6.6437506675720215,8.775
O.Robinson,Sacramento Kings,[[1.4843334]],[2.75496072],[2.],[2.425235],[[1.489474]],2.3970343056811774,1.6571130752563477,2.6757378578186035,2.490156650543213,3.515
D.Peterson,Boston Celtics,[[1.4381385]],[2.0469564],[1.725],[1.5713625],[[1.4868709]],2.637695907359632,1.8787356615066528,3.3102941513061523,2.0940117835998535,5.59
W.Moore,Detroit Pistons,[[1.0907209]],[1.92485562],[1.03],[1.4694614],[[1.3277127]],2.3291925580633,1.6709580421447754,2.8729805946350098,1.8983464241027832,4.66
T.Harris,Detroit Pistons,[[8.372996]],[8.58449109],[8.845],[9.0922165],[[7.4585166]],8.331333854196693,7.957661151885986,8.651700019836426,7.427771091461182,11.185
B.Fernando,Toronto Raptors,[[2.4698086]],[3.79557195],[3.43],[3.0876055],[[2.6389794]],3.6930967655765365,2.910428524017334,3.3725686073303223,3.2360925674438477,2.08
T.Jemison,New Orleans Pelicans,[[5.176009]],[4.75123323],[3.665],[4.3568892],[[4.799637]],3.3766508279459813,1.0793761014938354,2.9522697925567627,3.91497802734375,3.505
N.Jovic,Miami Heat,[[5.2875395]],[5.01726425],[5.155],[4.94536],[[4.6357355]],4.76317716341407,3.8294992446899414,5.140502452850342,4.075858116149902,5.54
J.Sims,New York Knicks,[[3.6473536]],[4.36222884],[4.125],[4.1810822],[[3.7744503]],4.6301499049496675,4.328141689300537,4.518599510192871,3.6275973320007324,5.665
K.Anderson,Golden State Warriors,[[3.2081907]],[4.01495132],[3.82],[3.5777137],[[3.0801961]],3.5605201874965644,3.462258815765381,3.996182918548584,3.4628825187683105,3.99
D.Jones,Oklahoma City Thunder,[[0.87384033]],[1.52864201],[1.085],[1.815016],[[0.7694144]],1.5547898477518407,0.4459053575992584,1.9704188108444214,1.741843581199646,3.13
B.Carlson,Oklahoma City Thunder,[[1.8905283]],[2.18962233],[1.765],[2.3197832],[[2.5804148]],2.2561994967607935,1.1994144916534424,2.3143515586853027,2.7309374809265137,2.235
N.Marshall,Dallas Mavericks,[[2.7608218]],[3.40934922],[3.015],[3.5635602],[[2.8340375]],2.8263108591629176,2.644899368286133,2.9857146739959717,2.5349388122558594,2.295
S.Barnes,Toronto Raptors,[[7.1625705]],[7.08347755],[7.655],[7.58144],[[6.514402]],6.416631580278276,6.767175197601318,6.703636646270752,6.298291206359863,5.475
T.Alexander,Denver Nuggets,[[0.45398134]],[0.44648241],[1.005],[0.98959756],[[0.34478447]],0.41478385667750034,0.5449439883232117,0.34599563479423523,1.1971015930175781,0.165
M.Lewis,Los Angeles Lakers,[[0.33470288]],[0.2027796],[1.025],[1.0252991],[[0.50714594]],0.5527718979453154,0.4718930721282959,0.7405175566673279,1.0691545009613037,0.935
Z.Collins,San Antonio Spurs,[[3.5764937]],[4.3145362],[4.355],[4.3362226],[[3.600836]],4.730471830365777,4.190730571746826,4.478114128112793,3.906193733215332,3.26
K.Murray,Portland Trail Blazers,[[2.6590762]],[3.07525342],[2.935],[2.9398663],[[2.5973542]],3.1635943363626997,2.498190402984619,3.2972164154052734,2.7064061164855957,5.565
I.Crawford,Sacramento Kings,[[1.0831225]],[1.1304058],[1.],[1.02427],[[1.3064415]],1.4176046855884477,1.0436606407165527,1.4179487228393555,0.4460083842277527,2.33
N.Smith,Charlotte Hornets,[[0.2018069]],[0.00804661],[1.],[0.6244886],[[0.20267962]],0.42656783690079036,0.0,0.20298753678798676,0.5890889763832092,0.375
D.Ayton,Portland Trail Blazers,[[11.273452]],[11.63464151],[11.745],[12.041823],[[10.690245]],11.94427123020162,11.954850196838379,12.330471992492676,11.099976539611816,11.705
C.Spencer,Memphis Grizzlies,[[1.5719469]],[1.96093391],[1.92],[1.8202939],[[1.6448412]],2.042661138655934,2.0531671047210693,2.06919527053833,1.9451167583465576,2.965
J.Robinson-Earl,New Orleans Pelicans,[[1.4853642]],[2.51047166],[1.985],[2.2437975],[[1.546947]],1.937692785326762,1.5503636598587036,2.158144474029541,2.32084321975708,3.51
J.Tyson,Cleveland Cavaliers,[[0.7687063]],[0.93837426],[1.],[1.0008885],[[0.75007033]],1.1821003715162794,0.34097498655319214,1.0097589492797852,1.1693816184997559,0.37
T.Bryant,Miami Heat,[[2.8864522]],[3.49299282],[3.05],[3.3489285],[[2.7482955]],3.807099280371809,2.6319117546081543,4.233947277069092,3.1745567321777344,6.795
D.Eubanks,Utah Jazz,[[3.1859264]],[4.00942491],[3.325],[3.5763335],[[3.0172405]],3.848803034359123,3.0137574672698975,4.443007946014404,3.4907584190368652,4.055
R.Rupert,Portland Trail Blazers,[[2.3088617]],[2.93837276],[2.385],[2.481522],[[1.9501456]],2.1445922658867205,1.5930880308151245,1.8728272914886475,2.871224880218506,2.295
L.Travers,Cleveland Cavaliers,[[1.752837]],[3.38483312],[2.815],[3.1197848],[[1.6391383]],1.732126619500737,0.9912736415863037,1.4932821989059448,2.7694926261901855,1.53
Q.Olivari,Los Angeles Lakers,[[0.01191206]],[0.14618253],[0.],[0.00582816],[[0.16411225]],0.0,0.20165123045444489,0.028765831142663956,0.31739723682403564,0.0
P.Hall,Denver Nuggets,[[0.29612398]],[0.30592105],[1.005],[0.9883921],[[0.19328223]],0.5499623557507017,0.20197024941444397,0.3973686099052429,0.7419955134391785,0.685
B.Bol,Phoenix Suns,[[0.15453878]],[1.09195641],[1.005],[1.395385],[[0.34753957]],1.226898860910149,1.0594974756240845,1.2049281597137451,1.7848012447357178,1.37
A.Traore,Los Angeles Lakers,[[1.1764592]],[1.67256668],[1.895],[1.7454832],[[1.0291595]],1.4527837506208185,1.2560057640075684,1.7853833436965942,1.9505301713943481,2.305
M.Moody,Golden State Warriors,[[2.0053942]],[2.01607301],[2.],[2.4401872],[[1.9934994]],2.031020258467845,1.7521814107894897,2.155092239379883,2.070669651031494,3.235
D.Terry,Chicago Bulls,[[0.535192]],[0.78021784],[1.],[0.9752633],[[0.52575606]],0.8199644762424417,0.5203990340232849,1.2877347469329834,1.271177887916565,1.485
C.Martin,Philadelphia 76ers,[[6.68447]],[6.69284545],[6.64],[6.722454],[[6.264885]],6.4968236108941095,6.640039443969727,6.908766746520996,6.036474704742432,4.995
J.Tate,Houston Rockets,[[1.9565326]],[1.83815878],[1.99],[2.409362],[[1.8695829]],2.243868807053597,1.1524252891540527,1.6706475019454956,1.7230584621429443,2.025
R.Sheppard,Houston Rockets,[[0.7948976]],[0.80026445],[1.],[0.9993614],[[0.8830026]],0.8606248285733609,0.7289178967475891,1.1331959962844849,1.52146315574646,1.155
S.Mykhailiuk,Utah Jazz,[[1.0947998]],[1.29126009],[1.],[1.0485731],[[1.0584261]],1.6155531145850244,1.2121052742004395,1.9623013734817505,1.5196306705474854,4.345
J.McLaughlin,Sacramento Kings,[[0.3032913]],[0.17059008],[1.],[0.95274293],[[0.3046565]],0.48064857681342144,0.08528773486614227,0.5194766521453857,0.8213767409324646,1.43
D.Jones,Los Angeles Clippers,[[3.4574838]],[4.24960638],[4.17],[4.1893244],[[3.6884508]],3.7102197201610037,4.14202356338501,3.9199867248535156,3.201932430267334,3.415
K.Johnson,San Antonio Spurs,[[5.408456]],[5.30762146],[5.215],[5.309316],[[4.8741875]],5.4266580838144005,4.934426784515381,5.5550408363342285,4.455102920532227,4.885
D.Jeffries,Charlotte Hornets,[[3.7557447]],[3.75645362],[3.52],[3.4854198],[[3.556081]],3.328006201179013,3.5899157524108887,3.537578582763672,3.3646187782287598,3.805
B.James,Los Angeles Lakers,[[0.24354798]],[0.],[1.005],[0.9970653],[[0.3074669]],0.03494292039299396,0.4053979516029358,0.4149753153324127,0.6828458905220032,0.415
M.Potter,Utah Jazz,[[5.5301514]],[7.53875148],[5.32],[5.0082226],[[5.1270394]],6.274245613798496,5.732486724853516,4.698967456817627,5.458993434906006,3.905
B.McGowens,Portland Trail Blazers,[[0.]],[0.08333253],[0.],[0.00576162],[[0.]],0.0,0.1934129148721695,0.023025507107377052,0.2529336214065552,0.0
B.Beal,Phoenix Suns,[[3.4308693]],[3.48479784],[3.725],[3.6435795],[[3.276975]],3.526162973515998,3.513188362121582,3.731579065322876,3.2434163093566895,4.555
A.Hukporti,New York Knicks,[[2.137629]],[1.88498959],[2.],[2.0886023],[[2.0528255]],1.6228256950471867,0.8863517642021179,2.558319330215454,1.0002131462097168,2.36
T.Kolek,New York Knicks,[[0.3703676]],[0.30521995],[1.],[0.9553028],[[0.35050055]],0.30992512754690454,0.2359521985054016,0.22139692306518555,0.7033050060272217,0.135
B.Ingram,New Orleans Pelicans,[[6.4509897]],[6.19257487],[6.285],[6.0577703],[[5.8496]],6.1122694644988025,6.20882511138916,6.30380916595459,5.646697521209717,5.885
F.Wagner,Orlando Magic,[[3.9897597]],[3.92384424],[3.98],[4.0204477],[[3.7782035]],3.9880208596004763,3.813236713409424,4.148126125335693,3.5345211029052734,3.255
D.Reath,Portland Trail Blazers,[[0.3203546]],[0.646467],[1.],[1.5680277],[[0.17450649]],0.6687146988076591,0.33242568373680115,0.6720728278160095,1.4937909841537476,0.445
D.Nix,Minnesota Timberwolves,[[0.8993256]],[1.45479781],[1.],[1.2612134],[[0.8819362]],1.2511569338967181,1.2716399431228638,1.660386323928833,1.3351949453353882,1.96
J.Toppin,New York Knicks,[[0.48539922]],[0.5759362],[1.],[1.0148685],[[0.559759]],0.6405137952651012,0.4961135983467102,0.526505708694458,0.9615021347999573,0.51
M.Morris,Dallas Mavericks,[[1.2648729]],[1.7146437],[1.8],[1.6500882],[[1.2759889]],1.6219262799194976,1.1247625350952148,1.9627203941345215,1.3364386558532715,1.39
M.Brogdon,Washington Wizards,[[3.7040553]],[3.60694349],[3.965],[3.913675],[[3.4493115]],3.9005654205244737,3.875767946243286,4.080838680267334,3.0871047973632812,4.975
J.Hardy,Dallas Mavericks,[[1.0414484]],[1.71411286],[1.005],[1.5695245],[[1.1146028]],1.1658019669676578,0.8260519504547119,1.0250208377838135,1.7262953519821167,1.55
J.Carter,Chicago Bulls,[[0.74417275]],[0.74430848],[1.],[1.3567603],[[0.72975385]],1.4154983012154645,0.5648643374443054,1.5839332342147827,1.5844851732254028,2.375
M.Ryan,New York Knicks,[[0.02208326]],[0.],[0.],[0.00477899],[[0.10957073]],0.0,0.2394777536392212,0.032043859362602234,0.27424269914627075,0.0
M.Kleber,Dallas Mavericks,[[1.9508197]],[2.48504061],[2.025],[1.9996986],[[2.1869648]],2.563843115984931,2.0898654460906982,2.8130407333374023,2.0863771438598633,2.695
A.Flagler,Oklahoma City Thunder,[[0.3070448]],[0.59484792],[1.],[1.0115918],[[0.09776093]],0.7842322656177603,0.21296998858451843,0.17951062321662903,1.032543659210205,0.22
C.Duarte,Chicago Bulls,[[0.32707587]],[0.38144465],[1.005],[0.91944164],[[0.]],0.6137265765441446,0.18335342407226562,0.43082955479621887,0.5906258821487427,0.255
A.Bona,Philadelphia 76ers,[[0.17759871]],[0.57080879],[1.],[1.0001029],[[0.4285546]],0.43189808052280765,0.5016985535621643,0.5535312294960022,0.9549227952957153,0.875
C.Christie,Los Angeles Clippers,[[3.057759]],[4.040468],[2.975],[3.0627596],[[2.8480995]],2.9829292632549333,2.8753933906555176,3.0388245582580566,2.8548507690429688,3.22
M.Brown,Indiana Pacers,[[2.1893618]],[3.05362115],[3.23],[3.2077124],[[2.9920053]],2.6080687452621345,1.4542690515518188,2.4309260845184326,2.539008140563965,1.495
R.Rollins,Milwaukee Bucks,[[0.4759196]],[0.10064325],[1.005],[1.2872488],[[0.36143446]],0.7851587562407397,0.4952552914619446,0.781714916229248,1.1893751621246338,2.055
T.Flowers,Los Angeles Clippers,[[3.8090825]],[3.63250855],[3.855],[3.8367732],[[3.3934526]],3.925951232223114,3.7242066860198975,4.0623393058776855,3.314237117767334,3.89
S.Umude,Milwaukee Bucks,[[0.529454]],[1.06526198],[1.],[1.1012872],[[0.5182563]],1.0848907184721512,0.6662368774414062,0.8553962111473083,1.378959059715271,1.155
P.Larsson,Miami Heat,[[0.97162193]],[1.01177257],[1.],[0.98109865],[[1.038344]],1.0224269020236854,0.5398993492126465,1.1468100547790527,1.4598109722137451,1.565
D.Wright,Milwaukee Bucks,[[0.51907736]],[0.53533372],[1.],[0.9711658],[[0.4058002]],0.5476672511407182,0.6000170111656189,0.7114898562431335,0.8899960517883301,0.98
K.Johnson,Miami Heat,[[0.9717653]],[1.4527365],[1.015],[1.095555],[[0.8710722]],1.1406411770956215,0.519136369228363,1.5171842575073242,1.6687633991241455,1.155
T.Newton,Indiana Pacers,[[0.]],[0.],[0.],[0.],[[0.28494722]],0.014402100489756764,0.0,0.0412561260163784,0.21543475985527039,0.0
P.Connaughton,Milwaukee Bucks,[[3.0055568]],[3.42903211],[3.16],[3.2690053],[[3.03286]],3.122399300140401,2.9938747882843018,3.4078450202941895,2.922938346862793,3.32
L.Robbins,Milwaukee Bucks,[[0.34821573]],[0.17767905],[1.01],[1.1026446],[[0.4487207]],1.2775600848620643,0.4148898124694824,0.96540766954422,1.0475738048553467,0.8
C.Porter,Cleveland Cavaliers,[[0.6950239]],[1.23374155],[1.],[0.998992],[[0.8031157]],1.065591624021485,0.44597169756889343,0.8606781959533691,1.2501373291015625,0.725
A.Johnson,Milwaukee Bucks,[[0.63540167]],[0.7295218],[1.],[1.0070764],[[0.43385932]],0.18699241368732644,0.12259421497583389,0.5026033520698547,0.7399160861968994,0.81
T.Mann,Los Angeles Clippers,[[3.216547]],[3.87546615],[3.29],[3.3697531],[[3.4426908]],3.182092001140301,3.5775771141052246,3.4056239128112793,2.935964584350586,3.83
C.Livingston,Milwaukee Bucks,[[2.9845617]],[2.37971647],[1.26],[1.6847384],[[5.4486966]],1.0151927430437802,0.0,0.7483178973197937,4.091351509094238,0.765
C.Kispert,Washington Wizards,[[2.533864]],[2.90467524],[2.925],[2.8790908],[[2.7142367]],2.5066027736988294,2.415161371231079,2.925133466720581,2.6460561752319336,3.32
T.Smith,Milwaukee Bucks,[[0.03953619]],[0.85008988],[1.01],[1.4214486],[[0.25296655]],0.5419865077204253,0.4548916816711426,0.7061048746109009,1.5751028060913086,0.72
K.George,Washington Wizards,[[3.2620423]],[3.84505945],[3.315],[3.3386765],[[3.5225723]],3.6394315521152825,3.3151073455810547,4.027315616607666,3.0898971557617188,5.905
R.Holmes,Washington Wizards,[[0.9290145]],[1.74213613],[1.505],[2.0334349],[[0.91217756]],1.854529578414566,0.956556499004364,1.9708694219589233,2.1080269813537598,2.535
P.Dadiet,New York Knicks,[[1.5862203]],[2.18730054],[2.01],[1.8882492],[[1.5234694]],1.8240676255301889,1.3061314821243286,2.192351818084717,1.6578565835952759,3.145
E.Liddell,Chicago Bulls,[[0.42352378]],[0.26631342],[1.],[0.97271556],[[0.33392674]],1.178576767358791,0.1223197653889656,1.765467643737793,0.9092411398887634,2.95
A.Burks,Miami Heat,[[1.2924714]],[1.48259186],[1.68],[1.5693867],[[1.2945958]],1.5284749877532482,0.7566043734550476,1.6919727325439453,1.617602825164795,1.985
B.Scheierman,Boston Celtics,[[0.94457656]],[1.73100101],[1.33],[1.735384],[[0.87857425]],1.6241476516943023,1.0626094341278076,1.9774783849716187,2.0659618377685547,1.325
C.Yongxi,Brooklyn Nets,[[0.5854436]],[0.54423337],[1.],[0.9206426],[[0.58068746]],1.5102503627105515,0.404124915599823,1.166096806526184,1.2144542932510376,1.695
E.Payton,New Orleans Pelicans,[[4.769427]],[4.76313892],[4.235],[4.5035768],[[4.3293147]],4.315394685746403,4.162060260772705,4.542252063751221,3.7722668647766113,3.83
D.Whitehead,Brooklyn Nets,[[1.5749238]],[1.95106084],[1.995],[1.8975451],[[1.4749011]],0.9302677487964978,1.0423282384872437,1.0672444105148315,1.731031060218811,1.495
K.Matkovic,New Orleans Pelicans,[[2.3008537]],[3.01281092],[2.45],[2.8510818],[[1.4464058]],2.4314349940785775,1.6120963096618652,2.821850538253784,3.0770225524902344,2.71
J.Hood-Schifino,Los Angeles Lakers,[[0.26467967]],[0.24187343],[1.],[1.0052657],[[0.28522155]],0.625626909435515,0.3031120300292969,1.1214021444320679,0.6468198299407959,1.045
T.Jones,San Antonio Spurs,[[2.0826821]],[2.49436788],[2.175],[2.4223726],[[2.324152]],2.7054798979832646,2.575857400894165,2.944307565689087,2.301225185394287,4.825
Z.Williams,Brooklyn Nets,[[4.604116]],[4.37296974],[4.295],[4.0828156],[[4.0047493]],3.405467971459233,3.5621705055236816,3.832702159881592,3.637096881866455,2.185
L.Quinones,Philadelphia 76ers,[[0.5999475]],[1.62197781],[1.805],[1.8207943],[[0.9419831]],0.6198606328903604,0.35162439942359924,0.8710325360298157,1.6871544122695923,0.53
J.Edwards,Philadelphia 76ers,[[0.9072908]],[1.03642903],[1.],[1.1870058],[[0.72855437]],1.2500926692859573,1.1026257276535034,1.157502293586731,1.4807517528533936,1.18
T.Craig,Chicago Bulls,[[1.7240831]],[2.36202905],[2.01],[2.128541],[[1.6773932]],2.125973839092316,1.2093366384506226,2.3746390342712402,2.3687491416931152,2.86
J.Hawkins,New Orleans Pelicans,[[4.885417]],[4.81942846],[4.895],[4.7107687],[[4.532012]],4.672416940922701,4.565568923950195,5.012265205383301,4.233122825622559,4.345
O.Tshiebwe,Utah Jazz,[[8.342069]],[8.81573124],[8.79],[8.780516],[[7.7308187]],9.196042110295709,8.514427185058594,8.984617233276367,7.86289644241333,8.915
S.Jones,Denver Nuggets,[[0.56210583]],[0.86840251],[1.],[0.99605346],[[0.25147247]],0.24386487280298585,0.2608332335948944,0.5757255554199219,1.7188395261764526,0.335
K.Ware,Miami Heat,[[1.2348701]],[1.61013367],[1.375],[1.7399155],[[1.1948426]],0.9798127877715964,0.586090087890625,1.5755369663238525,1.4532924890518188,0.7
K.Kuzma,Washington Wizards,[[6.524548]],[5.8947177],[6.265],[6.2400146],[[5.787296]],5.797947970878242,5.720985412597656,6.060029029846191,5.4560160636901855,5.655
C.Swider,Detroit Pistons,[[1.2668616]],[1.14533569],[1.135],[1.3053949],[[1.2414107]],1.208784330705826,0.8520139455795288,1.083019733428955,1.6747848987579346,1.01
J.Hayes,Los Angeles Lakers,[[3.9766412]],[4.31218817],[4.1],[4.0550704],[[3.7985857]],3.8711742727223113,4.121515274047852,3.9296469688415527,3.684235095977783,3.355
M.Beauchamp,Milwaukee Bucks,[[0.3212107]],[0.14766716],[1.005],[1.2674555],[[0.42213187]],0.6509403501959496,0.20720700919628143,0.8496682643890381,0.9954439997673035,1.43
J.Landale,Houston Rockets,[[2.0470061]],[2.68307037],[2.875],[2.80767],[[2.0486856]],3.242953375925521,2.598757266998291,3.420964479446411,3.1981863975524902,4.46
J.Minaya,Portland Trail Blazers,[[1.0750383]],[1.0385408],[1.005],[0.96332836],[[1.1444128]],1.1093937900607918,1.0408310890197754,1.5326427221298218,0.45829638838768005,2.075
G.Harris,Orlando Magic,[[1.1045549]],[1.96346056],[1.915],[1.6733899],[[1.3800666]],1.7777654720905,1.405866026878357,2.021296739578247,1.6503573656082153,2.125
K.Brown,Los Angeles Clippers,[[1.5455679]],[2.84268019],[2.445],[2.486856],[[2.3665109]],2.824063818432649,1.7584679126739502,2.9704740047454834,2.4841666221618652,2.33
C.Thomas,Brooklyn Nets,[[4.3793774]],[4.23090597],[4.755],[4.6566615],[[4.108417]],3.8744663481775605,4.170845985412598,4.257121562957764,4.067583084106445,2.9
T.Moore,Portland Trail Blazers,[[3.2384074]],[4.63655439],[3.38],[3.6698258],[[4.0007434]],4.355061998410319,3.602703332901001,4.082154273986816,3.91751766204834,3.985
T.Lyles,Sacramento Kings,[[3.0516396]],[3.68553568],[3.035],[3.784684],[[2.877661]],3.2940542471439165,3.402278423309326,3.6147825717926025,2.757992744445801,4.165
A.Williams,Detroit Pistons,[[0.]],[1.14945355],[0.],[0.],[[0.]],0.2933437699278207,0.0,0.0985114797949791,0.3077172040939331,0.0
G.Williams,Charlotte Hornets,[[3.3161051]],[3.77267615],[3.835],[3.6724515],[[3.4975662]],3.606439659050798,3.717485189437866,3.9527390003204346,3.0780224800109863,5.87
C.Williams,Utah Jazz,[[2.983532]],[3.57224204],[3.275],[3.4433177],[[3.280239]],3.027682225698001,2.9438066482543945,3.3101389408111572,2.892542839050293,4.175
D.Saric,Denver Nuggets,[[1.2133377]],[1.71428748],[2.005],[2.090123],[[1.6216865]],1.951623957492282,1.1293467283248901,1.9318774938583374,2.4388928413391113,2.03
J.McVeigh,Houston Rockets,[[0.39412692]],[0.2245316],[1.],[0.97622854],[[0.30912963]],0.7377405867482754,0.15190181136131287,0.5112930536270142,0.9721270799636841,0.21
T.Mann,Charlotte Hornets,[[3.3036804]],[3.25548364],[4.125],[3.856262],[[3.2602782]],3.5246152268433546,3.4150731563568115,4.0045166015625,3.102713108062744,3.685
C.Whitmore,Houston Rockets,[[1.2628008]],[1.78169079],[1.095],[1.4654822],[[1.1636393]],1.6977428282289497,1.097582221031189,1.6902556419372559,1.7896701097488403,1.29
O.Dieng,Oklahoma City Thunder,[[2.8835366]],[3.22666007],[3.09],[3.515332],[[2.7636077]],3.5332865361230157,2.833028793334961,3.9201736450195312,2.7744808197021484,3.33
D.Lee,Phoenix Suns,[[1.3868634]],[0.92890694],[1.],[1.1546824],[[0.9806683]],1.3921714351756447,1.2176705598831177,1.3225104808807373,1.4247318506240845,0.755
T.Washington,Phoenix Suns,[[0.18524553]],[0.54694249],[1.],[0.61154443],[[0.30772004]],0.5048686599888007,0.4069541096687317,0.6987800598144531,0.8929080367088318,0.535
J.Johnson,Indiana Pacers,[[0.7138286]],[0.75763811],[1.],[1.1720735],[[0.32580197]],0.8745568379770485,0.7858827114105225,0.7649387717247009,0.8041859865188599,1.36
G.Santos,Golden State Warriors,[[0.5079385]],[0.89674177],[1.],[1.5426173],[[0.51635474]],1.2755838049152715,0.7143014669418335,1.2356805801391602,1.4558043479919434,1.17
J.Williams,Houston Rockets,[[0.8784468]],[1.49476354],[1.005],[1.2639574],[[0.5142425]],1.2709515918739547,0.9413642287254333,1.2596254348754883,1.0990042686462402,1.21
J.Nowell,New Orleans Pelicans,[[1.1676255]],[1.44399692],[1.69],[1.8972448],[[1.1535803]],1.6353432072934306,1.2134180068969727,1.8665066957473755,1.534516453742981,3.855
V.Williams,Memphis Grizzlies,[[3.9311383]],[4.24533327],[4.205],[4.2332554],[[3.6760712]],3.801383871714424,2.90761399269104,4.014111042022705,3.579603672027588,4.52
B.Williams,Dallas Mavericks,[[0.5826247]],[0.86201027],[1.],[1.437395],[[0.5092705]],1.0281087039129906,0.4091495871543884,1.0304021835327148,1.3836785554885864,1.34
V.Cancar,Denver Nuggets,[[1.8582677]],[2.97805759],[2.015],[2.4899569],[[1.8041586]],2.4799283543960957,1.6590074300765991,2.5718319416046143,2.7988076210021973,3.45
J.Dowtin,Philadelphia 76ers,[[0.2910954]],[0.59505677],[1.],[0.00449757],[[0.28555122]],0.7557413141382483,0.4743908643722534,0.8902941942214966,0.7311446070671082,0.96
J.Richardson,Miami Heat,[[1.4805034]],[1.83026322],[1.955],[1.9835683],[[1.6201539]],1.842894892667728,0.808957040309906,1.7993760108947754,1.7600804567337036,0.87
B.Sheppard,Indiana Pacers,[[2.140181]],[2.87763351],[2.425],[2.8601065],[[2.2651985]],2.452893972783268,2.107555866241455,2.3029932975769043,2.2909555435180664,4.575
J.Rhoden,Charlotte Hornets,[[1.6324387]],[1.13967932],[1.085],[1.3662285],[[1.7530128]],0.8766145428892631,0.0,0.941196858882904,1.4918631315231323,1.045
J.Ingles,Minnesota Timberwolves,[[0.1070922]],[0.65352585],[1.],[0.954992],[[0.6839333]],0.363604545881292,0.687648355960846,0.4094679057598114,1.003324031829834,0.77
Y.Cui,Brooklyn Nets,[[0.]],[0.],[0.],[0.00273109],[[0.1226871]],0.11859744660457971,0.0,0.02332710660994053,0.061317093670368195,0.0
M.Jones,Sacramento Kings,[[0.5383996]],[1.67276183],[1.],[1.495724],[[0.6931525]],1.9398298658023299,1.7005969285964966,3.018958568572998,2.002629518508911,3.59
M.Leons,Oklahoma City Thunder,[[0.4478688]],[0.37491641],[1.],[1.16665],[[0.43114534]],0.5970972726606347,0.43337786197662354,0.5646110773086548,1.469663381576538,0.46
J.Bridges,Phoenix Suns,[[0.6668012]],[0.39290333],[1.005],[1.0211529],[[0.669207]],0.7498915480408057,0.40266966819763184,0.5974279642105103,1.5110453367233276,0.575
D.Melton,Golden State Warriors,[[2.3452027]],[2.43743111],[2.93],[2.7217424],[[2.3790753]],2.971101913618547,2.6070749759674072,3.270594835281372,2.4336323738098145,5.73
J.Alvarado,New Orleans Pelicans,[[0.8159162]],[1.07060667],[1.],[0.98787427],[[0.92122644]],1.2311619378016423,1.214898943901062,1.4412508010864258,1.228615403175354,3.075
C.Holmgren,Oklahoma City Thunder,[[7.7121887]],[7.65396596],[6.92],[7.127816],[[6.909582]],8.59362974664823,8.181390762329102,7.467651844024658,6.892486095428467,4.765
I.Quickley,Toronto Raptors,[[2.5456157]],[2.03372655],[2.16],[2.2291236],[[2.344498]],1.6692572435973845,1.890474557876587,1.8847289085388184,2.2189574241638184,1.535
P.Mills,Utah Jazz,[[0.6303603]],[0.7238101],[1.],[0.971482],[[0.5695396]],0.7208014364777102,0.634162962436676,1.0776911973953247,0.9920477867126465,1.05
H.Ingram,San Antonio Spurs,[[1.0028934]],[0.90761512],[1.],[0.9847785],[[1.1026905]],1.04014665999832,0.7495102882385254,1.5115833282470703,0.8497883081436157,1.05
R.Minix,San Antonio Spurs,[[1.8397639]],[1.81164257],[2.015],[1.9901845],[[1.9532847]],2.135918954300077,1.4246351718902588,2.5659728050231934,0.9793312549591064,2.265
Z.Williamson,New Orleans Pelicans,[[8.211189]],[7.82113546],[8.19],[8.217983],[[7.7169123]],7.5936279577594075,7.904068470001221,8.239989280700684,7.337250709533691,7.335
D.Duke,San Antonio Spurs,[[0.04679467]],[0.25577608],[0.],[0.],[[0.11866742]],0.0,0.0,0.04276307299733162,0.1984509825706482,0.0
I.Jackson,Indiana Pacers,[[5.618274]],[5.68310865],[5.69],[5.5586314],[[5.269068]],5.562299840724287,5.376547336578369,5.387838840484619,4.706967830657959,6.86
D.Carton,Toronto Raptors,[[0.6577219]],[1.47265545],[1.],[0.9782439],[[0.6376771]],1.0473798118305786,0.8592307567596436,1.1145765781402588,1.559489130973816,1.39
D.Jenkins,Detroit Pistons,[[0.]],[0.18433026],[0.],[0.00280812],[[0.0750896]],0.17824207690516525,0.0,0.013810164295136929,0.1822284460067749,0.0
A.Nesmith,Indiana Pacers,[[4.2295675]],[4.15817622],[4.46],[4.253495],[[4.1265116]],4.3770179229304835,4.4014129638671875,4.899590492248535,3.475891590118408,6.595
R.Beekman,Golden State Warriors,[[0.8781239]],[0.8307824],[1.],[0.9875406],[[0.]],0.29632200826561916,0.8226898908615112,0.49946603178977966,1.9161971807479858,0.855
J.Martin,Brooklyn Nets,[[0.]],[0.15320289],[0.],[0.00776943],[[0.]],0.33661363506308695,0.0,0.059137746691703796,0.2340916395187378,0.0
A.Ducas,Oklahoma City Thunder,[[0.]],[0.],[0.],[0.00391586],[[0.07587588]],0.07427791628155359,0.034985944628715515,0.0009191303397528827,0.0,0.0
P.Banchero,Orlando Magic,[[8.599009]],[8.6302956],[9.36],[8.723658],[[8.112046]],8.435553988568792,8.22476577758789,8.664151191711426,8.210935592651367,7.96
T.Hendricks,Utah Jazz,[[4.4500976]],[5.43336662],[4.36],[4.768415],[[4.42939]],4.846174596238601,4.677314758300781,4.577824592590332,3.912741184234619,4.295
A.Reese,Oklahoma City Thunder,[[1.3693558]],[0.50668383],[1.],[0.9933772],[[0.]],0.5301349911841269,0.26475992798805237,0.9922259449958801,1.2840383052825928,0.99
C.Gillespie,Phoenix Suns,[[0.00409453]],[0.1590705],[0.],[0.],[[0.]],0.0,0.21098291873931885,0.04913473501801491,0.27136534452438354,0.0
M.McClung,Orlando Magic,[[1.2197732]],[1.14350922],[1.],[0.9911789],[[1.1637444]],1.653879079246384,2.0943806171417236,1.4452166557312012,0.7830707430839539,2.405
J.Wiseman,Indiana Pacers,[[1.3100308]],[0.08342743],[1.],[0.97391695],[[0.4791548]],0.9047448283260042,0.8388513326644897,1.1309239864349365,0.8345205783843994,0.98
U.Chomche,Toronto Raptors,[[1.2706606]],[1.12497712],[1.005],[0.9733056],[[1.1385587]],1.2513852131018746,1.6061733961105347,1.0413092374801636,1.1066681146621704,1.06
