PlayerName,PlayerTeam,PlayerPredictions_DNN_Ast,PlayerPredictions_MLP_Ast,PlayerPredictions_RF_Ast,PlayerPredictions_XGB_Ast,PlayerPredictions_LSTM_Ast,PlayerPredictions_MLP_window_Ast,PlayerPredictions_DNN_window_Ast,PlayerPredictions_XGB_window_Ast,PlayerPredictions_LSTM_window_Ast,PlayerPredictions_RF_window_Ast
S.Aldama,Memphis Grizzlies,[[1.1241548]],[3.60126712],[3.485],[3.0805452],[[3.0566483]],2.982695048652371,3.4533276557922363,3.571040630340576,3.6548407077789307,4.435
C.Paul,San Antonio Spurs,[[2.274978]],[8.59039653],[7.255],[7.6092463],[[2.6316736]],8.137170784637753,8.099538803100586,8.561934471130371,7.477482795715332,9.02
V.Wembanyama,San Antonio Spurs,[[1.2121954]],[0.76732882],[1.005],[1.3582098],[[2.6146622]],0.5056118153010553,0.7053105235099792,1.0503226518630981,0.9565424919128418,0.985
J.Sochan,San Antonio Spurs,[[1.0979812]],[2.43539073],[2.635],[2.7773867],[[2.7519026]],2.025650580890216,2.094728946685791,2.4702389240264893,2.333604335784912,2.475
R.Sheppard,Houston Rockets,[[0.67884856]],[2.24297742],[2.075],[1.9929242],[[1.8326449]],1.8741669838793942,2.0652544498443604,2.10473895072937,2.0115976333618164,1.84
J.Landale,Houston Rockets,[[0.74370843]],[0.80984458],[1.],[1.0342202],[[2.4096816]],0.4337651439880227,0.2537444829940796,0.7540321946144104,1.0697860717773438,0.595
T.Eason,Houston Rockets,[[0.62786406]],[1.69179908],[1.235],[1.3545474],[[2.9238408]],1.2303388644433542,0.9020423293113708,1.4955470561981201,1.590142846107483,1.66
A.Thompson,Houston Rockets,[[0.4533968]],[1.42354779],[1.52],[1.2622777],[[2.248766]],1.419882556483611,1.1774356365203857,1.7941670417785645,1.4556078910827637,1.88
C.Whitmore,Houston Rockets,[[0.1325693]],[0.],[0.],[0.09071866],[[1.4887441]],0.0,0.0,0.028117148205637932,0.19827628135681152,0.0
D.Mitchell,Cleveland Cavaliers,[[1.5811243]],[3.51417938],[4.295],[3.806402],[[2.9571793]],4.085535804425825,4.355269432067871,4.6671271324157715,3.939898729324341,4.14
E.Mobley,Cleveland Cavaliers,[[1.0836779]],[2.68595511],[2.9],[3.1474214],[[3.0162783]],3.0848835062588664,3.340054750442505,3.6174123287200928,2.9810736179351807,3.375
B.Wesley,San Antonio Spurs,[[2.397535]],[2.23442603],[1.44],[1.8736738],[[2.1369843]],1.8394381332641578,1.9855577945709229,1.7512080669403076,1.975351095199585,1.885
M.Branham,San Antonio Spurs,[[0.42921847]],[0.5928082],[1.02],[0.94307363],[[2.6332269]],0.7567798415712684,0.5034790635108948,1.1928197145462036,0.8467490673065186,1.7
D.Carton,Toronto Raptors,[[0.27992406]],[1.75803078],[1.025],[1.1994594],[[1.6394097]],1.1878866829054506,1.1866928339004517,1.5678925514221191,1.5980015993118286,0.855
A.Edwards,Minnesota Timberwolves,[[1.7701861]],[3.68393314],[3.88],[4.460055],[[2.9047556]],3.252794282582814,3.3605992794036865,3.6280362606048584,3.625962972640991,4.085
R.Gobert,Minnesota Timberwolves,[[1.6832811]],[1.82925138],[1.08],[1.5660039],[[2.7384293]],0.9037627532670404,1.143868327140808,1.528349757194519,1.2477000951766968,1.195
J.Randle,Minnesota Timberwolves,[[1.7271531]],[4.73496784],[5.04],[5.1185026],[[3.0892284]],3.9747395988317713,4.076576232910156,4.656313896179199,4.901352882385254,4.555
J.McDaniels,Minnesota Timberwolves,[[0.704223]],[2.04481209],[2.],[2.215891],[[2.4900334]],1.6030068864638956,1.5081161260604858,2.001605987548828,1.893078327178955,2.02
M.Conley,Minnesota Timberwolves,[[0.85640365]],[3.93545187],[3.16],[3.2429318],[[2.8266733]],3.714390329731669,3.316253185272217,3.926100730895996,3.7758026123046875,4.64
D.DiVincenzo,Minnesota Timberwolves,[[0.81907624]],[2.23563932],[2.19],[2.0279248],[[2.6177292]],1.965464220287567,1.7434157133102417,2.2992725372314453,2.221860647201538,1.97
O.Agbaji,Toronto Raptors,[[1.0841235]],[1.43517081],[1.04],[1.5325712],[[2.743279]],0.7968738640363283,0.7502843737602234,1.2548761367797852,1.3705847263336182,1.665
N.Reid,Minnesota Timberwolves,[[0.73605895]],[1.67318142],[1.975],[1.7153089],[[2.918066]],1.2830227775914014,1.1217528581619263,1.5627442598342896,1.7801166772842407,1.275
M.Christie,Los Angeles Lakers,[[0.11470962]],[1.12380082],[1.],[0.92978674],[[1.7079053]],1.0010771143344543,1.0431318283081055,1.5466594696044922,1.0628068447113037,3.045
J.Ingles,Minnesota Timberwolves,[[2.9037523]],[2.07837518],[1.275],[1.3423985],[[1.5063472]],1.6468965173041719,2.425740957260132,1.888339877128601,0.5311551094055176,2.175
L.Doncic,Dallas Mavericks,[[2.2374177]],[5.79117673],[5.39],[6.022677],[[3.117424]],5.703472235201947,6.063915729522705,6.291276931762695,6.253643035888672,4.75
K.Irving,Dallas Mavericks,[[1.2625799]],[3.52873881],[3.57],[3.5487077],[[2.9498544]],3.164312602474889,3.7176411151885986,3.372243642807007,3.5185186862945557,4.3
P.Washington,Dallas Mavericks,[[1.10119]],[1.25123617],[1.],[1.1821027],[[2.3655171]],0.6138335968654406,0.9919435977935791,0.9547894597053528,0.9982279539108276,0.65
K.Thompson,Dallas Mavericks,[[1.0190011]],[1.00511054],[1.],[1.7179785],[[3.0504808]],0.663188444529395,0.9843276739120483,0.9749833941459656,1.369956612586975,1.01
D.Gafford,Dallas Mavericks,[[1.1388491]],[3.43999848],[3.49],[3.2098577],[[2.764473]],2.7232406302945784,3.2333486080169678,3.0467026233673096,3.134697914123535,3.775
J.Hayes,Los Angeles Lakers,[[1.3466345]],[1.50479017],[1.765],[1.7826355],[[2.717068]],1.2320823027515189,1.512394905090332,1.517144799232483,1.8423305749893188,1.27
G.Vincent,Los Angeles Lakers,[[0.18853706]],[0.72160892],[1.],[1.0621481],[[1.7547143]],0.2874960475168458,0.4127840995788574,0.6131399273872375,0.7109637260437012,0.275
J.Smith,Houston Rockets,[[1.3079276]],[1.87372738],[1.615],[1.7618045],[[2.5280223]],1.6775221549413986,1.6855429410934448,2.303668260574341,1.662029504776001,1.615
P.Baldwin,Washington Wizards,[[0.21571034]],[0.3758281],[1.01],[0.958956],[[2.1997788]],0.14754092867173163,0.3118866980075836,0.4631871283054352,0.7818700075149536,0.335
J.Green,Houston Rockets,[[1.4771717]],[3.0814927],[3.5],[3.3887882],[[3.0607834]],2.7699882941691496,2.7542357444763184,3.4142112731933594,3.260789394378662,4.16
D.Brooks,Houston Rockets,[[1.2699133]],[0.76973849],[0.],[0.46812466],[[2.4226966]],0.0,0.2030421793460846,0.5263938903808594,0.46733513474464417,0.735
F.VanVleet,Houston Rockets,[[1.8010638]],[4.57226532],[4.28],[4.132839],[[2.9960842]],5.039242968022219,4.80726957321167,5.1646270751953125,5.1109466552734375,6.56
M.Morris,Phoenix Suns,[[1.5379674]],[2.96952752],[3.025],[2.864799],[[2.8298006]],2.335256460617687,2.479973793029785,2.6661412715911865,2.779336929321289,3.15
D.Lee,Phoenix Suns,[[0.67766255]],[2.89544537],[2.08],[2.0227199],[[2.181322]],1.6477793365790097,1.719104290008545,1.9258631467819214,2.011152744293213,2.045
R.O'Neale,Phoenix Suns,[[0.9852398]],[3.04692531],[3.085],[3.2466471],[[2.7554266]],2.518908660184721,2.753933906555176,3.038609027862549,2.8418383598327637,3.43
R.Dunn,Phoenix Suns,[[0.23957424]],[1.3370669],[1.06],[1.0820509],[[2.3635523]],0.5276012289887555,0.9248427748680115,0.9768068790435791,1.3603971004486084,1.09
J.Nurkic,Phoenix Suns,[[0.835552]],[2.09700306],[2.685],[2.5004084],[[2.508103]],1.8366675261181429,2.10048770904541,2.353593349456787,2.277884006500244,1.64
A.Sengun,Houston Rockets,[[0.9867963]],[3.26109746],[3.35],[3.035744],[[2.980698]],2.8167926528949603,2.711921453475952,3.064877986907959,3.165046453475952,2.515
J.Butler,Miami Heat,[[1.804183]],[7.05083919],[6.31],[5.5674367],[[2.9568145]],6.140389125616242,6.420677185058594,6.601674556732178,6.7104010581970215,7.375
T.Herro,Miami Heat,[[1.3589879]],[4.36807683],[5.275],[4.718725],[[2.947724]],3.5843038787916233,4.047628402709961,3.9875521659851074,4.276784420013428,4.535
B.Adebayo,Miami Heat,[[0.935547]],[1.79438114],[2.095],[2.1490116],[[2.4161224]],1.4881146725838093,1.7533557415008545,2.085057497024536,1.7721960544586182,2.625
T.Rozier,Miami Heat,[[1.4074755]],[4.41876071],[5.12],[4.8565927],[[2.9177005]],3.5793072804311317,4.104485988616943,4.021346569061279,4.259896755218506,3.575
N.Jovic,Miami Heat,[[0.94180024]],[3.43811282],[3.2],[3.2509406],[[2.8637676]],3.094168378795415,3.3870606422424316,3.4476547241210938,3.389539957046509,4.53
C.Gillespie,Phoenix Suns,[[0.]],[0.10501763],[0.],[0.],[[2.0196948]],0.0,0.0,0.0053126574493944645,0.11379736661911011,0.0
O.Ighodaro,Phoenix Suns,[[0.]],[0.],[0.],[0.01946356],[[0.58360523]],0.0,0.0,0.0149375069886446,0.1376744508743286,0.0
M.Plumlee,Phoenix Suns,[[0.63613087]],[0.92305111],[1.035],[1.1655688],[[2.286674]],0.12376131393571893,0.6612735986709595,0.70240318775177,1.0583550930023193,1.0
J.Phillips,Chicago Bulls,[[0.14595553]],[0.63942952],[1.],[0.12290248],[[2.208367]],0.0,0.5833778381347656,0.3416905403137207,0.488424152135849,0.135
J.Smith,Chicago Bulls,[[0.02778194]],[0.36119359],[1.],[0.08401217],[[2.3687472]],0.0,0.28067541122436523,0.3002792000770569,0.3861981928348541,0.195
M.Buzelis,Chicago Bulls,[[0.44220853]],[0.86819039],[1.01],[1.0674295],[[1.0505943]],0.6860680079147867,1.2404892444610596,1.0488470792770386,1.1526808738708496,0.635
C.Duarte,Chicago Bulls,[[3.0996466]],[0.50461216],[1.06],[0.93427646],[[2.3864183]],0.0,0.5821513533592224,0.33956632018089294,0.5152102708816528,0.71
T.Horton-Tucker,Chicago Bulls,[[0.]],[0.42258304],[1.01],[0.73582315],[[0.5890528]],0.11310166298691007,0.6140367388725281,0.4168141484260559,0.5375047326087952,0.635
T.Jones,Phoenix Suns,[[2.2867174]],[6.47511578],[6.],[6.045342],[[3.0396023]],5.826781093156003,5.970250129699707,5.972190856933594,6.4199395179748535,6.75
D.Booker,Phoenix Suns,[[1.662628]],[5.05072712],[5.255],[5.1740384],[[2.9575214]],4.463979684533447,4.743322849273682,4.796703338623047,5.145142078399658,5.1
H.Barnes,San Antonio Spurs,[[1.4372517]],[1.54747365],[1.865],[1.9811804],[[2.90738]],0.9403712196811992,1.1172394752502441,1.5360709428787231,1.662788987159729,1.385
L.James,Los Angeles Lakers,[[2.1187062]],[6.92453275],[6.415],[6.107036],[[3.0670826]],6.93978315696969,6.7360310554504395,6.915043830871582,7.291024208068848,8.575
A.Reaves,Los Angeles Lakers,[[1.8005416]],[5.48526004],[5.5],[5.8910255],[[3.040363]],5.577021902756047,5.50841760635376,6.023394584655762,5.929546356201172,5.95
D.Russell,Los Angeles Lakers,[[1.4592061]],[4.38623503],[4.13],[4.3573627],[[2.8158314]],4.560648109929358,4.6488566398620605,5.153875350952148,4.509971618652344,4.885
S.Fontecchio,Detroit Pistons,[[0.14297734]],[0.],[0.],[0.02034141],[[1.6937358]],0.0,0.0,0.0249069444835186,0.23638314008712769,0.0
D.Robinson,Miami Heat,[[0.25789464]],[1.16478541],[1.07],[1.1815039],[[1.8587264]],0.5912753186904357,0.8842465877532959,0.9834628105163574,1.1861923933029175,1.025
T.Bryant,Miami Heat,[[1.758877]],[2.56440399],[2.955],[2.9358296],[[2.853625]],1.7629377758681923,2.0386316776275635,2.174177646636963,2.30153751373291,2.12
D.Smith,Miami Heat,[[1.2227526]],[1.57829973],[1.025],[1.1958332],[[0.7460785]],0.8692841598986871,1.9278188943862915,0.9758024215698242,1.2608931064605713,1.215
L.Ball,Charlotte Hornets,[[2.7417433]],[7.78006607],[7.77],[7.1663704],[[3.1248496]],7.0407483053392355,6.762187957763672,7.706020355224609,7.475880146026611,7.245
D.Sabonis,Sacramento Kings,[[1.9949157]],[4.9835354],[5.25],[6.169686],[[3.129493]],5.111485880287042,5.024923801422119,6.217001438140869,5.5869293212890625,7.765
K.Huerter,Sacramento Kings,[[0.55171406]],[0.5785356],[1.],[0.09828339],[[2.27565]],0.1275713394992808,0.37019050121307373,0.520611584186554,0.4831877052783966,0.85
M.Monk,Sacramento Kings,[[1.5208088]],[4.50771063],[4.585],[4.016123],[[2.9423473]],4.089323538801436,4.196930408477783,4.549925804138184,4.567439079284668,4.835
X.Tillman,Boston Celtics,[[0.42661127]],[1.45502722],[1.12],[1.2063384],[[2.3552504]],0.8539634088259366,0.9164508581161499,1.3334441184997559,1.2977709770202637,1.255
A.Len,Sacramento Kings,[[0.00296638]],[0.54323872],[1.005],[0.71491003],[[1.1478598]],0.2325058834086388,0.11273586750030518,0.6214318871498108,0.6741235852241516,0.82
J.McLaughlin,Sacramento Kings,[[0.05135432]],[0.05301221],[0.],[0.],[[0.]],0.0,0.17729061841964722,0.0,0.0,0.0
A.Davis,Los Angeles Lakers,[[1.8584331]],[3.02627494],[3.1],[3.788367],[[3.129467]],2.922286713301233,3.1214230060577393,3.313828706741333,3.6895904541015625,2.71
R.Hachimura,Los Angeles Lakers,[[1.5118382]],[1.77573529],[1.96],[2.0634181],[[2.7492354]],1.4559949545446744,1.9467257261276245,2.2507593631744385,1.5825843811035156,2.61
J.Duren,Detroit Pistons,[[1.6317109]],[3.65262422],[4.005],[3.824539],[[2.9999418]],3.331034183152344,3.386807441711426,3.5769834518432617,3.7163984775543213,2.67
M.Beasley,Detroit Pistons,[[0.5433935]],[0.50431041],[1.],[1.4874406],[[2.7123218]],0.31829168654307,0.4715789556503296,0.643666684627533,0.6352608799934387,0.255
I.Stewart,Detroit Pistons,[[0.58109194]],[2.48876144],[1.99],[1.8274883],[[2.3005333]],1.8061205796705508,2.319246768951416,2.1042447090148926,1.9445102214813232,2.63
D.Saric,Denver Nuggets,[[0.06195226]],[0.00921116],[0.],[0.04039529],[[0.8788082]],0.0,0.0,0.040664587169885635,0.16163164377212524,0.0
R.Holland,Detroit Pistons,[[0.17085223]],[1.1884149],[1.025],[1.1624207],[[2.3129325]],0.44638822666338457,0.7507072687149048,0.6805897951126099,1.1753077507019043,0.74
D.Fox,Sacramento Kings,[[2.7286062]],[9.55649761],[9.39],[8.830015],[[2.8739877]],10.045777826002002,10.444066047668457,10.74727725982666,9.902210235595703,9.96
K.Murray,Sacramento Kings,[[1.837938]],[1.79893048],[1.13],[1.5698456],[[2.7662027]],0.9907602657366285,1.43679678440094,1.3597447872161865,1.3619688749313354,1.01
D.DeRozan,Sacramento Kings,[[1.697585]],[2.22659457],[2.505],[2.3951676],[[2.8758974]],1.9960245495725553,2.3849997520446777,2.5415380001068115,2.250624418258667,2.865
A.Horford,Boston Celtics,[[1.1403335]],[2.19976775],[2.02],[2.0102968],[[2.8996568]],1.8868065050443326,1.886387586593628,2.283841609954834,2.191481351852417,1.605
L.Kornet,Boston Celtics,[[0.96509516]],[1.73105352],[1.81],[1.8669423],[[2.3748908]],1.1661682983921242,1.3149375915527344,1.7618153095245361,1.4205251932144165,2.425
P.Pritchard,Boston Celtics,[[0.6772019]],[1.27566545],[1.695],[1.78668],[[2.7786367]],1.4736216453371493,1.423748254776001,1.9288510084152222,1.5103706121444702,0.895
M.Porter,Denver Nuggets,[[1.3435758]],[2.66421002],[2.725],[3.2996442],[[2.6593556]],2.173236844836079,2.644571304321289,2.476283073425293,2.36873722076416,2.685
C.Cunningham,Detroit Pistons,[[2.729697]],[8.83617238],[8.975],[8.692284],[[2.9605796]],7.726699408182828,7.777220249176025,8.3834867477417,8.272200584411621,9.36
J.Ivey,Detroit Pistons,[[1.5803453]],[4.57997607],[5.07],[4.7094245],[[3.01379]],4.336054735868719,4.241996765136719,4.705647945404053,4.7898149490356445,5.32
T.Hardaway,Detroit Pistons,[[1.183523]],[1.35406853],[1.025],[1.6075993],[[2.6317594]],0.8994434484868857,1.2938061952590942,1.3716241121292114,1.1131137609481812,1.685
T.Harris,Detroit Pistons,[[1.3060676]],[2.51856747],[2.265],[2.128953],[[2.6235976]],2.3026939386153034,2.679922342300415,2.841029405593872,2.3154795169830322,2.765
R.Westbrook,Denver Nuggets,[[1.0372252]],[4.62839577],[3.47],[3.493648],[[2.423188]],3.39019428252682,3.6536617279052734,2.942002534866333,3.244814872741699,2.95
J.Strawther,Denver Nuggets,[[0.85618377]],[3.01855658],[2.39],[2.5387392],[[2.6540625]],1.8091378072166753,2.0921788215637207,2.0634207725524902,2.3992433547973633,2.44
P.Watson,Denver Nuggets,[[0.08507532]],[0.68955732],[1.015],[1.145784],[[1.54982]],0.34377662963637207,0.0920785591006279,0.4806748628616333,0.825397789478302,0.245
N.Powell,Los Angeles Clippers,[[1.4569725]],[1.73006499],[1.915],[1.5726731],[[3.0545843]],1.520925566682607,1.759743094444275,1.9649244546890259,1.920447587966919,1.015
C.Wallace,Oklahoma City Thunder,[[0.78768337]],[1.02684935],[1.],[1.0196207],[[2.518422]],0.7002369944411091,0.5960913896560669,1.0589704513549805,0.7957467436790466,1.5
C.Holmgren,Oklahoma City Thunder,[[1.2444319]],[2.27278957],[2.22],[2.4610653],[[3.1121197]],2.236447067098755,2.209965467453003,2.2618637084960938,2.634798049926758,1.205
L.Dort,Oklahoma City Thunder,[[0.9081828]],[0.78009569],[1.],[0.29730397],[[2.328794]],0.14451067311802776,0.21412549912929535,0.5457145571708679,0.4882687032222748,0.75
A.Caruso,Oklahoma City Thunder,[[1.0065609]],[3.34734928],[2.77],[2.4966218],[[2.4919376]],2.7932373528206798,2.9448306560516357,3.152621030807495,2.5006535053253174,2.715
K.Dunn,Los Angeles Clippers,[[0.6166636]],[1.76363664],[1.67],[1.6269562],[[2.8519454]],1.0774236330506684,1.073852777481079,1.6383252143859863,1.7797642946243286,1.355
K.Porter,Los Angeles Clippers,[[0.9782971]],[1.34027114],[1.87],[1.9330026],[[1.197267]],1.1367192843771734,0.7864230275154114,1.1866780519485474,1.3382329940795898,1.115
K.Jones,Los Angeles Clippers,[[0.44180578]],[0.],[0.],[0.06208522],[[1.7505496]],0.0,0.0,0.0,0.09175537526607513,0.0
C.Martin,Charlotte Hornets,[[0.782079]],[1.45335048],[1.02],[1.5375357],[[2.457504]],0.8965591672670432,1.3061916828155518,1.4954771995544434,1.2591922283172607,1.815
J.Murray,Denver Nuggets,[[1.7929859]],[4.94572558],[4.49],[4.744317],[[2.9295592]],4.179126840579994,4.888696670532227,4.78961706161499,4.682031154632568,4.57
N.Jokic,Denver Nuggets,[[3.2736025]],[10.44285926],[10.11],[9.638877],[[3.181271]],8.433641791043497,8.868401527404785,7.5430755615234375,9.570901870727539,5.37
A.Gordon,Denver Nuggets,[[1.3241956]],[2.17860235],[2.095],[2.0215476],[[2.579163]],1.6316232432338076,1.9746060371398926,2.0344059467315674,1.8757869005203247,2.245
C.Braun,Denver Nuggets,[[1.1000664]],[1.47993995],[1.23],[1.251476],[[2.8030624]],0.6593751524025674,0.7573565244674683,0.9736636281013489,1.0928244590759277,0.975
M.Diabate,Charlotte Hornets,[[0.]],[0.],[0.],[0.03294477],[[1.5625378]],0.0,0.0,0.018898513168096542,0.1869054138660431,0.0
I.Zubac,Los Angeles Clippers,[[1.5540122]],[3.71708631],[3.92],[3.6112342],[[2.988037]],2.995233506474495,3.527181625366211,3.619278907775879,3.6996190547943115,3.88
J.Harden,Los Angeles Clippers,[[3.2387176]],[10.69968323],[10.365],[9.019509],[[3.0321708]],11.372820807386955,12.111845016479492,14.009468078613281,10.856266975402832,14.315
J.Jaquez,Miami Heat,[[1.2875767]],[4.38003865],[3.545],[3.207276],[[2.7312124]],3.1793208655714964,3.618302583694458,3.395329236984253,3.6948297023773193,3.78
D.Jones,Los Angeles Clippers,[[0.88583684]],[1.27665754],[1.],[1.0511669],[[2.6725624]],0.5111499008397961,0.5340889692306519,0.8243280649185181,0.9622650146484375,0.96
T.Mann,Los Angeles Clippers,[[0.9460916]],[3.02500332],[2.135],[2.105606],[[2.3372433]],2.0875783691389254,2.334280490875244,2.0089850425720215,2.3275630474090576,1.6
A.Coffey,Los Angeles Clippers,[[1.2009686]],[2.09967576],[1.99],[1.8519554],[[2.600595]],1.4447335138791146,1.6775314807891846,1.9920647144317627,1.6969707012176514,2.52
N.Batum,Los Angeles Clippers,[[1.433541]],[2.84946664],[2.025],[1.9271729],[[2.4025974]],1.9935097651711153,2.337906837463379,2.4388437271118164,1.6591832637786865,2.53
M.Bridges,Charlotte Hornets,[[1.0625496]],[1.30928331],[1.51],[1.4218236],[[2.7217104]],0.8921199967373404,1.1854331493377686,1.3471722602844238,1.194270372390747,1.74
N.Richards,Charlotte Hornets,[[1.1442983]],[1.55094964],[1.055],[1.6849477],[[2.6452794]],0.8777583972906059,1.337110996246338,1.4362523555755615,1.2678593397140503,1.3
S.Curry,Charlotte Hornets,[[1.0630264]],[1.8110256],[1.91],[1.9286371],[[2.7553227]],1.2194062802819199,1.703024983406067,1.5901226997375488,1.6690987348556519,1.8
D.Terry,Chicago Bulls,[[0.]],[0.29796629],[1.],[0.23400667],[[1.9588039]],0.1976756956971425,0.8270478248596191,0.6156610250473022,0.3401066064834595,0.305
T.Mann,Charlotte Hornets,[[1.163807]],[3.16233733],[3.53],[3.5653636],[[2.8929152]],2.6075941518192502,2.918748617172241,3.153271436691284,3.0118093490600586,3.3
G.Williams,Charlotte Hornets,[[0.7132052]],[2.6001046],[2.185],[2.7671664],[[2.689743]],2.294897834890108,2.640127420425415,2.714210271835327,2.431820869445801,1.795
V.Micic,Charlotte Hornets,[[0.298007]],[1.40100455],[1.005],[0.93565893],[[1.5324042]],0.6714375996016879,0.8487224578857422,1.0033174753189087,1.352569580078125,1.125
T.Salaun,Charlotte Hornets,[[0.03990012]],[0.08193276],[0.],[0.],[[0.04681629]],0.0,0.008672870695590973,0.015695178881287575,0.0,0.0
C.Kispert,Washington Wizards,[[0.91559625]],[2.71262997],[2.375],[2.8032944],[[2.4462278]],1.9426951688826317,2.1128697395324707,2.4045143127441406,2.4088613986968994,2.3
J.Valanciunas,Washington Wizards,[[0.42989454]],[1.4548412],[1.685],[1.5215336],[[2.7895994]],0.48925482522648,0.6597825884819031,1.0241060256958008,1.355806827545166,0.555
J.Butler,Washington Wizards,[[2.5378058]],[2.7022066],[1.915],[2.3255703],[[2.793445]],2.297915403524973,1.9630353450775146,2.502556800842285,2.141753911972046,2.62
M.Bagley,Washington Wizards,[[0.75086385]],[0.87966982],[1.005],[0.8605132],[[2.308839]],0.0636815482871322,0.26197549700737,0.4340122640132904,0.6696040034294128,0.29
J.Davis,Washington Wizards,[[0.28120854]],[0.96941812],[1.025],[0.8962769],[[0.66241086]],0.18389565330543953,0.4613020420074463,0.5682573318481445,0.9217898845672607,0.8
A.Burks,Miami Heat,[[1.545527]],[0.63622002],[0.],[0.03329779],[[2.4575255]],0.0,0.0,0.005401753820478916,0.15069958567619324,0.0
P.Williams,Chicago Bulls,[[1.0166702]],[2.54951371],[2.08],[2.1439617],[[2.628897]],1.929503020221095,2.5096435546875,2.4837310314178467,2.1873092651367188,1.995
L.Ball,Chicago Bulls,[[0.83456945]],[3.23154499],[2.945],[2.840782],[[2.1627567]],2.179998370727878,2.640641212463379,2.7072150707244873,2.5662012100219727,1.65
B.Coulibaly,Washington Wizards,[[1.3482778]],[3.08970045],[3.36],[3.1506886],[[2.8524923]],2.9239808148675213,2.9367260932922363,3.3203823566436768,3.1898062229156494,1.98
C.Carrington,Washington Wizards,[[0.92659706]],[3.27651693],[3.37],[3.2983015],[[2.2597995]],2.4603721389883266,2.5764853954315186,3.0625360012054443,2.8049356937408447,3.395
A.Sarr,Washington Wizards,[[0.5451417]],[1.11846539],[1.],[1.0200977],[[2.363911]],0.48253209509282424,0.6318015456199646,1.0079152584075928,0.9660345911979675,0.98
K.Kuzma,Washington Wizards,[[0.97739303]],[1.52028922],[2.165],[1.9986842],[[2.3320513]],1.4242069871126555,1.3736473321914673,1.9404784440994263,1.8418352603912354,2.67
J.Poole,Washington Wizards,[[2.0147479]],[6.20804824],[5.245],[6.0908823],[[3.1871834]],4.6277671625787455,4.3743510246276855,4.120746612548828,5.4637131690979,4.155
I.Joe,Oklahoma City Thunder,[[0.09983625]],[1.06775317],[1.01],[1.182122],[[2.3618777]],0.6457651624229958,0.5449149012565613,1.0153775215148926,1.1095850467681885,0.98
J.Carter,Chicago Bulls,[[1.3277502]],[1.79901592],[1.],[1.0024575],[[2.1038973]],1.3624190858253202,2.0303092002868652,1.4742662906646729,1.6484955549240112,1.285
K.George,Washington Wizards,[[0.8535273]],[3.46357513],[2.93],[2.9429934],[[2.2804942]],2.521428136898675,2.609920024871826,3.0943515300750732,2.7296032905578613,3.35
N.Vucevic,Chicago Bulls,[[1.16041]],[2.37620238],[2.52],[2.5854182],[[2.9511046]],1.8533653155577503,2.3495824337005615,2.2877674102783203,2.3415515422821045,2.12
C.White,Chicago Bulls,[[1.3488921]],[4.81946656],[3.805],[3.72476],[[2.9206934]],4.267376200727527,4.354334354400635,4.489070892333984,4.520310401916504,3.905
J.Giddey,Chicago Bulls,[[1.7792457]],[6.22724914],[4.91],[4.6511083],[[2.933644]],4.95054760444403,5.029555797576904,5.169550895690918,5.6479082107543945,4.455
S.Gilgeous-Alexander,Oklahoma City Thunder,[[1.7643807]],[5.05030647],[4.87],[4.349863],[[3.1895356]],4.822881203583666,4.589189052581787,4.432315349578857,5.221184253692627,3.28
A.Dosunmu,Chicago Bulls,[[1.2413338]],[5.61755768],[4.92],[4.753314],[[2.4283597]],4.27927789189004,4.557513236999512,5.292841911315918,4.482631683349609,6.24
J.Tyson,Cleveland Cavaliers,[[0.]],[0.30924102],[1.],[0.71814394],[[0.6268946]],0.20890062743271662,0.12005418539047241,0.41575920581817627,0.5269986391067505,0.175
T.Thompson,Cleveland Cavaliers,[[0.]],[0.],[0.],[0.0269994],[[0.32720634]],0.0,0.0,0.03269058093428612,0.17127911746501923,0.0
C.Porter,Cleveland Cavaliers,[[0.3577665]],[0.68170809],[1.355],[1.495209],[[1.8671341]],0.7006457333218385,0.7658251523971558,1.0259222984313965,0.928157389163971,1.115
O.Dieng,Oklahoma City Thunder,[[0.08045124]],[0.20719178],[1.],[0.16509828],[[2.4236176]],0.1697775972681085,0.06618946045637131,0.5158421397209167,0.46601179242134094,0.745
A.Wiggins,Oklahoma City Thunder,[[0.19867028]],[1.08738464],[1.1],[1.3994942],[[2.786874]],0.7267871978912711,0.587212324142456,0.9780145883560181,1.2331465482711792,0.91
A.Mitchell,Oklahoma City Thunder,[[0.52607334]],[2.06463792],[1.92],[1.4839413],[[1.5957968]],1.8188320249695964,1.8809922933578491,2.279137134552002,1.888540506362915,2.85
J.Williams,Oklahoma City Thunder,[[1.5750346]],[5.80203771],[5.63],[5.0178356],[[2.8927858]],5.1894597091162575,5.399852752685547,5.849629878997803,5.282013893127441,7.52
D.Jones,Oklahoma City Thunder,[[0.]],[0.],[0.],[0.00034208],[[0.]],0.15976788891089846,0.0,0.015099965035915375,0.0,0.0
A.Flagler,Oklahoma City Thunder,[[0.11259867]],[0.],[0.],[0.12484803],[[1.63274]],0.0,0.0,0.0,0.17830601334571838,0.0
A.Ducas,Oklahoma City Thunder,[[0.]],[0.00110202],[0.],[0.],[[0.]],0.0,0.0,0.034185994416475296,0.0,0.0
Z.LaVine,Chicago Bulls,[[1.2947446]],[2.41108143],[2.57],[2.587791],[[2.9521391]],1.8811708056620353,2.414152145385742,2.2463390827178955,2.3812217712402344,2.705
N.Alexander-Walker,Minnesota Timberwolves,[[1.1398785]],[2.55934512],[2.81],[2.7157502],[[2.8801181]],1.6228631307477908,1.5973896980285645,2.046675443649292,2.4335875511169434,2.97
G.Dick,Toronto Raptors,[[0.7529402]],[1.03125549],[1.],[1.2009931],[[2.6234784]],0.4978810771384553,0.4992203116416931,0.9794765710830688,0.9800645112991333,1.35
D.Mitchell,Toronto Raptors,[[1.2581993]],[5.44422996],[4.585],[4.047288],[[2.394107]],4.267899835868424,4.370136260986328,4.711371898651123,4.365257263183594,6.425
J.Shead,Toronto Raptors,[[1.7150073]],[5.29176067],[4.925],[3.9185212],[[2.4555256]],4.276631767153718,4.517699718475342,4.729061126708984,4.442593097686768,4.9
J.Battle,Toronto Raptors,[[0.41358912]],[0.82193003],[1.],[0.85314715],[[2.565841]],0.17608966673660342,0.11127100884914398,0.7168352007865906,0.8035878539085388,0.845
C.Boucher,Toronto Raptors,[[0.11274883]],[0.61943084],[1.],[1.1998712],[[2.5354156]],0.3068968203011952,0.2829360365867615,0.7086081504821777,0.79497891664505,0.4
B.Fernando,Toronto Raptors,[[0.19479269]],[0.71013769],[1.],[0.7914395],[[1.4844682]],0.22040921760667434,0.23290733993053436,0.6650399565696716,0.7916741371154785,0.855
P.Banchero,Orlando Magic,[[1.6100067]],[4.61572456],[4.635],[4.478324],[[3.0242808]],4.588630620528143,5.064396381378174,5.1646623611450195,4.9438347816467285,4.175
J.Mogbo,Toronto Raptors,[[0.5245011]],[1.85763823],[2.005],[1.6025603],[[2.7783592]],1.7088892154139945,1.3188225030899048,2.0261614322662354,1.9053786993026733,1.305
J.Poeltl,Toronto Raptors,[[0.8793992]],[2.8507379],[3.],[3.0341203],[[2.6529818]],2.225167512203726,2.1622769832611084,2.7629144191741943,2.582933187484741,2.755
N.Marshall,Dallas Mavericks,[[0.818523]],[3.94353329],[3.355],[3.1033053],[[2.1785233]],2.7366898487766966,3.402099370956421,3.1495609283447266,2.9221136569976807,2.935
M.Kleber,Dallas Mavericks,[[0.8114421]],[1.72595684],[1.64],[1.6658887],[[2.1023097]],1.1790818583644713,1.7315757274627686,1.735038161277771,1.385949730873108,2.015
J.Hardy,Dallas Mavericks,[[0.18919668]],[1.04153244],[1.025],[1.0603293],[[1.8370718]],0.722726801080823,0.8075589537620544,0.9968100190162659,1.029618501663208,0.62
Q.Grimes,Dallas Mavericks,[[0.11921148]],[0.],[0.],[0.0872786],[[0.5517868]],0.0,0.0,0.02187505178153515,0.14283505082130432,0.0
J.Gortman,Dallas Mavericks,[[1.09145]],[0.11781178],[0.],[0.],[[0.]],0.0,0.0,0.0,0.0,0.0
D.Powell,Dallas Mavericks,[[0.]],[0.],[0.],[0.],[[1.3127258]],0.0,0.03758862614631653,0.06653379648923874,0.1245521828532219,0.0
O.Prosper,Dallas Mavericks,[[0.]],[0.02502025],[0.],[0.],[[0.]],0.0,0.03647606074810028,0.02375713922083378,0.0,0.0
K.Durant,Phoenix Suns,[[1.7228009]],[2.84395529],[2.575],[2.0122092],[[2.954859]],2.0977708784351847,2.5678465366363525,2.7978811264038086,2.745487928390503,2.615
D.Lively,Dallas Mavericks,[[1.8409349]],[4.40880853],[4.51],[4.4851866],[[2.974576]],4.167719124288324,4.646679401397705,4.533168315887451,4.389255523681641,3.635
J.Allen,Cleveland Cavaliers,[[1.2261751]],[1.04132201],[1.005],[1.1719046],[[3.0160272]],0.9778632138078195,1.099687933921814,1.503206729888916,1.49394690990448,1.205
D.Garland,Cleveland Cavaliers,[[1.5085932]],[5.12152491],[4.485],[4.7251387],[[2.7416866]],5.392591795708577,5.640402793884277,5.418095111846924,5.131381034851074,5.37
D.Wade,Cleveland Cavaliers,[[0.58327323]],[0.86852213],[1.],[0.977656],[[2.6543295]],0.7182440840869442,0.7587073445320129,1.006018042564392,0.952151894569397,0.94
G.Niang,Cleveland Cavaliers,[[0.24519433]],[0.20892549],[0.605],[0.13118652],[[1.9546059]],0.005814847259852903,0.1585949808359146,0.39509040117263794,0.32984423637390137,0.675
S.Merrill,Cleveland Cavaliers,[[0.20156299]],[1.32961144],[1.055],[1.2344086],[[2.1048126]],1.0341961786620042,1.0274848937988281,1.4792017936706543,1.2107311487197876,1.4
C.LeVert,Cleveland Cavaliers,[[1.8104582]],[2.79580541],[3.205],[2.83606],[[3.0845802]],3.1300175794021787,3.1518821716308594,3.2855522632598877,3.023547887802124,3.95
I.Okoro,Cleveland Cavaliers,[[0.81283474]],[1.9740059],[1.925],[1.881063],[[2.371642]],1.6979810359905847,1.9310286045074463,2.028073787689209,1.708670973777771,1.825
T.Jerome,Cleveland Cavaliers,[[2.3498259]],[3.9533226],[4.125],[4.3192997],[[3.0618842]],4.2719827069481005,4.079465389251709,4.071285724639893,3.369554281234741,3.685
J.Champagnie,San Antonio Spurs,[[0.69790184]],[1.74670294],[1.955],[1.9667742],[[2.9354353]],1.0986037077328212,1.1134352684020996,1.5250189304351807,1.6457639932632446,0.905
K.Johnson,San Antonio Spurs,[[0.76947653]],[1.02589483],[1.],[1.1823777],[[2.4309602]],0.5146029051376206,0.6618171334266663,1.0251612663269043,0.9314317107200623,0.685
S.Castle,San Antonio Spurs,[[1.2623734]],[4.79762974],[4.475],[3.904497],[[2.4632127]],3.602004606358005,3.7888526916503906,3.673892021179199,3.8419976234436035,3.21
Z.Collins,San Antonio Spurs,[[0.49409056]],[1.59146442],[1.21],[1.4313942],[[2.4154356]],1.109822800034763,1.139870524406433,1.4841296672821045,1.553022027015686,1.73
B.Clarke,Memphis Grizzlies,[[0.07357772]],[0.53723216],[1.],[0.839792],[[1.5155983]],0.23556349159548634,0.28285905718803406,0.6236190795898438,0.7353589534759521,0.8
Y.Kawamura,Memphis Grizzlies,[[1.5296521]],[0.49289212],[1.01],[1.0616723],[[0.]],0.0464197876221636,0.29255223274230957,0.49599984288215637,0.09496115148067474,0.245
S.Barnes,Toronto Raptors,[[1.632695]],[5.37663294],[5.54],[5.820049],[[2.7703319]],4.53806984800979,4.673264980316162,5.014716625213623,4.778087139129639,5.57
M.McClung,Orlando Magic,[[4.2104454]],[1.61090416],[1.765],[1.9920083],[[1.6160723]],1.4942973621574294,2.4635884761810303,2.080261468887329,0.325819194316864,2.445
D.White,Boston Celtics,[[1.6373105]],[3.4198581],[3.65],[3.639025],[[3.1180456]],3.2111794717297917,3.212564706802368,3.6261446475982666,3.8666951656341553,3.55
J.Brown,Boston Celtics,[[1.4642242]],[2.28101401],[2.96],[2.8024766],[[2.9344046]],2.5056230150319,2.6754257678985596,3.3251068592071533,2.58345627784729,4.1
J.Tatum,Boston Celtics,[[2.729705]],[6.93694849],[7.265],[6.568972],[[3.171782]],5.737887811392547,5.144201755523682,5.666003704071045,6.6144118309021,4.455
J.Holiday,Boston Celtics,[[1.3236818]],[2.54927906],[2.055],[2.4474607],[[2.7424507]],2.442363826165108,2.613905191421509,3.0283141136169434,2.493800640106201,3.57
J.Jackson,Memphis Grizzlies,[[0.6543327]],[0.63995878],[1.],[0.9750967],[[2.059453]],0.5172331955434291,0.45483648777008057,1.0713250637054443,0.833413302898407,1.025
M.Smart,Memphis Grizzlies,[[0.4758831]],[1.95508322],[1.98],[1.8332142],[[2.474035]],1.5654690226174561,1.908936858177185,1.9937453269958496,1.878491759300232,2.43
Z.Edey,Memphis Grizzlies,[[0.19937067]],[0.20776473],[1.],[0.07531989],[[1.8964018]],0.0,0.1065681204199791,0.3642771244049072,0.40071022510528564,0.25
K.Caldwell-Pope,Orlando Magic,[[0.89760584]],[1.79454402],[1.305],[1.9304779],[[2.567059]],1.3186272612120362,1.8014252185821533,1.6130880117416382,1.5000200271606445,1.275
J.LaRavia,Memphis Grizzlies,[[0.8336952]],[2.04535649],[1.85],[1.5537093],[[2.422049]],1.5365054664661646,2.0296013355255127,2.0052454471588135,1.7299820184707642,2.17
S.Pippen,Memphis Grizzlies,[[2.6256447]],[7.70401172],[7.31],[6.9031606],[[3.0103416]],7.39514744850216,7.8238325119018555,8.989692687988281,8.212114334106445,10.285
J.Huff,Memphis Grizzlies,[[0.63427335]],[0.84048212],[1.],[0.8887455],[[2.9341471]],0.22255476768749596,0.5034056305885315,0.7935839295387268,0.9697263240814209,0.505
J.Wells,Memphis Grizzlies,[[0.3558734]],[0.93005052],[1.],[0.8926135],[[2.0772674]],0.5090309997809275,0.6275025606155396,1.0186835527420044,0.9339982271194458,1.545
G.Bitadze,Orlando Magic,[[0.2222179]],[0.31251001],[1.005],[0.9393529],[[1.0640354]],0.018017064865541006,0.2648763656616211,0.5661634206771851,0.7466281056404114,0.62
C.Houstan,Orlando Magic,[[0.]],[0.04827672],[0.],[0.12806316],[[1.6616871]],0.0,0.0,0.02775464951992035,0.11065566539764404,0.0
C.Joseph,Orlando Magic,[[0.70991]],[0.84438705],[1.01],[1.2220429],[[1.2299924]],0.23026659165793023,0.6149688959121704,0.5009557008743286,0.9651385545730591,0.69
D.Knecht,Los Angeles Lakers,[[0.5003736]],[1.84670232],[1.64],[1.6755809],[[2.6782875]],1.3026694954299507,1.5881210565567017,1.687615156173706,1.8815327882766724,1.605
G.Harris,Orlando Magic,[[0.02958935]],[0.19608022],[1.],[0.28482446],[[2.345972]],0.07328244333947131,0.1683552861213684,0.4256923198699951,0.43461892008781433,0.44
T.Queen,Orlando Magic,[[0.00185107]],[0.],[0.],[0.],[[0.]],0.0,0.0,0.017034459859132767,0.043055884540081024,0.0
D.Bane,Memphis Grizzlies,[[1.104852]],[3.54821447],[3.495],[3.375277],[[2.946643]],2.9408613907847934,3.499891996383667,3.6024961471557617,3.463019847869873,4.0
J.Morant,Memphis Grizzlies,[[2.4115446]],[6.46082693],[6.55],[6.491902],[[2.8388915]],6.929030512581719,7.34877347946167,8.202635765075684,6.5130205154418945,8.695
F.Wagner,Orlando Magic,[[1.7833804]],[5.11595821],[5.125],[4.915728],[[3.135942]],3.673177054352255,4.2759175300598145,3.9549224376678467,4.908986568450928,3.505
W.Carter,Orlando Magic,[[1.2855753]],[2.6388036],[2.07],[2.372661],[[2.738821]],2.2291837954549574,2.8210558891296387,2.689701557159424,2.3800418376922607,2.26
J.Suggs,Orlando Magic,[[1.3386499]],[3.98401927],[3.92],[3.3619843],[[3.0716195]],2.397932274372188,2.825237989425659,2.772724151611328,3.3917744159698486,2.925
T.Lyles,Sacramento Kings,[[0.03630441]],[1.31166404],[1.025],[0.94155025],[[2.1942081]],0.6859210111217526,0.8034260869026184,0.9800214171409607,1.1871148347854614,0.835
A.Black,Orlando Magic,[[1.2840836]],[4.30595952],[4.365],[3.9159007],[[2.786208]],3.5968296772214825,4.01027774810791,4.086990833282471,4.053223133087158,3.81
M.Wagner,Orlando Magic,[[0.21149974]],[0.431793],[1.],[0.77400446],[[2.4909632]],0.25730055287428216,0.27853208780288696,0.7408215999603271,0.6024268269538879,0.39
J.Howard,Orlando Magic,[[0.00859648]],[0.09442712],[0.],[0.],[[2.2966197]],0.0,0.0,0.0,0.140601247549057,0.0
C.Anthony,Orlando Magic,[[1.4508874]],[4.59435574],[4.065],[3.5340343],[[2.1574175]],3.118429186086865,3.5967135429382324,3.638937473297119,3.4375038146972656,2.86
Y.Missi,New Orleans Pelicans,[[0.6154231]],[1.52432076],[1.79],[1.5041243],[[2.743851]],1.1801301517798468,1.2819520235061646,1.436635136604309,1.545469045639038,1.785
A.Drummond,Philadelphia 76ers,[[0.4835443]],[0.],[0.],[0.2507446],[[2.2049224]],0.0,0.0,0.04781686142086983,0.22998231649398804,0.0
T.Hendricks,Utah Jazz,[[0.86655265]],[0.36819296],[0.],[0.39379424],[[2.2444048]],0.0,0.0783856064081192,0.0,0.28537335991859436,0.0
J.Collins,Utah Jazz,[[0.91431224]],[2.39467564],[2.55],[2.2419822],[[2.6027348]],1.7073336756033848,2.3229548931121826,1.9568971395492554,2.3071470260620117,3.095
B.Podziemski,Golden State Warriors,[[0.6279242]],[1.85284072],[1.965],[2.155892],[[2.446818]],2.140375153956334,2.625905990600586,2.3876752853393555,1.8718980550765991,1.535
T.Jackson-Davis,Golden State Warriors,[[1.5145136]],[1.89199007],[2.03],[1.9102443],[[2.9543307]],1.577951651231669,2.0161139965057373,2.0307137966156006,2.1702826023101807,1.97
J.Kuminga,Golden State Warriors,[[0.32271898]],[0.71729877],[1.],[0.87567675],[[1.6505071]],0.609569394690025,0.7451721429824829,1.008514165878296,0.8792325854301453,1.0
D.Green,Golden State Warriors,[[0.82122344]],[3.33956096],[2.67],[2.749711],[[2.8199162]],3.305044310580292,3.8068833351135254,3.398508310317993,3.069749116897583,3.595
C.Sexton,Utah Jazz,[[0.97242975]],[1.63193967],[2.44],[2.2645087],[[2.410704]],1.6512895495013884,2.151289939880371,2.006772518157959,1.99878990650177,1.75
J.Green,New Orleans Pelicans,[[0.6914926]],[0.55120886],[1.],[0.0527286],[[2.1250901]],0.12290484393530862,0.25669705867767334,0.513274073600769,0.40254518389701843,0.23
J.Alvarado,New Orleans Pelicans,[[1.387904]],[4.11068838],[3.145],[3.032312],[[2.0928671]],3.428646957618385,3.621875524520874,3.8286921977996826,3.378708600997925,3.785
J.Robinson-Earl,New Orleans Pelicans,[[0.12449068]],[0.23909269],[1.],[0.98206824],[[1.3989673]],0.3667249183148505,0.3198651969432831,0.5367950797080994,0.7819877862930298,0.48
J.Grant,Portland Trail Blazers,[[1.3972956]],[2.42009683],[2.385],[2.510163],[[2.958812]],1.6526991721862967,2.018650770187378,2.1489458084106445,2.1777381896972656,1.66
A.Simons,Portland Trail Blazers,[[1.625836]],[5.30503411],[5.64],[5.5154715],[[2.6855397]],4.606225188710822,5.374232769012451,5.071755409240723,4.760108470916748,5.87
D.Ayton,Portland Trail Blazers,[[1.1334361]],[2.29614767],[2.135],[1.9750992],[[2.5908272]],1.6460211188367986,2.1092991828918457,2.0160939693450928,2.01147198677063,2.19
B.Sensabaugh,Utah Jazz,[[0.]],[0.],[0.],[0.],[[2.1850479]],0.0,0.023545101284980774,0.01612158678472042,0.15489621460437775,0.0
Z.Williamson,New Orleans Pelicans,[[2.2965431]],[7.54511938],[7.15],[6.966467],[[3.0574808]],6.802414057242761,7.130127906799316,7.5032854080200195,7.141237735748291,7.35
D.Theis,New Orleans Pelicans,[[1.0840926]],[3.86237869],[3.57],[3.5369797],[[2.7646556]],3.334755956639249,3.3655340671539307,3.4706108570098877,3.481823682785034,3.76
C.Martin,Philadelphia 76ers,[[1.6191957]],[3.8229941],[4.065],[3.9190266],[[2.711752]],3.045656280080538,3.36859130859375,3.471623182296753,3.450052499771118,3.98
K.Lowry,Philadelphia 76ers,[[1.8726635]],[4.45977395],[4.53],[4.088292],[[3.0716908]],3.6234373394672077,3.6556954383850098,3.9084839820861816,4.244147777557373,3.235
D.Schroder,Brooklyn Nets,[[1.9841889]],[7.11068496],[6.645],[6.5068235],[[2.8777199]],6.129495137277078,6.372095108032227,6.453304290771484,6.786316871643066,6.265
J.Johnson,Indiana Pacers,[[2.246173]],[1.35022879],[1.035],[0.99259186],[[2.424428]],0.9209253006528596,1.0625886917114258,1.1060669422149658,1.2164326906204224,1.045
J.Hart,New York Knicks,[[1.1309949]],[2.69582264],[2.855],[2.6473932],[[2.9403431]],2.3766901522657107,2.0904667377471924,2.8607633113861084,2.7546558380126953,3.015
W.Moore,Detroit Pistons,[[0.]],[0.00971965],[0.],[0.],[[0.]],0.0,0.23782095313072205,0.019655741751194,0.0,0.0
M.Sasser,Detroit Pistons,[[5.467961]],[1.3512166],[1.15],[1.0956954],[[2.232795]],0.6882960440089104,1.4794843196868896,1.0301131010055542,0.4173557162284851,1.07
S.Milton,Brooklyn Nets,[[0.348255]],[1.33943548],[1.21],[1.0780853],[[1.4583726]],0.7707685041587902,0.7615883946418762,1.2511188983917236,0.8872793912887573,1.58
N.Clowney,Brooklyn Nets,[[0.00502355]],[0.],[0.],[0.00211014],[[2.04688]],0.0,0.0,0.022412069141864777,0.17981509864330292,0.0
J.Wilson,Brooklyn Nets,[[0.69258606]],[2.13204641],[2.],[1.9711014],[[2.2600715]],1.129750599749916,1.509117603302002,1.499631404876709,1.8368561267852783,1.895
T.McConnell,Indiana Pacers,[[3.0060153]],[5.58512405],[4.115],[4.7793007],[[2.913784]],4.448903524177325,4.400317192077637,4.999851703643799,5.197409152984619,5.035
I.Jackson,Indiana Pacers,[[1.0622809]],[2.57358325],[2.285],[2.008186],[[2.821511]],1.7562582599757044,1.7265478372573853,2.0029170513153076,2.3370883464813232,1.98
J.Toppin,New York Knicks,[[0.]],[0.],[0.],[0.],[[0.]],0.0,0.0,0.0,0.0,0.0
C.Johnson,Brooklyn Nets,[[1.2381535]],[1.21660953],[1.01],[1.1432837],[[2.544382]],0.5545114965613436,0.8190394639968872,1.029710292816162,0.9176915884017944,1.425
C.Thomas,Brooklyn Nets,[[1.6574572]],[3.64293813],[3.52],[3.861565],[[3.125409]],2.6984959393542582,2.8116202354431152,3.0691325664520264,3.7650749683380127,3.04
B.Mathurin,Indiana Pacers,[[0.6791504]],[0.82840474],[1.],[1.1592082],[[2.8400137]],0.680870649702639,0.5216134786605835,0.9599564671516418,0.9952224493026733,1.065
T.Prince,Milwaukee Bucks,[[2.0524058]],[2.2075014],[2.205],[2.1399698],[[2.893843]],1.8074424409155654,2.3233277797698975,2.522050380706787,2.3029305934906006,2.4
B.Lopez,Milwaukee Bucks,[[1.2233785]],[2.76627156],[2.71],[2.6000187],[[2.514029]],3.0322639347836637,3.181295394897461,3.3415911197662354,2.777134656906128,3.0
B.Portis,Milwaukee Bucks,[[0.6966401]],[2.09165189],[2.],[2.0654042],[[2.7614017]],1.5498098139614511,1.8931351900100708,2.0166709423065186,1.9544670581817627,1.47
J.Green,Charlotte Hornets,[[1.0106592]],[2.30623208],[2.065],[2.0112057],[[2.6453655]],1.6999502520965304,1.7946141958236694,1.995837926864624,2.1637914180755615,2.045
P.Reed,Detroit Pistons,[[0.47004688]],[1.40269885],[1.005],[1.002447],[[1.0456332]],0.835284261321284,1.3583654165267944,1.1158761978149414,1.2992544174194336,1.09
D.Jenkins,Detroit Pistons,[[0.2564142]],[0.],[0.],[0.00059066],[[0.]],0.0,0.011406563222408295,0.02320624515414238,0.004449129104614258,0.0
D.Wright,Milwaukee Bucks,[[0.5546599]],[1.53319074],[1.705],[1.6306685],[[2.247612]],1.1441909329255056,1.410650372505188,1.62476646900177,1.5377154350280762,2.495
A.Green,Milwaukee Bucks,[[2.0100355]],[1.07463812],[1.085],[1.0786297],[[2.5244281]],0.5567368389521473,1.0173248052597046,1.1660205125808716,1.0267927646636963,1.07
R.Rollins,Milwaukee Bucks,[[0.]],[0.],[0.],[0.10142583],[[0.27387124]],0.0,0.0,0.0,0.02497834339737892,0.0
M.Beauchamp,Milwaukee Bucks,[[0.10724862]],[0.02331302],[0.],[0.00093216],[[0.]],0.0,0.0,0.001029416685923934,0.005936581641435623,0.0
C.McCollum,New Orleans Pelicans,[[1.5614601]],[4.37475574],[3.84],[3.8112597],[[3.090402]],3.757783867281355,4.0468525886535645,4.289186954498291,4.464630603790283,3.81
P.Siakam,Indiana Pacers,[[1.6047728]],[5.31702363],[4.67],[4.6341677],[[3.0154257]],5.260669443935697,4.9275712966918945,5.547565937042236,5.409669399261475,3.73
A.Nembhard,Indiana Pacers,[[1.196386]],[4.36575261],[4.365],[4.242004],[[2.464393]],4.238257416930142,4.0392842292785645,3.8199620246887207,3.8216958045959473,2.975
A.Nesmith,Indiana Pacers,[[0.26144302]],[0.],[0.],[0.1588881],[[1.7949451]],0.0,0.0,0.005743524990975857,0.18848475813865662,0.0
P.Dadiet,New York Knicks,[[0.]],[0.],[0.],[0.03407503],[[0.5988212]],0.0,0.0,0.0,0.24688607454299927,0.0
T.Kolek,New York Knicks,[[0.13499132]],[0.],[0.],[0.07637484],[[0.93684125]],0.0,0.0,0.0,0.09006793797016144,0.0
D.Finney-Smith,Brooklyn Nets,[[0.8020428]],[0.54261296],[1.005],[0.21554905],[[2.7048411]],0.10534346852524251,0.16655543446540833,0.4741441607475281,0.4888119399547577,0.12
B.Simmons,Brooklyn Nets,[[1.5627986]],[6.67988757],[4.905],[4.6252203],[[2.5911384]],5.202880011077253,5.278153896331787,4.8747758865356445,5.567005634307861,3.86
N.Claxton,Brooklyn Nets,[[0.3285434]],[1.70049539],[1.555],[1.541221],[[2.6923008]],1.226882177373192,1.0634368658065796,1.5475380420684814,1.5764259099960327,2.21
Z.Williams,Brooklyn Nets,[[0.09280697]],[1.2251373],[1.03],[1.4343312],[[2.5349143]],0.6776236368782219,0.6230019330978394,0.9937233924865723,1.2057850360870361,1.07
B.Ingram,New Orleans Pelicans,[[1.4659618]],[3.14776683],[3.43],[3.258266],[[3.0490363]],2.75157946617791,3.1089186668395996,3.178961992263794,3.222594976425171,3.625
H.Jones,New Orleans Pelicans,[[1.2626549]],[1.4275895],[1.14],[1.5836375],[[2.300355]],1.2290297550123852,1.3303173780441284,1.43419349193573,1.2166855335235596,1.265
O.Toppin,Indiana Pacers,[[1.3819617]],[3.22286376],[3.11],[3.110467],[[2.6618986]],2.8024624174155752,2.751272678375244,3.3587889671325684,2.789885997772217,3.95
J.Walker,Indiana Pacers,[[0.9679828]],[1.97830021],[2.04],[2.0080338],[[2.6819196]],1.8600277792649569,1.683421015739441,2.0911223888397217,2.1070914268493652,2.555
O.Anunoby,New York Knicks,[[1.3490562]],[1.78283118],[1.705],[1.7259994],[[2.4978049]],1.3636154591356424,1.0679093599319458,1.7514195442199707,1.503246784210205,1.315
M.Bridges,New York Knicks,[[1.468923]],[3.06621141],[3.24],[3.0063827],[[2.9538279]],2.8400772788145376,2.6227755546569824,3.342466115951538,3.2684688568115234,4.42
B.Beal,Phoenix Suns,[[1.7977296]],[4.66504038],[4.415],[4.4598646],[[3.0216243]],4.452544928666476,4.640862464904785,4.884586334228516,5.004566669464111,7.21
K.Johnson,Brooklyn Nets,[[1.370058]],[0.],[0.],[0.00040149],[[0.]],0.0,0.0,0.0058283316902816296,0.0,0.0
J.Sims,New York Knicks,[[1.0867082]],[0.79378039],[1.015],[0.44064334],[[2.1875412]],0.0,0.0,0.5480754375457764,0.2892744541168213,0.43
A.Hukporti,New York Knicks,[[0.09548298]],[0.],[0.],[0.],[[0.45546865]],0.0,0.0,0.01213457714766264,0.1490185558795929,0.0
A.Johnson,Milwaukee Bucks,[[0.35818353]],[0.03238438],[0.],[0.],[[0.]],0.0,0.0,0.0,0.014959421008825302,0.0
T.Smith,Milwaukee Bucks,[[0.]],[0.02893581],[0.],[0.03713225],[[1.8513608]],0.0,0.002195030450820923,0.0,0.13669562339782715,0.0
T.Haliburton,Indiana Pacers,[[1.2913272]],[4.5587557],[3.895],[3.569917],[[2.421065]],4.121037348916516,4.0491228103637695,4.40247917175293,3.923495054244995,4.73
M.Turner,Indiana Pacers,[[0.91168433]],[2.08783589],[2.16],[2.2193508],[[2.8371334]],2.2048152677197637,1.8806270360946655,2.425729274749756,2.1319329738616943,1.785
K.Towns,New York Knicks,[[1.1107101]],[1.49086821],[1.93],[2.1369483],[[3.027878]],0.8809336699224712,0.6402836441993713,1.4938145875930786,1.8073770999908447,0.69
J.Brunson,New York Knicks,[[1.663302]],[2.83332955],[3.71],[2.9448822],[[2.9758651]],2.919554671309126,2.573131799697876,3.376835346221924,3.1883931159973145,4.415
C.Payne,New York Knicks,[[0.98253465]],[3.57663053],[3.395],[3.030652],[[2.7254453]],2.9512210796627967,2.5695018768310547,3.2570793628692627,3.2623744010925293,3.33
M.McBride,New York Knicks,[[0.99057025]],[1.93820712],[1.995],[2.0165708],[[2.9717577]],1.3948235126653092,1.1525968313217163,1.85149347782135,2.16890025138855,2.06
A.Wiggins,Golden State Warriors,[[0.9549188]],[2.90478753],[2.665],[2.3312056],[[2.9533653]],3.178016810298338,3.7237255573272705,3.72263765335083,3.051210880279541,4.395
K.Anderson,Golden State Warriors,[[1.1606833]],[2.58047979],[2.255],[2.4293303],[[2.9097905]],2.812616587013194,3.209913730621338,3.1051154136657715,2.618729591369629,2.855
D.Melton,Golden State Warriors,[[0.99695575]],[3.47494794],[3.19],[3.112106],[[2.0975847]],3.723326495918212,4.446422100067139,4.34618616104126,3.231231212615967,4.35
P.Connaughton,Milwaukee Bucks,[[0.22961259]],[0.92956068],[1.],[1.0012813],[[1.9342015]],0.5215199488361694,0.6968289017677307,0.9745171666145325,0.9288058280944824,0.94
B.Sheppard,Indiana Pacers,[[0.]],[0.00498384],[0.],[0.03138366],[[0.7466535]],0.0,0.0,0.018954437226057053,0.18496227264404297,0.0
E.Freeman,Indiana Pacers,[[0.2680953]],[0.],[0.],[0.14549027],[[0.92833483]],0.0,0.0,0.022761235013604164,0.09415750950574875,0.0
J.Furphy,Indiana Pacers,[[0.24161965]],[0.0926224],[0.],[0.],[[0.]],0.02654228630991773,0.0,0.03302238881587982,0.08418358862400055,0.0
Q.Jackson,Indiana Pacers,[[3.306554]],[1.4678995],[1.81],[1.9941432],[[2.5382943]],1.8646626827295907,1.4908654689788818,2.0228490829467773,1.386999249458313,2.06
G.Antetokounmpo,Milwaukee Bucks,[[2.1638656]],[5.61644583],[5.07],[5.382777],[[3.098997]],5.578059929633213,5.756813049316406,6.178849220275879,6.026982307434082,5.6
G.Trent,Milwaukee Bucks,[[1.6282457]],[1.1593983],[1.025],[0.26301453],[[2.3259788]],0.33273814773232196,0.9993433356285095,1.4427679777145386,0.7093372344970703,1.645
G.Temple,Toronto Raptors,[[0.54983544]],[1.28115129],[1.],[1.0901557],[[1.0218054]],0.9126052231482503,0.88325035572052,1.3918293714523315,0.9010976552963257,1.5
R.Jackson,Philadelphia 76ers,[[0.19626436]],[0.05690522],[0.],[0.00022352],[[0.]],0.0,0.0,0.015499750152230263,0.06938320398330688,0.0
A.Bona,Philadelphia 76ers,[[0.]],[0.],[0.],[0.05860313],[[0.]],0.0,0.0,0.02197498455643654,0.0,0.0
K.Filipowski,Utah Jazz,[[0.06908592]],[0.08073919],[0.],[0.],[[0.]],0.0,0.12448439002037048,0.021110014989972115,0.0,0.0
J.Konchar,Memphis Grizzlies,[[1.6271333]],[1.46528792],[1.825],[2.0040462],[[2.694817]],0.9701015243856814,1.383999228477478,1.7763919830322266,1.5335748195648193,2.05
S.Curry,Golden State Warriors,[[1.8801527]],[5.41690339],[4.915],[4.2593026],[[3.036188]],6.710279836555378,7.228790283203125,7.019690036773682,6.084306716918945,5.975
R.Council,Philadelphia 76ers,[[0.]],[0.],[0.],[0.],[[0.77213895]],0.0,0.0,0.02370668388903141,0.15734677016735077,0.0
J.McCain,Philadelphia 76ers,[[1.2840416]],[0.77492931],[1.],[1.1205398],[[2.0921128]],0.2214785830235456,0.5451628565788269,0.45570138096809387,0.9679018259048462,0.25
D.Avdija,Portland Trail Blazers,[[1.0652124]],[4.50942489],[3.88],[3.8707118],[[2.7867875]],3.729486083067849,4.299367427825928,3.7543890476226807,3.7840652465820312,5.295
T.Camara,Portland Trail Blazers,[[1.0847106]],[3.14281237],[3.425],[3.3795755],[[2.703594]],2.6460509344977474,3.246276617050171,2.8575236797332764,2.9227819442749023,2.315
J.Williams,Houston Rockets,[[1.7228882]],[0.],[0.],[0.01215232],[[2.0826569]],0.0,0.0,0.012324518524110317,0.0,0.0
A.Holiday,Houston Rockets,[[2.2747822]],[0.21786932],[1.035],[1.0025796],[[0.6809429]],1.027221436673281,2.0011959075927734,1.031886339187622,1.349320411682129,0.97
J.Tate,Houston Rockets,[[3.9268959]],[1.02327629],[1.005],[0.99904466],[[1.4260408]],0.5404067113581219,1.8071132898330688,1.2705005407333374,0.293268620967865,0.96
D.Lillard,Milwaukee Bucks,[[2.0807545]],[5.91023332],[5.42],[5.706142],[[2.9899135]],6.498291337673362,6.8469085693359375,7.2301435470581055,6.58786678314209,7.59
L.Waters,Golden State Warriors,[[1.4105765]],[0.59681388],[1.],[0.9429693],[[2.5558105]],0.13659585944737243,0.2318629026412964,0.5947197675704956,0.5015609264373779,0.755
G.Payton,Golden State Warriors,[[1.593023]],[2.21476665],[2.31],[2.7227395],[[2.8635244]],2.3188662559104545,2.6393163204193115,2.604623556137085,2.0127205848693848,2.62
K.Looney,Golden State Warriors,[[0.31474194]],[1.02946577],[1.03],[1.0808945],[[2.5240414]],1.21100925580857,1.3925920724868774,1.502017617225647,1.4377045631408691,1.22
D.Eubanks,Utah Jazz,[[6.1064105]],[2.91327511],[2.01],[1.9970051],[[2.5456629]],1.848233436111714,2.1243884563446045,2.1683895587921143,1.8005789518356323,2.17
M.Moody,Golden State Warriors,[[0.62427795]],[1.34680324],[1.245],[1.8568575],[[2.6783698]],1.190189650950022,1.4698123931884766,1.3333964347839355,1.434210181236267,1.06
K.Martin,Philadelphia 76ers,[[1.2896235]],[1.62255263],[1.86],[1.7563365],[[2.1671731]],0.990228018670183,1.5041953325271606,1.9073234796524048,1.2154755592346191,2.435
E.Gordon,Philadelphia 76ers,[[0.6370107]],[2.0013485],[1.935],[1.7965351],[[2.2356484]],1.1259901433630355,1.306774616241455,1.5653307437896729,1.6099110841751099,1.955
G.Yabusele,Philadelphia 76ers,[[0.51465875]],[2.28089023],[2.37],[1.9525913],[[2.5509334]],1.6568106219217291,1.66004478931427,1.9977657794952393,2.0050406455993652,1.54
L.Markkanen,Utah Jazz,[[1.1903921]],[2.28595671],[2.57],[2.7231832],[[2.9823186]],1.6583657125528528,2.1519522666931152,2.0340991020202637,2.2586898803710938,2.07
W.Kessler,Utah Jazz,[[1.0846833]],[2.30091114],[2.005],[1.9010527],[[2.7892234]],1.1696605923503707,1.7257282733917236,1.4840679168701172,1.9106875658035278,1.7
C.Williams,Utah Jazz,[[0.9050271]],[1.39858979],[1.045],[1.3429797],[[1.8260249]],0.6717829946838477,1.1943132877349854,1.1685363054275513,1.0095545053482056,1.49
K.Murray,Portland Trail Blazers,[[0.45489877]],[1.85697995],[2.005],[1.8090947],[[1.9187571]],1.2576736371372343,1.4808109998703003,1.6904759407043457,1.7281043529510498,1.815
K.George,Utah Jazz,[[1.5657972]],[5.57269305],[6.02],[5.734978],[[2.4477901]],4.636171367286763,5.341830730438232,4.372762203216553,4.761844635009766,3.91
G.Santos,Golden State Warriors,[[0.16324793]],[0.72392602],[1.2],[1.2316811],[[1.0754966]],0.360754562176725,0.7328087091445923,0.5962012410163879,0.8550941348075867,0.555
J.Clarkson,Utah Jazz,[[1.7677183]],[6.05674276],[5.255],[5.568411],[[2.7437606]],4.222663849436912,4.776963233947754,4.482176303863525,4.847654819488525,3.395
P.Mills,Utah Jazz,[[0.77865094]],[0.66176326],[1.],[0.00702389],[[1.8320326]],0.02011452406953817,0.32961007952690125,0.5609038472175598,0.44294503331184387,0.205
D.Clingan,Portland Trail Blazers,[[0.]],[0.],[0.],[0.17985925],[[1.7419151]],0.0,0.0,0.011593786999583244,0.20994222164154053,0.0
T.Maxey,Philadelphia 76ers,[[1.8235637]],[3.90318723],[4.05],[4.327618],[[2.7009532]],3.0096851494015975,3.450159788131714,3.3588531017303467,3.4325764179229736,3.855
K.Oubre,Philadelphia 76ers,[[1.2800102]],[1.85188901],[2.08],[2.188681],[[2.8169746]],1.0459540556223603,1.44140625,1.572941780090332,1.657326340675354,1.845
J.Hawkins,New Orleans Pelicans,[[0.89226276]],[0.27992789],[1.005],[0.21180555],[[2.7787318]],0.11965677729477908,0.30282294750213623,0.4184858798980713,0.4792618751525879,0.215
S.Henderson,Portland Trail Blazers,[[1.9055834]],[6.37299977],[5.635],[5.9094787],[[2.9582992]],4.704217264201146,5.378262519836426,5.331169605255127,5.591378688812256,5.43
J.Walker,Portland Trail Blazers,[[0.5598623]],[0.00237657],[0.],[0.01222979],[[0.795403]],0.0,0.0,0.03220939263701439,0.03884517028927803,0.0
B.Hield,Golden State Warriors,[[2.6969974]],[3.02894391],[3.845],[3.7043169],[[3.0608852]],3.5564209530603637,3.398975372314453,4.863546371459961,3.792941093444824,5.53
S.Dinwiddie,Dallas Mavericks,[[0.03238631]],[0.06520577],[0.],[0.],[[0.]],0.0,0.04499649256467819,0.02375713922083378,0.0,0.0
J.Walsh,Boston Celtics,[[0.12841728]],[1.32767186],[1.03],[0.9153679],[[0.9664143]],0.22847105109224294,0.1323985755443573,0.5864179134368896,0.875527024269104,0.26
B.Scheierman,Boston Celtics,[[0.]],[0.],[0.],[0.],[[1.1159589]],0.0,0.0,0.005922453477978706,0.11943098902702332,0.0
H.Tyson,Denver Nuggets,[[0.02824255]],[0.],[0.],[0.],[[0.]],0.0462427319287464,0.0,0.03104317933320999,0.0,0.0
J.Champagnie,Washington Wizards,[[2.4988282]],[0.95069393],[1.],[0.9947169],[[0.384995]],0.5897842451429415,1.2895476818084717,0.9644653797149658,0.16800542175769806,1.07
V.Cancar,Denver Nuggets,[[0.]],[0.02693663],[0.],[0.],[[0.]],0.0,0.0,0.04347696527838707,0.0,0.0
S.Mamukelashvili,San Antonio Spurs,[[0.]],[0.],[0.],[0.],[[0.]],0.0,0.0246284157037735,0.0,0.0028949864208698273,0.0
C.Bassey,San Antonio Spurs,[[2.197438]],[0.93962695],[1.],[1.0119432],[[2.168841]],0.5999992417842474,0.9240736961364746,1.0675162076950073,0.5863683223724365,0.915
T.Alexander,Denver Nuggets,[[0.]],[0.03641108],[0.],[0.],[[0.]],0.0,0.0,0.04144340008497238,0.0,0.0
T.Jones,San Antonio Spurs,[[1.2090545]],[2.98079517],[2.85],[2.9790688],[[2.4443877]],2.6880622336289957,2.648374319076538,3.104552984237671,2.4858100414276123,3.33
N.Queta,Boston Celtics,[[0.]],[0.],[0.],[0.11230169],[[1.2244235]],0.0,0.0,0.0,0.20088529586791992,0.0
Z.Nnaji,Denver Nuggets,[[0.1016151]],[0.],[0.],[0.],[[0.]],0.0,0.0,0.03104317933320999,0.0006071776151657104,0.0
A.Gill,Washington Wizards,[[3.0158653]],[1.34298923],[1.12],[1.0012801],[[2.284213]],0.8977938846365965,1.208558440208435,1.1959127187728882,1.2515279054641724,1.035
J.Pickett,Denver Nuggets,[[0.11023626]],[0.00802589],[0.],[0.],[[0.]],0.0,0.0,0.03104317933320999,0.002669181674718857,0.0
K.Ellis,Sacramento Kings,[[0.04486909]],[0.1795805],[0.],[0.00469787],[[2.004847]],0.0,0.062060363590717316,0.01725662685930729,0.11933920532464981,0.0
J.Davison,Boston Celtics,[[0.5455257]],[0.71541406],[1.055],[1.0199227],[[0.5965349]],0.9210755917003978,0.618538498878479,0.9880577325820923,0.8700516223907471,1.015
J.Springer,Boston Celtics,[[0.7235578]],[0.81825413],[1.005],[1.0206337],[[1.9741135]],0.8616421100062202,0.8688469529151917,1.0291547775268555,1.18025803565979,0.955
D.Peterson,Boston Celtics,[[0.0642735]],[0.03297743],[0.],[0.],[[1.3963904]],0.41119456001018484,0.0792260691523552,0.0701947882771492,0.7462208271026611,0.0
D.McDermott,Sacramento Kings,[[0.04688816]],[0.],[0.],[0.],[[0.]],0.0,0.0,0.019227931275963783,0.025532305240631104,0.0
J.Dowtin,Philadelphia 76ers,[[0.02551397]],[0.06058843],[0.],[0.],[[0.]],0.0,0.0,0.025958383455872536,0.0,0.0
A.Jackson,Milwaukee Bucks,[[0.]],[0.00626163],[0.],[0.],[[0.]],0.0,0.0,0.011980397626757622,0.0,0.0
G.Allen,Phoenix Suns,[[0.84501284]],[3.76728017],[3.22],[3.0341415],[[2.8073535]],2.5763965794738626,2.836970806121826,2.960310697555542,3.235006093978882,2.89
J.Isaac,Orlando Magic,[[0.]],[0.],[0.],[0.],[[1.9448063]],0.0,0.0,0.039427269250154495,0.1749773919582367,0.0
I.Quickley,Toronto Raptors,[[3.4529781]],[5.01647416],[4.075],[3.9911773],[[2.7988474]],3.83206258211404,3.9221982955932617,3.897674560546875,4.06525993347168,4.055
K.Ware,Miami Heat,[[0.11698382]],[0.],[0.],[0.],[[0.]],0.0,0.018395528197288513,0.012237432412803173,0.061826180666685104,0.0
J.Wiseman,Indiana Pacers,[[0.6193827]],[0.06756068],[0.],[0.],[[1.5220792]],0.0,0.0,0.0,0.07226379960775375,0.0
D.Banton,Portland Trail Blazers,[[0.47234532]],[1.33257718],[1.065],[1.0244205],[[1.7177576]],0.8314835907666502,0.8457552194595337,1.06102454662323,1.3208280801773071,1.055
B.Miller,Charlotte Hornets,[[0.4676275]],[0.91888278],[1.17],[0.99387306],[[2.6158981]],0.8069675779711623,0.9836747646331787,1.1942756175994873,1.3029240369796753,1.115
D.Murray,New Orleans Pelicans,[[2.358788]],[8.48806701],[9.125],[9.883171],[[2.7576644]],9.71650537816735,10.135193824768066,10.193023681640625,9.096068382263184,9.89
L.Quinones,Philadelphia 76ers,[[1.9958633]],[0.84689118],[1.02],[1.0202217],[[1.5507481]],0.9917580219855006,1.138092041015625,1.1156991720199585,1.4379267692565918,1.125
H.Highsmith,Miami Heat,[[1.1884627]],[2.63296384],[2.135],[2.0474484],[[2.7341883]],1.5847427678305914,2.1435980796813965,2.0626235008239746,2.2846527099609375,2.085
K.Matkovic,New Orleans Pelicans,[[1.255925]],[0.],[0.],[0.00976796],[[1.6921293]],0.0,0.1200127899646759,0.00519442418590188,0.0,0.0
A.Reeves,New Orleans Pelicans,[[6.0284605]],[0.12354249],[0.],[0.],[[0.]],0.0,0.0,0.0033778389915823936,0.0,0.0
T.Da,Orlando Magic,[[0.08239064]],[0.],[0.],[0.],[[0.]],0.0,0.0,0.02327641472220421,0.06391068547964096,0.0
U.Chomche,Toronto Raptors,[[0.5260495]],[0.],[0.],[0.00107109],[[1.041645]],0.0,0.0,0.0,0.11009036004543304,0.0
P.Larsson,Miami Heat,[[0.595333]],[0.],[0.],[0.0246204],[[1.6994972]],0.0,0.018305428326129913,0.006139330565929413,0.11345495283603668,0.0
D.Reath,Portland Trail Blazers,[[3.9307554]],[1.24929144],[1.07],[1.0175967],[[2.3664453]],1.1148353966304434,1.164685606956482,1.0962458848953247,1.209667682647705,1.035
R.Rupert,Portland Trail Blazers,[[0.55413944]],[0.16360552],[0.],[0.],[[1.917482]],0.0,0.0,0.01061897911131382,0.13202930986881256,0.0
S.Hauser,Boston Celtics,[[0.6694434]],[0.84180475],[1.],[0.99650055],[[2.1241047]],0.3932835271385198,0.5489321947097778,0.9201297760009766,0.7633192539215088,1.05
B.James,Los Angeles Lakers,[[0.18629034]],[0.],[0.],[0.01405817],[[0.]],0.0,0.0,0.0,0.05991285666823387,0.0
