PlayerName,PlayerTeam,PlayerPredictions_DNN_Pts,PlayerPredictions_MLP_Pts,PlayerPredictions_RF_Pts,PlayerPredictions_XGB_Pts,PlayerPredictions_LSTM_Pts,PlayerPredictions_MLP_window_Pts,PlayerPredictions_DNN_window_Pts,PlayerPredictions_XGB_window_Pts,PlayerPredictions_LSTM_window_Pts,PlayerPredictions_RF_window_Pts
D.DiVincenzo,Minnesota Timberwolves,[[8.697389]],[9.90724354],[9.21],[9.342032],[[11.326482]],8.658624749827228,8.691337585449219,7.795349597930908,8.92300033569336,7.885
A.Jackson,Milwaukee Bucks,[[0.22041965]],[0.35417008],[1.99],[1.8379276],[[3.9084997]],1.8884662689100065,1.719242811203003,2.3705310821533203,2.463721752166748,2.3
J.Landale,Houston Rockets,[[2.6412356]],[5.94086976],[6.345],[6.214314],[[6.4267387]],7.480076865827223,6.875288486480713,7.778989791870117,5.980755805969238,9.26
J.McVeigh,Houston Rockets,[[5.702665]],[1.86726816],[2.85],[2.6186168],[[0.01029018]],2.9721016017147712,2.1946332454681396,2.1556873321533203,0.7193859219551086,2.835
J.Tate,Houston Rockets,[[1.7332374]],[2.7990119],[3.76],[3.9957278],[[4.090125]],3.304140205247865,3.2121543884277344,3.3881800174713135,4.071934700012207,3.56
S.Adams,Houston Rockets,[[3.3288183]],[4.38007797],[4.555],[4.2357745],[[5.9488053]],4.124455212862628,4.206212997436523,4.140860557556152,4.5825653076171875,4.35
R.Sheppard,Houston Rockets,[[0.16107342]],[2.24020499],[2.88],[2.6016316],[[2.5485802]],2.7000130529666038,3.027848720550537,3.4516096115112305,3.3012614250183105,2.93
A.Thompson,Houston Rockets,[[4.5963206]],[7.90930187],[8.19],[8.198792],[[8.198876]],8.170361565660999,8.795369148254395,8.320796012878418,7.103638648986816,8.99
I.Zubac,Los Angeles Clippers,[[19.47082]],[18.76251843],[19.2],[18.872528],[[15.099]],19.085216959322604,17.842405319213867,18.728782653808594,16.203548431396484,20.435
N.Powell,Los Angeles Clippers,[[23.399494]],[24.85442338],[22.86],[23.619856],[[15.6725025]],25.781394765649996,23.38068389892578,25.955747604370117,22.904491424560547,24.035
G.Harris,Orlando Magic,[[1.280198]],[2.39346195],[3.465],[2.689968],[[6.7058806]],4.905000806931466,4.44271183013916,4.198935508728027,3.202151298522949,4.365
A.Black,Orlando Magic,[[6.567804]],[10.11821111],[9.425],[9.116283],[[11.476296]],7.862914105572001,8.497632026672363,8.714920997619629,7.927238941192627,5.925
K.Dunn,Los Angeles Clippers,[[4.5531607]],[7.73791763],[7.565],[7.6298137],[[11.221351]],6.563545507275628,6.829900741577148,7.188302040100098,6.061914920806885,6.27
J.McDaniels,Minnesota Timberwolves,[[7.8442836]],[9.87661333],[11.365],[11.620669],[[10.918625]],8.574477517508447,8.762811660766602,8.673380851745605,8.101921081542969,9.69
B.Portis,Milwaukee Bucks,[[9.26787]],[12.1500113],[11.34],[11.477824],[[10.251496]],10.726434163157103,11.048140525817871,11.025151252746582,9.687315940856934,10.825
P.Connaughton,Milwaukee Bucks,[[3.0942307]],[5.4702084],[6.47],[6.869698],[[5.053622]],4.258877600377722,4.813501834869385,4.232998371124268,5.632641792297363,3.565
R.Rollins,Milwaukee Bucks,[[0.15849757]],[0.],[2.16],[2.9555876],[[1.9571517]],2.3148536024616155,2.6276025772094727,2.2943005561828613,2.4088118076324463,2.245
T.Smith,Milwaukee Bucks,[[0.48006573]],[0.50736103],[2.355],[2.6481662],[[1.8217872]],1.805670424723638,1.8930177688598633,2.0039641857147217,2.545919179916382,2.485
M.Beauchamp,Milwaukee Bucks,[[3.4793391]],[0.45897097],[2.175],[2.2956555],[[0.]],2.622193490875784,2.3535423278808594,2.1608147621154785,1.5768619775772095,2.905
L.Robbins,Milwaukee Bucks,[[0.81193197]],[0.94448909],[2.39],[2.4868975],[[0.30811718]],2.9318101141117943,2.7769432067871094,2.2424938678741455,2.339890956878662,2.045
R.Dillingham,Minnesota Timberwolves,[[1.4367728]],[2.16391101],[2.37],[3.2141216],[[5.0074296]],3.5137273482812397,2.8090662956237793,3.805324077606201,3.7108383178710938,4.36
D.Clingan,Portland Trail Blazers,[[3.8391438]],[4.83682598],[5.475],[5.353414],[[6.3854756]],5.285142406517983,7.864152431488037,5.543181896209717,4.424287796020508,6.285
P.Dozier,Minnesota Timberwolves,[[0.05931237]],[0.],[1.86],[1.5224423],[[4.8065977]],1.7745855769799106,1.4498236179351807,1.5253885984420776,1.5659505128860474,1.57
T.Shannon,Minnesota Timberwolves,[[1.3357574]],[0.],[2.08],[2.04141],[[8.314593]],1.8021656180010504,2.1477174758911133,1.490122675895691,2.1244707107543945,0.765
M.Conley,Minnesota Timberwolves,[[6.0995584]],[9.2954603],[7.955],[8.789437],[[11.0010805]],7.331917149044148,7.806937217712402,7.670857906341553,8.35034465789795,8.425
J.Howard,Orlando Magic,[[2.8117893]],[3.23854471],[3.98],[4.3415694],[[5.9103866]],3.6391332946817907,4.115835189819336,2.6447577476501465,4.508709907531738,2.72
C.Houstan,Orlando Magic,[[0.11461378]],[0.],[1.725],[2.0399826],[[1.4114733]],2.3026606897356117,1.7883071899414062,2.3530125617980957,1.2907027006149292,1.345
C.Joseph,Orlando Magic,[[2.4291995]],[1.66834532],[3.315],[2.9848864],[[4.944661]],2.3433867297336124,3.214707851409912,2.0134615898132324,3.628290891647339,2.745
J.Nowell,New Orleans Pelicans,[[2.397076]],[5.19043642],[4.315],[4.097378],[[3.381307]],7.844452517349124,4.743597984313965,7.048283100128174,4.6333489418029785,9.055
T.Jemison,New Orleans Pelicans,[[5.400807]],[3.03907518],[3.895],[3.42831],[[5.593147]],0.8113847565687531,3.2576889991760254,1.2694700956344604,3.7101290225982666,0.63
J.Harden,Los Angeles Clippers,[[25.537645]],[26.87882374],[26.22],[25.897678],[[15.895551]],24.180338447339373,22.35561180114746,23.73316192626953,22.38837432861328,24.25
D.Jones,Los Angeles Clippers,[[10.926245]],[13.41173538],[13.22],[12.651292],[[14.03724]],11.57384262445584,10.816368103027344,11.7337064743042,9.49227523803711,11.085
T.Mann,Los Angeles Clippers,[[3.1639438]],[3.98204375],[3.315],[3.5312185],[[7.747633]],4.072654424723578,2.7936410903930664,4.1117329597473145,4.246333599090576,6.585
D.Brooks,Houston Rockets,[[11.335612]],[10.36443199],[9.18],[9.989523],[[13.227086]],11.862501095202544,12.392769813537598,12.142776489257812,9.659151077270508,16.2
S.Umude,Milwaukee Bucks,[[3.098079]],[2.04772916],[2.47],[2.5731254],[[4.935175]],1.882771830140435,1.6753027439117432,1.771761178970337,3.8249166011810303,0.63
M.Bridges,New York Knicks,[[18.334665]],[17.99402757],[17.54],[17.443258],[[15.3405695]],17.15629814932502,16.410598754882812,16.79956817626953,15.590310096740723,16.75
J.Sims,New York Knicks,[[2.2487411]],[1.884152],[2.245],[2.7900398],[[2.3390343]],1.431740446352157,2.1252102851867676,1.9763740301132202,2.5643436908721924,1.285
M.Ryan,New York Knicks,[[3.0411568]],[2.12327225],[3.06],[3.0787587],[[4.600253]],4.037399938148878,4.062559604644775,3.3790507316589355,3.710277557373047,3.11
M.Wagner,Orlando Magic,[[6.5919285]],[9.86361372],[11.035],[10.812236],[[7.084327]],11.154784366734772,10.684734344482422,11.042997360229492,9.755975723266602,8.65
C.Anthony,Orlando Magic,[[1.2479941]],[3.37204613],[3.495],[3.4751291],[[2.3166623]],1.8277936920017857,2.2689175605773926,1.7357045412063599,3.019134283065796,2.0
J.Isaac,Orlando Magic,[[1.582324]],[4.26866682],[5.205],[4.855622],[[6.497852]],4.278383952400786,4.542458534240723,4.692212104797363,4.887633323669434,4.125
M.McBride,New York Knicks,[[10.668719]],[13.78152902],[12.885],[12.926525],[[13.275712]],12.23808519481249,11.98159122467041,12.361540794372559,11.19312572479248,10.41
T.Kolek,New York Knicks,[[4.6082106]],[5.32828106],[5.155],[4.943181],[[5.0514874]],4.809274326851453,4.735164642333984,4.966360092163086,4.560389518737793,5.36
D.Lillard,Milwaukee Bucks,[[20.114035]],[20.91905351],[21.195],[20.700918],[[14.952362]],22.605884056799667,21.9677734375,17.123119354248047,20.36219024658203,13.6
A.Green,Milwaukee Bucks,[[1.3236042]],[2.3775711],[3.12],[3.138095],[[5.041808]],3.951101587889557,3.217550277709961,4.043275833129883,3.967777729034424,3.225
P.Dadiet,New York Knicks,[[0.04768784]],[0.96764949],[2.325],[1.9663299],[[0.3511417]],1.5500178490329275,1.1436553001403809,1.4734091758728027,1.781617522239685,0.695
A.Hukporti,New York Knicks,[[0.22811094]],[0.],[0.],[0.],[[0.]],0.0,0.38103148341178894,0.12916697561740875,1.0424225330352783,0.0
F.VanVleet,Houston Rockets,[[15.40845]],[13.36757389],[12.81],[12.8428955],[[14.481967]],12.343334236503615,13.216235160827637,10.583460807800293,11.394692420959473,7.345
A.Sengun,Houston Rockets,[[15.580827]],[18.57677963],[15.435],[14.2060375],[[14.318083]],14.990159247792844,16.112417221069336,15.794429779052734,13.673911094665527,16.39
L.Garza,Minnesota Timberwolves,[[3.0834165]],[1.02699488],[2.005],[2.1480691],[[0.]],3.6078107310576093,2.523402214050293,3.066065788269043,1.0510051250457764,4.655
J.Hart,New York Knicks,[[15.295398]],[14.76968947],[16.175],[15.522268],[[14.895794]],13.485588868077878,13.403386116027832,13.326988220214844,12.860031127929688,13.08
O.Anunoby,New York Knicks,[[13.125489]],[12.2725015],[14.025],[13.275115],[[14.122456]],12.319240759963181,11.681917190551758,13.487948417663574,10.710097312927246,16.665
K.Towns,New York Knicks,[[19.35132]],[22.78328587],[24.3],[23.857128],[[15.652236]],22.268451796640143,21.244911193847656,22.66933822631836,19.36901092529297,22.785
J.Brunson,New York Knicks,[[24.261332]],[25.79768146],[27.71],[27.52464],[[15.0336895]],25.695036730317096,25.355178833007812,25.959373474121094,23.919857025146484,31.85
T.Hardaway,Detroit Pistons,[[12.596639]],[13.24138147],[13.79],[13.708195],[[13.914209]],13.720045245021714,15.825806617736816,15.59249496459961,11.473974227905273,15.515
M.Beasley,Detroit Pistons,[[10.460272]],[12.5593066],[11.77],[10.886654],[[10.605]],12.37584281543436,13.697283744812012,11.696613311767578,10.429058074951172,11.43
S.Fontecchio,Detroit Pistons,[[2.2059186]],[4.58159643],[4.965],[5.0175204],[[5.859146]],4.93671126415902,6.384975910186768,4.538461685180664,4.83026123046875,3.265
L.James,Los Angeles Lakers,[[20.405413]],[22.26169414],[21.2],[21.2734],[[15.292614]],21.89860172190489,21.316478729248047,20.857177734375,18.69466781616211,24.39
R.Hachimura,Los Angeles Lakers,[[15.884283]],[16.60889466],[15.38],[15.662106],[[14.580316]],15.459523493893558,15.428080558776855,15.675592422485352,13.39614486694336,11.325
A.Reaves,Los Angeles Lakers,[[16.804121]],[16.98430541],[16.19],[15.078606],[[15.130421]],17.164560439579052,16.28288459777832,16.709239959716797,14.425019264221191,11.4
K.Oubre,Philadelphia 76ers,[[17.072958]],[17.36298506],[17.81],[17.425228],[[13.149006]],18.260318575764106,18.068737030029297,18.335678100585938,15.279584884643555,15.665
G.Yabusele,Philadelphia 76ers,[[3.3569512]],[7.18228075],[7.705],[7.275214],[[9.454148]],7.038111828192774,7.675654411315918,7.638200283050537,6.9267120361328125,8.325
K.Martin,Philadelphia 76ers,[[5.486605]],[4.26951633],[4.4],[4.3548546],[[7.280488]],4.341851257320435,5.341542720794678,5.24429988861084,4.969098091125488,4.555
R.Council,Philadelphia 76ers,[[0.28792918]],[2.42114334],[2.615],[3.0428085],[[2.2938445]],4.052810957480989,3.000518321990967,4.023349285125732,3.5562894344329834,5.07
T.Harris,Detroit Pistons,[[13.053702]],[11.28964181],[11.125],[10.9292345],[[12.299517]],12.248287447184216,13.610109329223633,11.791248321533203,10.04881763458252,14.25
R.Westbrook,Denver Nuggets,[[7.40356]],[10.74420067],[9.63],[8.557973],[[8.824066]],8.770297299786067,9.353211402893066,7.867030143737793,8.57017993927002,5.755
H.Tyson,Denver Nuggets,[[0.7830875]],[1.79356003],[2.965],[3.078801],[[2.8124094]],2.6842991325350067,3.0694808959960938,2.481492757797241,2.18108868598938,2.085
Z.Nnaji,Denver Nuggets,[[0.3444311]],[0.53674574],[2.455],[2.3042676],[[2.9274058]],3.0737950413283563,2.9415054321289062,3.032019853591919,2.876220703125,2.6
P.Reed,Detroit Pistons,[[4.10126]],[6.29448664],[5.65],[5.369386],[[6.328621]],6.318410105010217,7.209329605102539,6.711680889129639,5.270707130432129,7.54
R.Holland,Detroit Pistons,[[1.8996966]],[5.3039957],[6.28],[5.7211194],[[5.1694837]],5.965526741906311,7.06282377243042,5.980449199676514,6.080564022064209,6.055
K.Lowry,Philadelphia 76ers,[[7.954146]],[8.77554463],[8.465],[8.679909],[[12.23639]],9.137680058494807,9.554844856262207,9.47590446472168,7.585622310638428,9.76
T.Bryant,Miami Heat,[[2.3406034]],[4.93758759],[5.795],[6.099575],[[6.6705384]],6.0489706476547855,6.057723045349121,5.972561359405518,5.6617655754089355,4.66
J.Butler,Washington Wizards,[[4.7382216]],[5.96771042],[6.45],[7.151866],[[7.996151]],6.197256699266254,5.853686332702637,6.2556304931640625,5.341480255126953,6.21
R.Holmes,Washington Wizards,[[2.3440688]],[1.60339573],[2.255],[2.5006022],[[1.064816]],3.5264069579183097,3.7197470664978027,3.8876562118530273,2.3221747875213623,5.48
A.Gill,Washington Wizards,[[0.33733523]],[0.],[2.29],[2.3685753],[[3.470063]],1.827300954017714,2.5129079818725586,2.3879880905151367,2.016573667526245,3.0
C.Cunningham,Detroit Pistons,[[26.818214]],[27.17434113],[27.665],[26.711296],[[15.562238]],27.359510156977628,29.620941162109375,26.091819763183594,24.216564178466797,24.065
I.Stewart,Detroit Pistons,[[3.449025]],[4.15697787],[4.2],[4.0733175],[[7.5030017]],3.4712294541416826,5.968533515930176,3.850442886352539,4.024095058441162,4.49
J.Strawther,Denver Nuggets,[[3.0024514]],[6.18428171],[6.7],[6.79239],[[7.336505]],7.101304678533607,7.997969150543213,7.361819744110107,6.172799587249756,6.76
B.Adebayo,Miami Heat,[[13.591733]],[16.04737546],[15.03],[14.811845],[[14.106811]],14.753226386046007,15.306436538696289,15.720253944396973,13.486940383911133,21.91
T.Rozier,Miami Heat,[[17.720276]],[19.07295943],[17.415],[17.469763],[[14.562011]],16.842532067165028,17.510578155517578,17.117284774780273,15.55049991607666,14.95
N.Jovic,Miami Heat,[[6.0281153]],[9.38667113],[9.58],[9.533564],[[10.780581]],8.600569794857698,9.4009428024292,8.403030395507812,8.313623428344727,5.235
J.Butler,Miami Heat,[[16.22801]],[17.67349343],[16.505],[17.036804],[[14.822699]],16.58985273160219,17.237098693847656,16.870763778686523,14.926655769348145,17.89
P.Larsson,Miami Heat,[[4.2474756]],[5.82055532],[6.255],[6.6363554],[[7.4142485]],7.18091414385485,7.35136604309082,7.110663890838623,6.333693981170654,5.86
D.Gafford,Dallas Mavericks,[[7.8745923]],[9.07555838],[9.2],[9.954426],[[9.588546]],9.034451666486321,9.464384078979492,9.499204635620117,8.215070724487305,7.895
S.Dinwiddie,Dallas Mavericks,[[0.47936186]],[2.15115367],[2.99],[2.2671485],[[4.69212]],3.5305321300906867,2.658947467803955,3.305630683898926,3.431002616882324,2.62
D.Powell,Dallas Mavericks,[[0.92302597]],[0.],[1.98],[1.7183862],[[1.0851418]],2.048710355054327,2.322903633117676,1.9800673723220825,1.576460599899292,2.025
Q.Grimes,Dallas Mavericks,[[0.3130259]],[1.33464995],[3.32],[2.2663605],[[2.6034176]],3.571825851401568,2.8558883666992188,4.140683650970459,1.9927469491958618,2.965
C.Braun,Denver Nuggets,[[14.6258745]],[13.49558006],[15.4],[14.6480665],[[14.10082]],13.914523729429755,14.607577323913574,14.111913681030273,11.56432056427002,13.78
J.Murray,Denver Nuggets,[[15.746944]],[15.93589926],[16.2],[15.920054],[[13.43514]],15.857157145011628,16.062728881835938,14.962556838989258,13.998319625854492,9.975
P.Watson,Denver Nuggets,[[1.0743641]],[3.25515468],[3.725],[3.566175],[[3.6665454]],3.8791330926083085,3.8053174018859863,3.4132752418518066,3.794402599334717,3.015
T.Herro,Miami Heat,[[19.598475]],[21.52766756],[21.64],[20.652178],[[15.008954]],20.608160307392666,21.322866439819336,20.605731964111328,18.256576538085938,18.765
R.O'Neale,Phoenix Suns,[[8.269378]],[11.57803168],[10.365],[10.342105],[[14.113965]],10.019693718334922,10.144055366516113,10.667153358459473,8.948287963867188,16.475
G.Allen,Phoenix Suns,[[5.4036894]],[8.37777009],[8.87],[8.784507],[[10.594492]],8.573273060482645,8.692766189575195,9.236117362976074,8.084501266479492,11.8
M.Plumlee,Phoenix Suns,[[5.298466]],[5.91801011],[6.545],[6.488631],[[6.35328]],4.467616221979846,5.852052211761475,5.1714887619018555,6.2264323234558105,6.035
J.Okogie,Phoenix Suns,[[11.731151]],[5.04906622],[5.755],[5.970305],[[5.7853184]],7.223936188419287,6.885042190551758,6.694213390350342,4.923313617706299,6.445
H.Highsmith,Miami Heat,[[1.0535421]],[2.79659402],[3.125],[2.8603218],[[7.7574177]],6.518967432996474,5.830438613891602,7.106760501861572,3.9173786640167236,9.815
J.Richardson,Miami Heat,[[1.5681028]],[2.58907278],[2.955],[2.4319484],[[6.122916]],3.326697780107242,2.593052387237549,3.670369863510132,3.284125804901123,6.625
D.Robinson,Miami Heat,[[3.5445898]],[6.56159273],[7.295],[5.3499374],[[5.224405]],6.331160163453443,6.939889907836914,6.127866268157959,6.168816089630127,7.925
N.Marshall,Dallas Mavericks,[[1.5262688]],[3.50881265],[4.015],[3.576543],[[6.8549542]],2.8595282779616342,3.231032371520996,3.1641180515289307,4.063136577606201,3.785
C.Porter,Cleveland Cavaliers,[[0.]],[0.],[1.42],[0.],[[2.28603]],1.447287284646293,1.8165032863616943,1.4619084596633911,1.908380150794983,1.57
P.George,Philadelphia 76ers,[[13.549661]],[16.60289917],[15.575],[15.605914],[[13.340359]],13.591167106187987,12.8550443649292,13.476755142211914,12.810956954956055,10.79
A.Drummond,Philadelphia 76ers,[[10.42515]],[10.74121242],[10.65],[10.6513195],[[10.256615]],8.40126696254723,9.071593284606934,8.53765869140625,7.944733142852783,6.26
J.McCain,Philadelphia 76ers,[[3.6529524]],[7.60596988],[7.295],[8.12944],[[7.0528903]],7.961028728243119,7.133151531219482,8.745718955993652,7.300843715667725,11.1
J.Hardy,Dallas Mavericks,[[0.8108349]],[2.17468961],[3.545],[3.0532668],[[2.315241]],3.553783334775459,3.1749720573425293,3.2903313636779785,2.1765310764312744,2.665
O.Prosper,Dallas Mavericks,[[0.]],[0.],[1.32],[0.],[[0.]],1.992434817084979,1.33799409866333,3.4001333713531494,0.5361734628677368,3.92
K.Edwards,Dallas Mavericks,[[0.06966135]],[0.31235173],[0.],[0.],[[0.]],0.19685403514661123,0.0,0.13594835996627808,0.0,0.0
T.Jones,Phoenix Suns,[[10.330574]],[11.04457053],[10.45],[10.121145],[[14.686135]],8.827705559377545,9.488276481628418,9.372466087341309,8.527856826782227,8.43
I.Okoro,Cleveland Cavaliers,[[1.2698133]],[2.31652054],[2.955],[2.7983813],[[5.730891]],2.9018846521719355,4.084383010864258,3.114173650741577,3.311922073364258,3.09
E.Mobley,Cleveland Cavaliers,[[17.720734]],[20.1035161],[21.2],[20.02919],[[14.361784]],18.833297241949673,18.66217613220215,19.061786651611328,16.52887725830078,21.475
D.Mitchell,Cleveland Cavaliers,[[22.658745]],[24.01176052],[25.59],[25.169025],[[14.863954]],23.13978686570683,23.381343841552734,22.368555068969727,21.395523071289062,24.325
T.Jerome,Cleveland Cavaliers,[[9.042861]],[11.34283426],[12.215],[11.964749],[[11.02801]],12.073411095280987,11.621076583862305,13.005572319030762,10.095508575439453,13.775
L.Doncic,Dallas Mavericks,[[27.394405]],[27.17664611],[25.97],[26.6308],[[15.33099]],28.246414730373193,27.333431243896484,28.009668350219727,25.956256866455078,27.815
K.Irving,Dallas Mavericks,[[25.073181]],[25.91680331],[23.575],[24.962387],[[15.898583]],25.632960678837115,24.61199378967285,26.90163803100586,22.28557586669922,26.89
K.Thompson,Dallas Mavericks,[[14.989131]],[16.096714],[14.645],[13.642191],[[14.493511]],15.803797034583987,14.660843849182129,15.440827369689941,13.680301666259766,14.255
G.Niang,Cleveland Cavaliers,[[3.2839618]],[5.38324293],[5.845],[6.0169477],[[7.1941586]],5.7401216078347455,6.884606838226318,6.347719669342041,5.220717430114746,5.735
D.Melton,Golden State Warriors,[[3.6967804]],[6.81844845],[6.755],[6.689615],[[6.5133243]],7.289932699750247,7.442239284515381,7.923550128936768,7.61465311050415,9.205
M.Moody,Golden State Warriors,[[8.347565]],[10.31244616],[11.405],[10.612882],[[9.315238]],11.370084262491844,12.69251823425293,10.761674880981445,9.646195411682129,9.865
K.Looney,Golden State Warriors,[[4.809792]],[6.2227597],[6.79],[6.7416215],[[7.363862]],5.515128557444344,6.585748195648193,5.361656665802002,5.894468784332275,3.28
K.Anderson,Golden State Warriors,[[0.81713074]],[4.40428291],[4.365],[4.194993],[[7.87548]],4.090278163797609,4.153988361358643,4.068755149841309,4.142509937286377,4.125
B.Beal,Phoenix Suns,[[17.861456]],[17.74111205],[17.67],[17.307806],[[15.479591]],16.775936740822775,16.440107345581055,16.835092544555664,15.035354614257812,17.46
D.Booker,Phoenix Suns,[[24.84638]],[25.67590699],[25.29],[25.10885],[[15.920078]],26.45119871739468,26.1324462890625,28.32659339904785,24.16381072998047,34.29
J.Nurkic,Phoenix Suns,[[7.4539223]],[9.10089824],[10.575],[10.087964],[[7.1849847]],8.976714251948595,8.900407791137695,9.032236099243164,7.956808567047119,10.025
J.Allen,Cleveland Cavaliers,[[15.800471]],[16.00306854],[18.555],[18.49841],[[15.059082]],17.754590911239628,16.785837173461914,17.279190063476562,14.45539379119873,19.405
S.Curry,Golden State Warriors,[[20.610384]],[23.73740163],[24.48],[23.293776],[[15.690257]],21.7666998275644,22.99740219116211,22.18514633178711,19.39624786376953,24.365
A.Wiggins,Golden State Warriors,[[12.270946]],[15.81929912],[14.04],[14.659005],[[13.588727]],15.737240289510467,16.7235050201416,16.12678337097168,13.775325775146484,11.34
D.Green,Golden State Warriors,[[4.1880856]],[7.6287995],[6.665],[6.1469083],[[12.617986]],6.09350529961246,7.177770614624023,6.066573619842529,5.238593101501465,10.56
T.Jackson-Davis,Golden State Warriors,[[8.834227]],[9.59348263],[9.27],[9.78348],[[10.92201]],9.866087048313885,10.618254661560059,10.14552116394043,7.984992027282715,12.295
C.LeVert,Cleveland Cavaliers,[[8.124437]],[12.71071021],[12.735],[11.821846],[[13.813637]],12.001247692802307,11.45531177520752,12.342301368713379,10.305107116699219,14.61
D.Wade,Cleveland Cavaliers,[[5.043303]],[6.01067644],[6.23],[5.5216928],[[11.34825]],7.109898974511734,7.642545700073242,7.408877849578857,5.635390281677246,6.99
S.Merrill,Cleveland Cavaliers,[[3.953292]],[4.98063262],[4.98],[4.891653],[[7.3660955]],5.553177112752195,6.270605564117432,5.840193748474121,5.18110466003418,4.975
B.Hield,Golden State Warriors,[[21.67069]],[23.58300319],[20.85],[21.344551],[[15.377574]],22.310110599232182,23.58504295349121,21.288883209228516,19.434162139892578,21.8
T.Gibson,Charlotte Hornets,[[3.8570738]],[5.27191118],[6.07],[6.3341565],[[4.2684956]],4.3948780507820215,4.811295509338379,4.21865701675415,5.512745380401611,2.945
K.Ware,Miami Heat,[[0.92103565]],[0.81889518],[2.005],[2.2325392],[[0.20610768]],3.6429004368055127,2.6539306640625,3.9337611198425293,1.5406627655029297,2.095
N.Jokic,Denver Nuggets,[[28.940529]],[30.85111445],[28.88],[29.464077],[[16.528759]],30.570592977681333,30.599323272705078,28.538835525512695,29.611785888671875,27.635
M.Porter,Denver Nuggets,[[17.18832]],[15.24241125],[14.925],[15.37002],[[14.588813]],15.584427565941208,15.884757041931152,17.366960525512695,13.304142951965332,20.785
G.Santos,Golden State Warriors,[[0.34731513]],[0.68046928],[2.255],[2.6127453],[[0.08564769]],2.0353261219757046,2.5444016456604004,1.7933589220046997,2.104774236679077,2.13
L.Waters,Golden State Warriors,[[3.8423142]],[7.23474263],[7.96],[5.9442763],[[10.767499]],8.344135073047559,8.174115180969238,8.452510833740234,6.301339626312256,6.51
D.Garland,Cleveland Cavaliers,[[16.823864]],[19.1548345],[17.435],[17.744066],[[13.897643]],17.565710904541262,17.679401397705078,18.52983856201172,15.672477722167969,14.5
N.Smith,Charlotte Hornets,[[1.3171991]],[1.36148548],[2.135],[2.2831182],[[0.40168384]],3.343381079292564,2.72847843170166,3.0520200729370117,1.7461107969284058,1.41
J.Walker,Indiana Pacers,[[0.96628]],[3.06372553],[3.05],[3.3287942],[[2.5070019]],4.800868221926523,3.831368923187256,4.379387855529785,3.626676559448242,4.27
E.Freeman,Indiana Pacers,[[0.76910967]],[0.62544671],[2.375],[2.204332],[[1.0869914]],2.294528330049416,2.351284980773926,2.644576072692871,2.194270372390747,1.465
J.Furphy,Indiana Pacers,[[0.]],[0.39036028],[0.],[0.],[[0.]],0.10500636004400851,0.096120685338974,0.12657076120376587,0.0,0.0
J.Johnson,Indiana Pacers,[[1.3370752]],[0.],[2.16],[2.1573179],[[1.3929222]],1.2271680454169078,2.1310548782348633,1.4519294500350952,1.6009799242019653,1.12
G.Payton,Golden State Warriors,[[1.6856366]],[4.70378139],[5.015],[4.6893973],[[6.57371]],5.6360543325209385,5.314506530761719,5.625290870666504,5.2169599533081055,6.4
J.Kuminga,Golden State Warriors,[[7.964631]],[10.72593373],[10.525],[10.761984],[[9.051611]],11.374061231079082,11.53397274017334,11.71204662322998,9.799169540405273,13.985
B.Podziemski,Golden State Warriors,[[8.728403]],[10.60560591],[9.08],[8.823503],[[11.912863]],10.105924999173915,9.992634773254395,10.491557121276855,9.272466659545898,13.07
J.Green,Charlotte Hornets,[[4.921688]],[6.85257617],[7.08],[7.4993596],[[9.439958]],7.257291699712943,6.401341915130615,7.798252105712891,6.828976631164551,8.22
J.Walsh,Boston Celtics,[[0.06992624]],[0.],[1.785],[1.973832],[[2.694355]],1.4910518274838167,1.3660184144973755,2.2174270153045654,1.743759274482727,2.525
B.Mathurin,Indiana Pacers,[[10.321889]],[12.38367779],[13.735],[13.17241],[[11.749478]],16.020625272562892,14.273509979248047,17.145048141479492,12.736430168151855,23.615
T.Haliburton,Indiana Pacers,[[15.350757]],[14.59131882],[13.365],[13.066164],[[13.710416]],15.06654462674321,13.107793807983398,14.545012474060059,12.79614543914795,15.655
P.Siakam,Indiana Pacers,[[19.190527]],[21.47797037],[20.925],[21.559391],[[15.553816]],21.32345154867685,19.425045013427734,20.850807189941406,17.977928161621094,24.16
C.Martin,Charlotte Hornets,[[5.816678]],[9.55784391],[9.29],[8.962272],[[11.370052]],10.570367924298743,8.792234420776367,10.749755859375,8.916343688964844,7.91
S.Curry,Charlotte Hornets,[[7.4726624]],[8.91498175],[9.23],[9.48671],[[10.963641]],9.196575528623244,8.389359474182129,9.806650161743164,8.469687461853027,9.02
J.Rhoden,Charlotte Hornets,[[2.7863002]],[1.73501724],[2.095],[2.229675],[[1.2448925]],2.462222303987483,2.6625490188598633,2.121706247329712,2.467376708984375,0.885
Q.Jackson,Indiana Pacers,[[1.9990342]],[4.97377151],[5.615],[5.492242],[[8.736541]],4.325348252756957,3.9068431854248047,4.85172700881958,5.395071029663086,6.655
D.White,Boston Celtics,[[18.384678]],[19.45584427],[19.495],[18.485691],[[15.7655]],18.597085754652188,17.963932037353516,19.2603702545166,16.825210571289062,21.86
A.Len,Sacramento Kings,[[0.46640658]],[0.91773967],[2.6],[2.3540237],[[4.286621]],1.1966237490689147,2.208998203277588,1.4122449159622192,2.7338898181915283,0.765
D.Theis,New Orleans Pelicans,[[1.5537962]],[3.64366104],[4.1],[4.3960805],[[5.072566]],3.9479915656742834,4.001770496368408,4.057631969451904,4.517500400543213,1.76
K.Murray,Sacramento Kings,[[15.242663]],[13.2258386],[14.72],[14.738918],[[13.961091]],13.779003266357021,13.909149169921875,12.981633186340332,11.777207374572754,13.32
B.Miller,Charlotte Hornets,[[15.090528]],[18.2976444],[14.895],[14.748348],[[14.492724]],16.721971046435797,14.191490173339844,17.86266326904297,14.443443298339844,23.525
L.Ball,Charlotte Hornets,[[29.025953]],[28.27649571],[31.135],[30.186987],[[15.243207]],30.23170080886248,27.635913848876953,29.928295135498047,27.852825164794922,29.0
T.Salaun,Charlotte Hornets,[[1.4793876]],[2.58398207],[3.065],[2.4594336],[[5.21691]],3.2642044382636826,2.9585561752319336,3.2247490882873535,3.624760866165161,3.94
N.Queta,Boston Celtics,[[2.2152376]],[2.66654179],[3.85],[3.4625323],[[2.5856044]],5.247681590485814,3.37542724609375,6.058504581451416,3.8476431369781494,8.22
K.Ellis,Sacramento Kings,[[1.8944355]],[6.2928084],[5.42],[5.3246245],[[10.260413]],5.748332529275319,6.084874153137207,6.467907428741455,5.368969917297363,7.225
T.Thompson,Cleveland Cavaliers,[[2.0537531]],[1.3195198],[2.145],[2.3494716],[[1.2263584]],2.956101208525685,4.090356826782227,2.4436240196228027,2.5966553688049316,1.52
J.Tyson,Cleveland Cavaliers,[[0.0964737]],[0.80674879],[1.99],[2.0313916],[[0.]],2.5855962493218136,2.9890527725219727,2.1971099376678467,1.504782795906067,1.965
K.Durant,Phoenix Suns,[[26.316788]],[25.62130895],[26.65],[26.094372],[[15.819923]],26.996178766599296,27.387819290161133,26.34640121459961,23.99301528930664,21.7
M.Turner,Indiana Pacers,[[13.825714]],[14.58490356],[15.33],[15.2165985],[[11.962498]],15.065319365307394,13.699895858764648,14.454426765441895,12.11209487915039,13.1
B.Sheppard,Indiana Pacers,[[0.95086306]],[3.17818812],[3.6],[4.3410354],[[5.415829]],5.238159958727175,4.500367641448975,5.161083221435547,4.000542640686035,5.81
O.Toppin,Indiana Pacers,[[6.055632]],[10.64027439],[11.16],[10.7785845],[[11.949321]],11.410690619944054,9.992345809936523,11.907099723815918,9.678452491760254,15.345
K.Johnson,Brooklyn Nets,[[1.6920022]],[3.78795835],[3.88],[3.4082978],[[2.9028764]],4.3229840660586465,2.869537353515625,3.878275156021118,3.803497314453125,6.54
D.DeRozan,Sacramento Kings,[[21.67969]],[21.4860911],[23.775],[22.812956],[[15.622518]],24.314152739089224,24.17932891845703,24.295909881591797,20.199520111083984,25.15
N.Claxton,Brooklyn Nets,[[8.857415]],[9.47067539],[9.615],[9.244179],[[11.223948]],9.520543657918038,9.610017776489258,10.164726257324219,7.999449253082275,11.45
B.Simmons,Brooklyn Nets,[[9.098946]],[9.17998242],[7.545],[7.1234183],[[10.765168]],6.031513969361296,6.601583003997803,6.381807327270508,6.033406734466553,7.26
J.Wilson,Brooklyn Nets,[[3.479125]],[6.63009192],[7.55],[7.83131],[[8.612729]],7.859818134752217,7.0259904861450195,8.796623229980469,7.4762773513793945,10.665
D.Fox,Sacramento Kings,[[22.758791]],[23.1185215],[22.565],[23.365597],[[15.143962]],24.096122876099017,23.766443252563477,25.006290435791016,20.615699768066406,28.675
D.Sabonis,Sacramento Kings,[[20.91904]],[21.7418896],[22.88],[21.731815],[[15.775558]],22.94739324057319,23.03587532043457,23.086204528808594,19.13280487060547,19.815
K.Huerter,Sacramento Kings,[[8.550807]],[11.24904674],[10.695],[10.100011],[[12.933699]],11.347504005245344,11.069960594177246,11.083566665649414,9.234952926635742,9.77
M.Monk,Sacramento Kings,[[8.356779]],[12.32547356],[11.74],[11.574189],[[12.460385]],11.398264352787532,11.712883949279785,11.451703071594238,10.363755226135254,9.97
J.Holiday,Boston Celtics,[[10.166969]],[12.49732659],[13.835],[13.399706],[[12.569825]],11.555903734561685,11.682217597961426,11.332104682922363,10.451912879943848,9.175
O.Dieng,Oklahoma City Thunder,[[2.3935444]],[5.77622539],[6.965],[6.6280704],[[7.621457]],6.491813192390337,6.619023323059082,6.6828436851501465,6.731905937194824,8.875
M.Leons,Oklahoma City Thunder,[[0.]],[0.],[1.405],[1.5332139],[[0.]],1.3109933949863688,1.8382850885391235,0.8761556148529053,0.8445779085159302,0.415
B.Boston,New Orleans Pelicans,[[3.1568549]],[8.53765302],[7.185],[7.0636563],[[10.230727]],9.476256643510762,8.811074256896973,11.17931079864502,8.197977066040039,13.93
P.Pritchard,Boston Celtics,[[17.030434]],[16.93758009],[17.57],[16.318972],[[14.564866]],15.55585478982677,15.370306015014648,16.622997283935547,14.494083404541016,16.33
C.Johnson,Brooklyn Nets,[[15.01173]],[14.48470411],[14.475],[14.332402],[[14.493541]],14.180921716305779,13.775796890258789,14.311640739440918,12.629240036010742,14.635
C.Thomas,Brooklyn Nets,[[24.03874]],[24.54822407],[25.805],[26.469088],[[14.993075]],27.691260441125376,27.791921615600586,26.43120002746582,25.188308715820312,23.365
N.Batum,Los Angeles Clippers,[[1.5265952]],[3.80777691],[4.125],[4.0310884],[[9.948012]],2.6715454802889944,2.278980255126953,3.9036309719085693,3.5370981693267822,4.04
D.Finney-Smith,Brooklyn Nets,[[8.168197]],[9.65425202],[9.735],[8.667961],[[12.630422]],9.704358394072575,8.729155540466309,9.593179702758789,8.640231132507324,8.21
S.Gilgeous-Alexander,Oklahoma City Thunder,[[23.511005]],[27.0261497],[26.255],[26.463942],[[16.024414]],26.58590198589226,26.111730575561523,26.23062515258789,25.805755615234375,29.245
C.Wallace,Oklahoma City Thunder,[[4.905367]],[8.82764388],[7.11],[7.034368],[[12.086277]],7.925450431558642,8.682188034057617,8.128589630126953,6.549386024475098,10.735
L.Dort,Oklahoma City Thunder,[[8.461996]],[11.27325434],[9.705],[9.4845915],[[13.700337]],11.058543477301342,10.881190299987793,11.257696151733398,9.032855987548828,10.53
Z.Williams,Brooklyn Nets,[[7.7309017]],[11.83508533],[12.995],[11.872324],[[11.734406]],11.505292383376373,10.996316909790039,12.039188385009766,9.886137962341309,14.57
I.Joe,Oklahoma City Thunder,[[5.351046]],[7.01276801],[8.335],[8.391402],[[7.673851]],7.29402522725022,7.580685615539551,7.883181095123291,7.616310119628906,9.99
A.Mitchell,Oklahoma City Thunder,[[1.2440305]],[4.241408],[3.755],[3.9852402],[[5.09513]],4.7061530516672265,4.904611110687256,4.879184246063232,4.729538917541504,6.425
J.Tatum,Boston Celtics,[[28.710793]],[29.98767117],[30.2],[29.582136],[[16.317389]],30.498994887669568,29.4061222076416,29.054758071899414,29.569194793701172,33.72
D.Jones,Oklahoma City Thunder,[[0.]],[0.],[1.63],[1.5735497],[[0.]],2.6442801230023956,1.630204677581787,2.593648910522461,0.922649085521698,4.28
G.Williams,Charlotte Hornets,[[7.9283314]],[9.91178439],[9.615],[9.330451],[[12.265851]],9.457443608310427,8.697734832763672,9.831618309020996,8.432517051696777,7.95
M.Diabate,Charlotte Hornets,[[2.158827]],[2.86506384],[3.555],[2.743291],[[3.5730548]],4.052286648538984,2.5028281211853027,3.7584009170532227,3.8425002098083496,3.775
T.Mann,Charlotte Hornets,[[19.065212]],[21.13142926],[21.835],[21.404987],[[14.29974]],21.73524021006891,18.780155181884766,22.81814193725586,18.328685760498047,22.54
A.Holiday,Houston Rockets,[[0.22187892]],[0.71272278],[2.09],[2.334424],[[3.4733882]],2.960336904464421,2.7193870544433594,3.153308153152466,2.932614803314209,3.045
J.Green,Houston Rockets,[[27.142538]],[27.78450489],[25.7],[25.964426],[[15.7986555]],27.990311421297037,28.083166122436523,27.386842727661133,26.143539428710938,25.805
D.Schroder,Brooklyn Nets,[[23.909687]],[24.68673603],[25.23],[25.68757],[[15.814751]],24.71903256060816,24.96117401123047,25.313411712646484,21.874752044677734,28.71
C.Holmgren,Oklahoma City Thunder,[[15.2346325]],[19.61998463],[20.025],[18.986317],[[15.487143]],18.835594993190114,18.486614227294922,18.114858627319336,16.602100372314453,12.245
A.Reeves,New Orleans Pelicans,[[3.7746336]],[1.63416208],[2.03],[2.3282127],[[0.13237561]],2.547046805119906,1.7847753763198853,1.7434067726135254,0.9682521820068359,2.385
J.Alvarado,New Orleans Pelicans,[[1.9356818]],[5.90704508],[4.925],[5.1953273],[[8.660608]],5.427610541679489,5.628986358642578,5.93986177444458,5.3147292137146,11.355
A.Wiggins,Oklahoma City Thunder,[[4.7784967]],[8.99932982],[10.005],[10.359542],[[9.255254]],9.614615727683239,9.957818031311035,10.011786460876465,8.65943717956543,11.53
J.Smith,Houston Rockets,[[10.227237]],[11.55841341],[13.35],[12.822812],[[13.295933]],11.888628652240536,12.723832130432129,11.898236274719238,10.06786823272705,13.24
T.Eason,Houston Rockets,[[3.719508]],[9.11925506],[8.2],[7.116111],[[12.397561]],8.685046490399264,8.648612976074219,9.601483345031738,7.366436004638672,11.99
A.Caruso,Oklahoma City Thunder,[[1.4225149]],[1.7450036],[2.11],[2.202058],[[7.974302]],2.037278480853553,2.4219183921813965,2.3112189769744873,3.299156427383423,4.275
J.Robinson-Earl,New Orleans Pelicans,[[0.6848238]],[2.17126234],[3.915],[3.4492881],[[3.5882769]],4.891061951864925,4.0878448486328125,5.683094501495361,3.4593865871429443,6.245
F.Wagner,Orlando Magic,[[14.056003]],[17.78048417],[15.405],[15.924003],[[14.694788]],17.09487650076121,16.1400089263916,17.960214614868164,15.420819282531738,13.285
J.Suggs,Orlando Magic,[[16.482576]],[19.40359169],[17.435],[17.727041],[[15.133252]],16.246045594043903,15.920658111572266,16.54070472717285,15.256648063659668,18.21
J.Cain,New Orleans Pelicans,[[1.8432004]],[5.16750029],[6.32],[6.059564],[[5.660541]],5.639069380879362,5.373959541320801,5.661482810974121,6.16206169128418,3.25
J.Williams,Oklahoma City Thunder,[[17.312248]],[20.39370977],[19.275],[18.195866],[[15.088509]],17.438854499932024,18.188732147216797,17.362125396728516,15.997923851013184,19.54
J.Green,New Orleans Pelicans,[[3.2048979]],[4.9587982],[6.33],[5.772054],[[9.671897]],5.405048201789892,5.767086505889893,5.484019756317139,4.855310440063477,5.64
T.Lyles,Sacramento Kings,[[1.895604]],[3.54747655],[3.79],[3.98561],[[6.873611]],3.312752552946316,3.7351431846618652,3.143028736114502,4.3657684326171875,4.31
Y.Missi,New Orleans Pelicans,[[6.07331]],[7.43598309],[6.57],[6.609509],[[8.116776]],6.6729292639798645,7.0729241371154785,6.842620372772217,6.28170919418335,3.29
B.Ingram,New Orleans Pelicans,[[20.380997]],[22.24666267],[21.4],[21.706585],[[15.139048]],22.41655525627554,22.00442886352539,22.08747673034668,19.57054901123047,18.73
A.Horford,Boston Celtics,[[7.1335425]],[9.73365861],[8.525],[8.796117],[[12.670893]],8.590991212770394,8.769206047058105,9.238842964172363,7.503818988800049,9.23
X.Tillman,Boston Celtics,[[0.68289906]],[2.81635481],[3.125],[3.311623],[[4.06743]],2.218166914424625,2.3181519508361816,2.8094968795776367,3.3227484226226807,1.0
S.Hauser,Boston Celtics,[[5.2788353]],[7.498602],[8.59],[8.547645],[[8.87324]],7.1817654976530045,7.124629020690918,7.862339019775391,7.869837284088135,8.135
T.Da,Orlando Magic,[[3.1197295]],[6.47795408],[5.995],[5.6439767],[[8.973387]],7.374746137197809,7.159912586212158,7.772400856018066,5.986478805541992,6.18
G.Bitadze,Orlando Magic,[[2.4416776]],[4.76589497],[6.175],[6.2322125],[[5.1502647]],4.916737965487431,4.981091022491455,5.58268928527832,5.7278008460998535,7.625
K.Caldwell-Pope,Orlando Magic,[[5.338289]],[3.78954722],[5.035],[4.2116776],[[10.639075]],5.309547273481923,5.386715412139893,5.281545162200928,5.030770778656006,7.21
D.Banton,Portland Trail Blazers,[[8.070289]],[6.47082356],[5.405],[6.196111],[[5.7980075]],6.524044313856752,8.786153793334961,6.807837009429932,5.196592807769775,8.18
K.Murray,Portland Trail Blazers,[[1.1905944]],[4.97356747],[5.15],[5.444689],[[7.0444794]],5.14170491938594,7.578674793243408,5.3473801612854,4.911988735198975,5.085
G.Antetokounmpo,Milwaukee Bucks,[[26.53859]],[27.85743934],[32.77],[32.46122],[[15.811131]],30.381911460889068,30.813941955566406,28.56391716003418,28.565994262695312,33.595
T.Prince,Milwaukee Bucks,[[7.477366]],[7.70754473],[8.4],[8.283782],[[12.427843]],7.015794333187226,8.087449073791504,7.756979942321777,6.204166412353516,6.41
B.Lopez,Milwaukee Bucks,[[10.032967]],[11.99084307],[12.38],[11.6114435],[[13.039351]],10.842081154920116,11.15378475189209,10.854513168334961,9.910396575927734,12.035
A.Edwards,Minnesota Timberwolves,[[32.078167]],[29.08451743],[28.85],[30.015299],[[15.36851]],30.299384205280663,30.00200080871582,30.856996536254883,27.896591186523438,30.835
C.Castleton,Memphis Grizzlies,[[0.]],[0.19726017],[0.],[0.],[[0.]],0.6136009045305291,1.1271553039550781,0.1731630265712738,1.9682174921035767,0.0
R.Gobert,Minnesota Timberwolves,[[14.77444]],[11.11171771],[10.85],[11.1805105],[[13.634709]],10.708557897799436,11.210693359375,11.221306800842285,8.993353843688965,13.47
A.Simons,Portland Trail Blazers,[[19.218758]],[19.82119101],[19.96],[19.974592],[[14.394178]],20.223555453174725,20.972360610961914,19.680862426757812,18.034027099609375,22.925
T.Camara,Portland Trail Blazers,[[7.5534053]],[9.470582],[8.14],[8.365558],[[13.410687]],8.381907628388612,10.431389808654785,8.746113777160645,7.089930057525635,10.665
N.Alexander-Walker,Minnesota Timberwolves,[[7.487165]],[9.85241304],[9.24],[9.689252],[[12.41699]],8.976874117663248,9.044883728027344,9.330641746520996,7.970053672790527,8.245
N.Reid,Minnesota Timberwolves,[[10.162155]],[13.79606748],[14.015],[13.733449],[[13.333314]],13.89630380026242,13.40349292755127,14.446109771728516,12.121759414672852,14.655
J.Minott,Minnesota Timberwolves,[[0.5602733]],[0.44116357],[2.43],[2.482565],[[1.2223359]],2.286282325243538,2.1998565196990967,2.221364974975586,1.1000194549560547,2.39
S.Sharpe,Portland Trail Blazers,[[4.855425]],[8.50716151],[9.88],[9.2764635],[[8.209943]],9.848730510947183,10.569533348083496,9.686161994934082,8.59691047668457,7.815
J.Wells,Memphis Grizzlies,[[4.2780323]],[8.40977799],[8.66],[7.6304693],[[7.439014]],8.097691876122633,7.488753318786621,8.094827651977539,7.877500057220459,8.51
R.Williams,Portland Trail Blazers,[[10.905252]],[12.96935143],[12.395],[12.839445],[[14.50125]],13.456951018317762,13.076889038085938,13.645560264587402,11.690287590026855,13.115
J.LaRavia,Memphis Grizzlies,[[4.754312]],[6.81033002],[7.21],[7.5753517],[[9.320497]],6.5027151727953685,5.6438422203063965,6.691226482391357,6.108778953552246,4.415
Z.Edey,Memphis Grizzlies,[[5.249885]],[6.66624189],[7.545],[7.8308516],[[5.2212934]],8.716191200522987,7.365259170532227,9.324761390686035,7.979510307312012,11.57
R.Rupert,Portland Trail Blazers,[[2.5627918]],[6.97934869],[5.965],[5.370747],[[10.095126]],6.903788529337574,8.394941329956055,8.024616241455078,5.384006500244141,8.91
J.Walker,Portland Trail Blazers,[[0.3255339]],[2.21879462],[2.17],[2.1075714],[[3.3839128]],5.05952230790806,6.119795322418213,5.076243877410889,3.74719500541687,5.705
J.Randle,Minnesota Timberwolves,[[21.826765]],[23.1179423],[24.225],[24.65536],[[15.754912]],23.612507306405384,22.208581924438477,23.701190948486328,20.142559051513672,22.235
Y.Kawamura,Memphis Grizzlies,[[0.]],[0.],[0.],[0.20262797],[[0.]],0.8308445680731034,0.21344704926013947,0.4339357614517212,0.3911483883857727,0.0
J.Davis,Washington Wizards,[[0.88744354]],[0.8904457],[2.32],[2.1980822],[[1.718748]],4.168541773525474,3.693470001220703,4.224507808685303,2.2577931880950928,4.84
J.Grant,Portland Trail Blazers,[[18.471134]],[19.52579048],[16.69],[17.072306],[[14.54831]],18.39537748737133,18.851224899291992,16.82646369934082,15.769927024841309,13.61
A.Coffey,Los Angeles Clippers,[[3.4735944]],[6.42348685],[6.905],[7.4984956],[[9.054205]],6.5971078224988915,6.217258930206299,7.232381820678711,6.618498802185059,7.02
K.Porter,Los Angeles Clippers,[[8.420033]],[8.30659814],[7.56],[7.8945055],[[3.3792772]],7.739783592502018,5.940262794494629,7.828827857971191,5.535548210144043,11.58
D.Avdija,Portland Trail Blazers,[[8.475782]],[11.24618034],[9.605],[9.037488],[[12.931037]],9.947978847953285,11.780445098876953,10.08307933807373,8.924483299255371,12.32
D.Ayton,Portland Trail Blazers,[[14.614252]],[15.22586056],[13.75],[13.979947],[[13.96821]],14.346417612492372,15.877833366394043,14.793625831604004,11.689607620239258,15.11
S.Henderson,Portland Trail Blazers,[[13.706941]],[16.38979873],[18.205],[17.889992],[[12.977959]],15.492430738905387,17.102766036987305,15.553293228149414,13.663966178894043,14.975
S.Pippen,Memphis Grizzlies,[[6.8924546]],[11.23881719],[10.755],[10.919465],[[11.67954]],9.527885782349088,9.173145294189453,9.862398147583008,8.79625129699707,7.415
M.Lewis,Los Angeles Lakers,[[0.]],[0.23259664],[0.],[0.],[[0.]],0.6843505105055581,0.8072416186332703,0.1860629767179489,0.470876008272171,0.0
B.Clarke,Memphis Grizzlies,[[2.7965767]],[4.35308444],[5.27],[5.0196176],[[4.4169235]],5.262453297026232,4.153665542602539,5.464575290679932,5.058280944824219,9.22
C.Carrington,Washington Wizards,[[6.8263655]],[9.19712286],[9.915],[9.819698],[[11.619568]],8.622314623807611,9.28173828125,8.71186351776123,7.951781749725342,5.865
B.Coulibaly,Washington Wizards,[[16.596218]],[17.91231815],[17.245],[18.14665],[[14.840802]],18.97999901101253,18.745412826538086,18.961462020874023,16.01396942138672,21.785
A.Sarr,Washington Wizards,[[5.352255]],[9.91820324],[7.775],[7.6657295],[[11.530681]],9.211884157507535,8.969313621520996,9.30390453338623,8.449456214904785,13.805
J.Konchar,Memphis Grizzlies,[[4.939838]],[2.79320521],[3.89],[4.165473],[[8.474567]],3.610453459854753,3.355475902557373,3.4480512142181396,3.8463966846466064,1.92
L.Kennard,Memphis Grizzlies,[[4.621634]],[8.02822956],[9.045],[9.389584],[[8.722497]],8.403536173264193,7.5810747146606445,8.901447296142578,7.722996234893799,9.915
J.Huff,Memphis Grizzlies,[[5.430476]],[8.91727663],[9.42],[9.589016],[[9.978795]],10.91564502491945,9.729697227478027,10.100841522216797,8.756319999694824,7.045
C.Kispert,Washington Wizards,[[8.898213]],[9.39614641],[10.49],[10.230701],[[10.997761]],10.928887763773211,10.780611991882324,10.778861045837402,8.804105758666992,7.06
D.Russell,Los Angeles Lakers,[[9.339933]],[11.28028436],[11.675],[11.43061],[[13.360904]],10.24659800944467,10.238637924194336,10.281222343444824,9.653491973876953,10.605
D.Knecht,Los Angeles Lakers,[[2.7104306]],[6.1428242],[6.715],[6.584132],[[7.527986]],7.983829414076982,7.479887962341309,8.935439109802246,6.900031566619873,12.96
G.Vincent,Los Angeles Lakers,[[1.2017221]],[3.35804463],[3.675],[3.5331917],[[4.933478]],3.2891514325757565,3.8907642364501953,3.508781909942627,3.590101718902588,3.96
J.Hayes,Los Angeles Lakers,[[5.4046736]],[4.64021434],[5.32],[5.3475103],[[6.4152813]],5.1300622464170536,5.774137020111084,5.812277317047119,4.99993896484375,6.255
P.Baldwin,Washington Wizards,[[2.2405064]],[1.86094892],[3.895],[3.1328874],[[6.4591165]],4.020881249228639,4.082662582397461,3.973644733428955,3.3429484367370605,2.55
S.Aldama,Memphis Grizzlies,[[8.204608]],[11.62008286],[11.2],[11.086227],[[13.288334]],12.964762241106612,11.896459579467773,13.033957481384277,9.481562614440918,7.785
J.Jackson,Memphis Grizzlies,[[15.513951]],[18.01370998],[17.645],[17.803646],[[13.647781]],20.17662462724169,19.359853744506836,20.026628494262695,16.909679412841797,23.755
C.Koloko,Los Angeles Lakers,[[0.29691407]],[0.],[1.945],[2.2223208],[[4.9477305]],1.3648854976709845,1.9662669897079468,1.936324119567871,2.1513350009918213,2.57
J.Dowtin,Philadelphia 76ers,[[0.61747783]],[0.],[1.91],[1.7307559],[[0.]],1.891954734186065,1.6009540557861328,0.8061543703079224,0.8924515247344971,1.475
A.Bona,Philadelphia 76ers,[[1.0790548]],[0.],[1.995],[1.939261],[[1.0916986]],1.8415511365327903,2.4680886268615723,1.3545098304748535,1.5599064826965332,1.27
L.Quinones,Philadelphia 76ers,[[2.2577944]],[0.47110359],[2.62],[2.505294],[[7.565986]],1.925057083368767,1.987284779548645,2.1433427333831787,3.1613094806671143,2.815
A.Davis,Los Angeles Lakers,[[26.208778]],[28.22584133],[29.335],[29.667324],[[16.04425]],31.747554650929548,32.05886459350586,31.0963191986084,29.066242218017578,27.235
J.Valanciunas,Washington Wizards,[[10.323574]],[12.13157635],[11.44],[11.981965],[[9.397277]],11.662778083844017,12.696401596069336,12.111013412475586,10.222439765930176,8.825
J.Poole,Washington Wizards,[[22.11452]],[23.67201606],[22.655],[22.283073],[[15.4567995]],22.507330103181737,21.678363800048828,22.827421188354492,19.711654663085938,21.84
K.George,Washington Wizards,[[4.0176992]],[4.05359439],[5.065],[5.0415826],[[8.791968]],4.816105972604312,5.488990783691406,5.021640300750732,4.932884693145752,5.985
C.Reddish,Los Angeles Lakers,[[2.3927896]],[2.63652405],[3.385],[2.8030303],[[7.8091846]],4.587051426906226,5.2149338722229,5.399135589599609,2.9335782527923584,5.4
C.Martin,Philadelphia 76ers,[[12.678255]],[11.22931385],[10.755],[10.7813],[[10.681395]],10.987063707486023,11.371806144714355,10.576101303100586,9.716245651245117,10.125
M.Christie,Los Angeles Lakers,[[2.406559]],[3.41389666],[4.51],[4.6038284],[[6.1662292]],3.596035910068779,4.317379951477051,4.135349750518799,3.874567747116089,5.15
J.Hood-Schifino,Los Angeles Lakers,[[0.]],[0.12964708],[0.],[0.],[[0.]],0.4391067512396514,0.8037647008895874,0.19453851878643036,1.8663063049316406,0.0
B.James,Los Angeles Lakers,[[0.]],[0.],[1.565],[1.8118445],[[0.11967717]],1.3520540087051869,1.264869213104248,1.1077051162719727,0.9510192275047302,1.335
R.Jackson,Philadelphia 76ers,[[0.21963146]],[1.64537446],[1.74],[1.6566674],[[0.5968953]],2.2043823055229734,1.9829719066619873,2.109360456466675,1.6155822277069092,2.75
J.Ivey,Detroit Pistons,[[20.379206]],[21.84374335],[20.875],[20.893293],[[14.990141]],22.528793922308196,24.32440757751465,22.4309139251709,18.67031478881836,22.61
S.Castle,San Antonio Spurs,[[3.5433028]],[5.75271196],[5.53],[5.388595],[[6.7670407]],5.470146754928913,5.245476722717285,5.955663204193115,5.518307685852051,7.85
J.Champagnie,San Antonio Spurs,[[5.839469]],[9.36951372],[8.715],[7.069007],[[11.880159]],8.599613749638175,8.800662994384766,8.62586784362793,7.416665077209473,7.195
M.Buzelis,Chicago Bulls,[[0.]],[0.],[1.7],[1.7426002],[[0.]],1.9081242475583797,0.5441881418228149,1.248452067375183,1.1726561784744263,0.52
J.Smith,Chicago Bulls,[[5.425555]],[8.91544669],[10.07],[8.623842],[[9.257483]],10.545630943707463,9.754426956176758,10.587257385253906,8.819452285766602,8.44
J.Phillips,Chicago Bulls,[[1.8289995]],[3.95410216],[4.705],[4.6242757],[[5.2260337]],4.393780088747101,4.121387481689453,4.260056495666504,4.766524314880371,4.145
C.Williams,Utah Jazz,[[2.4812727]],[3.42370436],[4.48],[4.2455587],[[7.0148964]],3.5145744382019135,4.795027256011963,4.439364433288574,3.451295852661133,3.6
A.Dosunmu,Chicago Bulls,[[4.937001]],[7.46764992],[6.86],[6.7358956],[[10.896314]],6.5639947660455045,5.637404918670654,7.178942680358887,6.384119987487793,9.51
K.Filipowski,Utah Jazz,[[0.5085737]],[2.16769228],[3.455],[2.2231894],[[4.8707466]],5.599129290078323,4.78701639175415,7.515729904174805,3.5085809230804443,7.325
K.Johnson,San Antonio Spurs,[[8.0614]],[9.999677],[9.305],[9.231236],[[9.872736]],9.972138936287616,9.879993438720703,10.446563720703125,8.614097595214844,11.43
B.Wesley,San Antonio Spurs,[[1.6305512]],[3.7688436],[4.435],[4.2266026],[[1.4552438]],4.372451816042609,3.746061325073242,4.152642726898193,3.029374837875366,2.265
C.Duarte,Chicago Bulls,[[5.1593256]],[2.41254435],[3.725],[4.0181446],[[6.564697]],3.8459567063346407,3.648186683654785,3.167072057723999,3.7202646732330322,1.295
S.Cissoko,San Antonio Spurs,[[0.]],[0.],[1.86],[1.8360097],[[4.8081517]],1.9808965071975946,1.7289104461669922,2.8177642822265625,1.120898962020874,3.065
C.Paul,San Antonio Spurs,[[9.874894]],[12.81436201],[13.445],[12.090544],[[14.340189]],10.756066714523566,10.916305541992188,11.068657875061035,9.366671562194824,14.765
J.Giddey,Chicago Bulls,[[14.286542]],[18.31657114],[16.355],[16.187933],[[14.624793]],15.044004624933082,14.901068687438965,15.635313987731934,13.760765075683594,18.32
C.Sexton,Utah Jazz,[[10.446605]],[12.72765877],[12.73],[12.530097],[[9.398337]],13.905851495606317,15.05251693725586,14.101191520690918,11.569694519042969,14.61
P.Williams,Chicago Bulls,[[6.5136557]],[8.23639959],[7.855],[7.5956798],[[11.427928]],7.12071996590901,6.153103828430176,7.632882118225098,6.55610466003418,8.825
T.Horton-Tucker,Chicago Bulls,[[0.4719545]],[1.57331003],[3.095],[2.892653],[[2.2782526]],3.2376737100433766,2.6190919876098633,3.602566719055176,2.699061632156372,5.4
G.Trent,Milwaukee Bucks,[[8.481007]],[9.30666853],[12.26],[11.332911],[[11.133159]],9.202416687179959,9.576615333557129,9.249519348144531,8.933218955993652,9.695
L.Markkanen,Utah Jazz,[[13.108224]],[16.27884051],[15.225],[15.468653],[[13.451204]],15.64309621525792,16.415027618408203,14.211163520812988,13.661240577697754,11.575
J.Carter,Chicago Bulls,[[0.2893301]],[0.],[2.26],[1.9649386],[[4.9041085]],2.5497618376827895,2.2027313709259033,2.7863662242889404,2.033754825592041,3.22
M.Branham,San Antonio Spurs,[[7.6669354]],[11.22260956],[11.64],[9.845805],[[10.386501]],10.337261068853886,10.373574256896973,10.434077262878418,8.874672889709473,8.4
Z.Collins,San Antonio Spurs,[[0.94247186]],[4.49758129],[5.295],[5.5531015],[[6.058919]],4.5258183800263785,4.902216911315918,4.853416442871094,4.78201150894165,1.84
J.Juzang,Utah Jazz,[[2.8025131]],[4.47357456],[6.32],[4.481128],[[7.106903]],7.8892741164925,6.457452774047852,7.99520206451416,5.472947597503662,9.81
W.Kessler,Utah Jazz,[[9.982451]],[9.40761922],[7.625],[7.1301713],[[12.334377]],8.027365399729437,9.209562301635742,8.062265396118164,6.035353183746338,6.695
I.Collier,Utah Jazz,[[0.61762816]],[0.],[0.],[0.],[[0.]],0.6031724840745538,1.3860056400299072,0.0,0.733898937702179,0.0
P.Mills,Utah Jazz,[[0.40605268]],[2.32530715],[2.945],[2.2112367],[[5.590622]],3.0507380541808278,2.9443001747131348,3.208110809326172,3.5446784496307373,3.45
C.White,Chicago Bulls,[[17.756363]],[18.10050473],[17.52],[17.19688],[[14.519173]],19.10105294627904,17.208271026611328,18.03158950805664,16.378040313720703,19.995
N.Vucevic,Chicago Bulls,[[18.421349]],[20.32703234],[19.295],[19.72583],[[14.964346]],20.209619850387387,19.510061264038086,19.53167724609375,17.474369049072266,18.36
H.Barnes,San Antonio Spurs,[[7.0120316]],[10.12651631],[10.115],[10.619973],[[12.522474]],10.886605905349507,10.693445205688477,10.858529090881348,8.83626937866211,8.715
J.Collins,Utah Jazz,[[12.504254]],[16.02546733],[13.3],[13.983374],[[11.844206]],14.199359578725355,15.52452278137207,14.656511306762695,12.662251472473145,13.735
J.Clarkson,Utah Jazz,[[9.4319105]],[12.28886728],[11.84],[11.614291],[[10.611813]],12.63000374261947,13.4414644241333,12.473506927490234,10.847991943359375,8.0
D.Eubanks,Utah Jazz,[[2.0147433]],[3.82760653],[5.045],[4.4028616],[[6.9503984]],4.040109032892975,4.573503494262695,4.558236598968506,3.62713623046875,4.54
K.George,Utah Jazz,[[14.506952]],[13.38053348],[13.215],[12.520223],[[10.95517]],12.786994279029063,14.489956855773926,12.57168197631836,12.152079582214355,14.195
C.Bassey,San Antonio Spurs,[[0.09478216]],[0.],[1.575],[1.7998847],[[1.305975]],2.0342044239505466,0.9064608812332153,2.8977527618408203,1.0974018573760986,3.765
S.Mamukelashvili,San Antonio Spurs,[[0.82272214]],[2.03971131],[3.45],[2.8595214],[[4.346369]],4.514274570360211,3.6968178749084473,4.679731845855713,3.281217098236084,4.37
V.Wembanyama,San Antonio Spurs,[[17.14591]],[19.91082951],[19.165],[17.74591],[[15.011291]],18.187542537884198,17.072214126586914,18.75779914855957,16.072383880615234,20.81
D.Terry,Chicago Bulls,[[0.74151564]],[0.],[1.835],[2.0710049],[[3.1134553]],1.3933320911618565,1.6433521509170532,1.9893118143081665,1.80596125125885,1.84
B.Sensabaugh,Utah Jazz,[[0.96421444]],[5.29868424],[4.795],[5.0270133],[[6.224841]],5.789657210739212,5.989682197570801,6.862517833709717,6.058342456817627,6.18
D.Reath,Portland Trail Blazers,[[0.10288075]],[0.],[2.12],[1.9852055],[[4.215909]],1.5450486731285695,3.808394432067871,1.707390546798706,2.2726128101348877,1.495
J.McLaughlin,Sacramento Kings,[[0.]],[0.],[1.575],[1.7515713],[[0.59187496]],0.5369703387580148,0.9245297908782959,0.7619059085845947,1.657617211341858,1.92
O.Agbaji,Toronto Raptors,[[9.679648]],[11.62937438],[12.45],[12.844647],[[12.862698]],11.359344899063354,11.110332489013672,11.433953285217285,9.742818832397461,10.775
J.Miller,Los Angeles Clippers,[[0.4604852]],[0.],[2.005],[1.6849409],[[0.]],1.9599501927540386,1.4609218835830688,1.0512725114822388,0.6090320348739624,0.485
A.Nembhard,Indiana Pacers,[[6.4324756]],[8.57721487],[7.92],[7.8449974],[[10.342303]],7.124373746638671,7.261402606964111,7.283844947814941,6.280478000640869,5.06
D.McDermott,Sacramento Kings,[[1.3510274]],[2.02445966],[3.12],[3.1350248],[[3.3897786]],3.066182394860621,3.0776572227478027,2.743250846862793,3.232481002807617,2.845
B.Williams,Dallas Mavericks,[[1.9838057]],[1.51808628],[2.945],[2.7726672],[[0.]],1.9399561660047222,0.9194901585578918,2.029853343963623,1.7699261903762817,2.03
I.Jones,Sacramento Kings,[[0.45109323]],[0.],[0.],[0.],[[0.]],0.559264905494183,0.5196725130081177,0.12220228463411331,0.0,0.0
J.Hawkins,New Orleans Pelicans,[[13.575641]],[15.60751795],[14.085],[13.362967],[[13.26098]],16.07218183834204,16.007505416870117,16.30525779724121,13.428292274475098,19.825
A.Burks,Miami Heat,[[2.3085685]],[5.36045058],[7.515],[5.248866],[[7.95157]],6.420480547087001,7.6549482345581055,7.062206268310547,5.368630409240723,6.14
J.Shead,Toronto Raptors,[[4.07593]],[8.49167147],[9.91],[9.242995],[[8.0695915]],7.606413977837622,7.696304798126221,8.379645347595215,8.314695358276367,7.225
D.Duke,San Antonio Spurs,[[1.9484633]],[3.62192259],[2.76],[2.8088698],[[1.3268611]],3.737217116945572,3.1264514923095703,3.4953105449676514,2.8830149173736572,2.945
C.Whitmore,Houston Rockets,[[4.2435446]],[6.86975308],[6.275],[7.2392087],[[3.1416209]],7.884693930338975,6.9128851890563965,7.379438877105713,6.427265644073486,6.23
L.Kornet,Boston Celtics,[[2.2619185]],[3.19269246],[2.725],[2.8813405],[[6.0601993]],2.350837773820916,2.7956128120422363,3.4705634117126465,4.307913303375244,4.11
C.Jones,Sacramento Kings,[[0.]],[0.],[0.],[0.],[[0.]],1.1317830853332793,0.5624780654907227,0.2518654465675354,0.0,0.0
Z.Williamson,New Orleans Pelicans,[[21.881098]],[22.99272144],[21.14],[21.26262],[[13.843098]],21.697496648490617,22.769245147705078,21.072528839111328,18.590530395507812,27.26
R.Minix,San Antonio Spurs,[[0.24365485]],[0.27409484],[0.],[0.],[[0.]],0.1531136148802025,0.3680769205093384,0.13839495182037354,1.171265959739685,0.0
M.Bridges,Charlotte Hornets,[[12.573899]],[13.88929177],[13.66],[13.5519285],[[11.896033]],15.068000611515496,12.366462707519531,14.465802192687988,12.493546485900879,14.08
K.Brown,Los Angeles Clippers,[[1.2412424]],[0.70255207],[2.255],[1.5296887],[[3.1759121]],2.014005386325042,2.882045269012451,2.222079038619995,2.6476664543151855,2.025
B.Hyland,Los Angeles Clippers,[[6.3541584]],[2.2766797],[3.46],[3.6866262],[[4.701209]],3.301485152512945,4.255408763885498,3.0339386463165283,3.04559326171875,2.56
R.Dunn,Phoenix Suns,[[6.077545]],[8.62833781],[9.305],[9.766513],[[9.269672]],9.085488288359354,9.421102523803711,10.384294509887695,8.503975868225098,13.715
D.Mitchell,Toronto Raptors,[[6.6395993]],[8.80748126],[8.51],[7.7216454],[[10.016738]],8.229182532971898,7.8543291091918945,8.440657615661621,7.607063293457031,9.745
R.Barrett,Toronto Raptors,[[24.268917]],[25.30740827],[24.35],[24.106361],[[15.060927]],25.938623174689234,24.665815353393555,22.456687927246094,24.39879608154297,19.435
J.Poeltl,Toronto Raptors,[[14.307845]],[14.08389812],[13.64],[13.227116],[[12.743535]],13.206980438510113,13.333731651306152,13.655885696411133,11.151196479797363,17.205
E.Gordon,Philadelphia 76ers,[[2.8600106]],[6.12746008],[6.775],[6.451357],[[8.444477]],7.429853661086541,7.58991813659668,7.549077033996582,6.111347198486328,9.245
T.Craig,Chicago Bulls,[[0.]],[0.29709719],[0.],[0.],[[0.]],0.41625995931812154,0.0,0.28236454725265503,0.7014217972755432,0.0
J.Gortman,Dallas Mavericks,[[3.2297492]],[4.29850131],[2.545],[3.0455046],[[0.]],2.123815227789446,1.375817894935608,2.1496999263763428,1.6744639873504639,2.28
J.Duren,Detroit Pistons,[[9.148641]],[8.05492724],[7.925],[7.47674],[[11.024378]],8.780273285756076,10.895249366760254,8.943628311157227,7.1586408615112305,8.585
T.McConnell,Indiana Pacers,[[8.100224]],[8.84156748],[8.285],[8.2417145],[[5.9392953]],8.579134445196921,8.645552635192871,9.097905158996582,7.910284519195557,9.91
K.Jones,Los Angeles Clippers,[[0.84122646]],[1.12969825],[2.16],[2.06181],[[3.7208908]],2.8566060065804453,1.3939095735549927,3.397566080093384,2.4698374271392822,2.15
J.Morant,Memphis Grizzlies,[[17.964424]],[20.27160198],[19.47],[19.970243],[[13.763737]],21.04131624242643,20.381071090698242,20.2996768951416,17.37668228149414,23.38
T.Maxey,Philadelphia 76ers,[[28.800657]],[27.55689717],[26.905],[26.521729],[[15.555581]],30.23490284970613,30.505489349365234,30.760826110839844,27.843151092529297,26.31
J.Battle,Toronto Raptors,[[1.8939387]],[4.05439138],[4.97],[5.014896],[[5.7531037]],6.157568900517808,4.9288411140441895,6.727785587310791,5.323280334472656,2.675
B.Fernando,Toronto Raptors,[[2.1816738]],[3.16127576],[2.63],[2.6120415],[[1.9667293]],3.7153751144024527,3.1628541946411133,4.049810886383057,4.338391304016113,4.095
M.Morris,Dallas Mavericks,[[0.]],[0.],[0.],[0.],[[4.281854]],0.1777550566795731,0.962037205696106,0.2572433650493622,1.515839695930481,0.0
H.Ingram,San Antonio Spurs,[[0.2071707]],[0.17499715],[0.],[0.],[[0.]],0.2116066269033157,0.4591495394706726,0.37474045157432556,0.7510026097297668,0.0
J.Mogbo,Toronto Raptors,[[3.6694303]],[7.30817331],[7.22],[6.928429],[[8.903267]],7.361022983889451,7.062646865844727,8.01749038696289,6.9105916023254395,9.965
C.Boucher,Toronto Raptors,[[2.7452383]],[7.34918159],[7.44],[7.499231],[[7.455543]],8.262735164924319,7.217949867248535,9.311346054077148,7.891042232513428,11.51
G.Dick,Toronto Raptors,[[14.327614]],[16.76225517],[16.225],[16.327686],[[13.653799]],18.107283271670752,15.91862964630127,17.90959930419922,15.7788667678833,25.085
J.Walter,Toronto Raptors,[[0.286578]],[2.41128915],[2.065],[2.3021924],[[2.1435525]],1.9680436749059083,1.3822568655014038,2.0622096061706543,2.6945385932922363,2.335
S.Milton,Brooklyn Nets,[[0.]],[0.],[1.65],[1.733851],[[2.1478472]],1.3991644651656079,1.0208063125610352,2.9136245250701904,2.002563953399658,3.73
P.Spencer,Golden State Warriors,[[0.53405344]],[0.],[1.935],[2.0570202],[[2.5732987]],1.8046264147917046,2.6671299934387207,1.7892197370529175,2.3808231353759766,2.465
K.Simpson,Charlotte Hornets,[[0.76941925]],[1.54687545],[2.11],[1.9737892],[[5.5550814]],2.511247777174077,2.7321887016296387,2.5486059188842773,3.1729507446289062,2.145
L.Travers,Cleveland Cavaliers,[[1.6455871]],[0.08717652],[2.125],[1.6088628],[[7.019713]],2.938006584159401,3.373055934906006,2.5728554725646973,1.4483277797698975,2.51
A.Gordon,Denver Nuggets,[[18.05417]],[18.2020547],[17.42],[17.48178],[[15.332149]],18.471682737004876,18.63219451904297,19.83112907409668,15.9010648727417,24.715
J.Sochan,San Antonio Spurs,[[17.154257]],[18.35538805],[18.1],[18.433964],[[13.940337]],16.612353046927108,16.378671646118164,16.566587448120117,14.856669425964355,13.68
D.Jordan,Denver Nuggets,[[5.85511]],[5.14517372],[5.58],[4.85362],[[3.1235707]],4.337822395878126,4.8681321144104,4.650349140167236,4.479832172393799,3.67
P.Washington,Dallas Mavericks,[[10.702042]],[10.61918629],[10.965],[10.384978],[[13.882885]],10.102831674811682,9.984416007995605,9.960857391357422,8.706191062927246,7.335
D.Wright,Milwaukee Bucks,[[0.5665933]],[1.8197274],[2.865],[2.4856865],[[4.2915044]],2.8515163110287465,2.968933582305908,3.192479133605957,2.8882944583892822,3.385
J.Davison,Boston Celtics,[[0.00925864]],[0.],[1.525],[1.6492695],[[0.05952439]],1.8214825568902226,1.2925529479980469,1.5341506004333496,1.0866682529449463,1.92
B.Scheierman,Boston Celtics,[[0.]],[0.],[1.53],[1.7794522],[[0.40284365]],2.0092261581075634,1.288627028465271,2.1780576705932617,0.8703612685203552,1.23
J.Springer,Boston Celtics,[[0.]],[0.],[1.31],[0.65928316],[[0.16142012]],1.1015182894901399,1.3310917615890503,0.9028022885322571,0.9048541188240051,1.27
M.Sasser,Detroit Pistons,[[0.38270193]],[0.],[2.5],[2.0763645],[[5.428671]],1.7398782491260214,2.91310977935791,2.529780864715576,1.377739667892456,2.65
W.Carter,Orlando Magic,[[7.1424837]],[8.63449682],[9.55],[9.349925],[[12.769186]],8.163619863690315,8.416670799255371,8.850690841674805,7.881361484527588,11.43
T.Martin,Brooklyn Nets,[[0.]],[0.18068595],[0.],[0.],[[0.]],0.6874164411521809,0.8989917635917664,0.12266821414232254,1.958185076713562,0.0
N.Clowney,Brooklyn Nets,[[1.7681842]],[5.66117126],[4.74],[5.0152965],[[4.6379476]],6.556155561120873,4.328647613525391,6.4054388999938965,5.432433128356934,5.28
W.Moore,Detroit Pistons,[[0.74146116]],[0.],[1.65],[1.7238182],[[0.38258448]],2.1016607443984383,3.6096243858337402,1.5085831880569458,0.7288931608200073,1.65
D.Lively,Dallas Mavericks,[[9.560733]],[9.39941809],[9.51],[9.561109],[[11.678344]],8.984853508975231,9.588862419128418,9.382779121398926,7.646942138671875,7.375
J.Pickett,Denver Nuggets,[[0.]],[0.],[0.],[0.],[[0.]],0.6041960278363522,0.6535817384719849,0.39090484380722046,0.08745133131742477,0.0
T.Alexander,Denver Nuggets,[[0.]],[0.],[1.645],[1.7543986],[[0.]],2.5954167070438845,1.4507536888122559,1.5741554498672485,0.7049973607063293,0.875
M.Morris,Phoenix Suns,[[0.31848043]],[2.03494343],[3.37],[2.868415],[[3.931505]],4.412381829732333,4.013241291046143,5.5529937744140625,3.780679702758789,3.6
S.Jones,Denver Nuggets,[[0.29215246]],[0.29006483],[0.],[0.],[[4.5851407]],1.8388286207344346,1.1375141143798828,0.7817761898040771,0.0,0.0
S.Mykhailiuk,Utah Jazz,[[5.1095405]],[6.12435974],[6.46],[6.0649486],[[6.240574]],6.4981751375588175,6.4091691970825195,6.195435047149658,5.81415319442749,6.12
M.Bagley,Washington Wizards,[[2.430476]],[3.56324959],[3.605],[4.0017223],[[2.8593173]],5.016770083619984,4.604356288909912,4.676892280578613,3.876009225845337,1.525
D.Smith,Miami Heat,[[1.069608]],[0.95070964],[2.045],[2.1887875],[[1.4652487]],1.2223149953589099,2.5503010749816895,1.2032283544540405,2.3797554969787598,1.165
J.Jaquez,Miami Heat,[[8.922834]],[12.09667812],[11.25],[11.260119],[[10.335958]],9.224991301844913,10.838665008544922,9.877511978149414,9.079537391662598,8.77
C.Payne,New York Knicks,[[1.7677634]],[6.24509695],[4.81],[4.783272],[[6.4447174]],4.967477630554561,3.364194393157959,5.622574329376221,6.917612075805664,4.61
J.Brown,Boston Celtics,[[25.010393]],[24.45580975],[26.115],[26.487469],[[14.528971]],25.6518744952982,25.11409568786621,25.638975143432617,23.790279388427734,25.285
I.Jackson,Indiana Pacers,[[7.342947]],[7.6753517],[7.845],[7.164765],[[7.913323]],6.685772958997568,7.02207088470459,6.698604106903076,6.710257053375244,6.465
J.Ingles,Minnesota Timberwolves,[[0.]],[0.],[0.],[0.],[[0.76252294]],0.0,0.6899186372756958,0.3660793602466583,2.2050490379333496,0.0
A.Sanogo,Chicago Bulls,[[0.5022465]],[0.],[1.65],[1.7601982],[[1.6266922]],3.16461512674969,1.2325477600097656,3.234163522720337,1.3758666515350342,2.975
Z.LaVine,Chicago Bulls,[[21.144445]],[21.37041941],[21.36],[21.42026],[[14.990054]],23.440142853590416,21.818098068237305,23.278186798095703,19.737571716308594,17.72
D.Jenkins,Detroit Pistons,[[0.39878604]],[0.5235849],[0.],[0.00342246],[[0.]],0.12095746172086683,1.2820240259170532,0.1060546264052391,0.0,0.0
D.Carton,Toronto Raptors,[[0.22851548]],[0.],[1.615],[1.7521747],[[0.724334]],1.358397736251887,1.064035415649414,0.6913925409317017,1.3506594896316528,0.735
N.Richards,Charlotte Hornets,[[9.689408]],[9.94430753],[8.5],[8.029691],[[12.041704]],11.09051312694784,9.048519134521484,10.618902206420898,8.358786582946777,5.975
A.Nesmith,Indiana Pacers,[[5.214796]],[7.72146591],[8.185],[8.2301655],[[9.225692]],8.50381104328996,7.956424236297607,9.076825141906738,7.384964466094971,10.71
J.Toppin,New York Knicks,[[0.02214954]],[0.],[1.73],[1.8065213],[[0.]],1.3007340463178934,0.9276243448257446,1.1717582941055298,1.211390733718872,1.69
D.Saric,Denver Nuggets,[[0.7361702]],[1.85977615],[2.025],[1.8629285],[[0.34564742]],1.9229734754302903,1.718916893005371,1.0649217367172241,2.011195659637451,0.56
O.Ighodaro,Phoenix Suns,[[1.3560847]],[0.64913551],[1.955],[1.5107045],[[0.46947688]],1.4092807600587565,3.077810287475586,1.4942597150802612,2.157510757446289,1.885
J.Martin,Brooklyn Nets,[[1.88129]],[0.],[2.395],[2.168905],[[6.279262]],2.399617808652115,2.8864235877990723,2.1793107986450195,1.6195659637451172,2.765
Y.Cui,Brooklyn Nets,[[0.]],[0.],[1.37],[1.5132939],[[0.17361894]],1.4668732784737666,1.3986760377883911,0.9391953945159912,1.2585995197296143,1.2
M.Smart,Memphis Grizzlies,[[1.650241]],[5.70614214],[4.085],[4.513134],[[6.464544]],5.032030002071671,3.9918947219848633,5.262434959411621,6.108370304107666,6.09
P.Banchero,Orlando Magic,[[25.618896]],[27.09433206],[27.575],[28.41028],[[15.911894]],27.37885164846303,27.105623245239258,26.726797103881836,27.204978942871094,27.19
R.Beekman,Golden State Warriors,[[6.199629]],[1.74939043],[2.53],[1.8647593],[[9.443858]],1.426748629072327,2.9342832565307617,1.5820449590682983,3.050663948059082,1.425
D.Bane,Memphis Grizzlies,[[15.172182]],[18.23657764],[16.41],[16.779673],[[13.711357]],19.497802692025484,18.222854614257812,19.287405014038086,16.00121307373047,14.805
A.Ducas,Oklahoma City Thunder,[[0.]],[0.],[0.],[0.0428555],[[0.]],0.5003418561184694,0.9025368094444275,0.20875796675682068,0.0,0.0
A.Flagler,Oklahoma City Thunder,[[1.450891]],[0.],[2.42],[1.6543609],[[4.5865884]],2.5998195124332284,2.4978818893432617,2.480191230773926,1.426196813583374,2.57
C.McCollum,New Orleans Pelicans,[[18.865118]],[19.52706483],[17.695],[17.845488],[[15.099748]],18.662437057823492,18.21562385559082,17.940458297729492,16.493057250976562,10.59
H.Jones,New Orleans Pelicans,[[5.677153]],[5.60521162],[7.095],[6.1019173],[[10.880301]],6.8575826074364015,7.219559669494629,6.531927585601807,5.387495994567871,6.005
T.Hendricks,Utah Jazz,[[3.312286]],[3.2355824],[4.385],[4.065031],[[9.528517]],4.5967977735544014,5.069601535797119,4.520095348358154,4.429714679718018,2.875
D.Peterson,Boston Celtics,[[0.01716145]],[0.],[0.],[0.],[[0.]],0.39384369829887855,0.8630586862564087,0.220244362950325,1.1103768348693848,0.0
K.Kuzma,Washington Wizards,[[16.749907]],[16.66505707],[14.51],[14.615697],[[11.508955]],16.84834596578732,16.482440948486328,18.746551513671875,14.570943832397461,21.44
L.Ball,Chicago Bulls,[[3.3295887]],[4.65968366],[5.84],[6.0196815],[[6.6702437]],4.313270954092033,4.5891432762146,4.417671203613281,5.373448371887207,5.545
S.Barnes,Toronto Raptors,[[19.194714]],[20.21579458],[19.785],[19.450726],[[14.500728]],18.714615345769708,17.66971778869629,18.6669979095459,16.756675720214844,20.415
K.Matkovic,New Orleans Pelicans,[[1.9933081]],[1.17336198],[2.375],[1.6323875],[[5.427105]],1.628800632657604,2.40700626373291,1.4287705421447754,3.1477274894714355,1.285
A.Johnson,Milwaukee Bucks,[[2.062576]],[0.55640432],[2.045],[2.0561],[[0.]],1.7036019809008203,1.6932072639465332,0.8904932141304016,1.4429165124893188,1.59
A.Reese,Oklahoma City Thunder,[[8.005304]],[3.67401452],[2.145],[2.0735898],[[7.252044]],2.5548972146458935,2.843860149383545,1.8730844259262085,3.0945355892181396,2.015
D.Whitehead,Brooklyn Nets,[[6.282677]],[0.00347657],[0.],[0.],[[0.]],0.2131391553944739,0.7142454385757446,0.0,0.03150177747011185,0.0
V.Micic,Charlotte Hornets,[[0.99700683]],[2.34934198],[2.24],[2.2289793],[[2.5344408]],2.671749758666392,1.8238816261291504,2.378535032272339,2.9058029651641846,0.6
M.Kleber,Dallas Mavericks,[[0.8819469]],[1.91272636],[2.035],[2.1117475],[[4.585433]],2.4195871971908876,2.581360340118408,3.027977228164673,2.7655396461486816,2.38
D.Lee,Phoenix Suns,[[1.3811393]],[1.69738349],[2.025],[2.151],[[5.204727]],1.6020432658618304,2.140371084213257,1.82193124294281,2.541898250579834,2.055
T.Queen,Orlando Magic,[[0.06016554]],[0.],[0.],[0.],[[0.]],0.7629367419953379,0.7947948575019836,0.22468136250972748,0.0,0.0
M.McClung,Orlando Magic,[[0.]],[0.],[0.],[0.00644876],[[2.2747855]],0.2250739140010188,1.8518946170806885,0.08747884631156921,2.729220390319824,0.0
C.Gillespie,Phoenix Suns,[[4.139455]],[2.66363022],[3.215],[2.9976704],[[7.0147276]],3.5540842210577788,3.5771384239196777,3.0087852478027344,3.7109158039093018,3.07
J.Williams,Houston Rockets,[[12.797549]],[3.35619244],[3.105],[3.1410382],[[10.198936]],3.68968226547347,2.826967239379883,2.9316911697387695,3.96260142326355,3.085
G.Temple,Toronto Raptors,[[0.]],[0.],[1.585],[1.7733474],[[0.6856849]],1.8038575401942223,1.139971375465393,2.4942166805267334,1.3194072246551514,2.72
T.Jones,San Antonio Spurs,[[1.8290166]],[3.22609934],[3.01],[2.7918189],[[5.930477]],2.4547855675848753,3.181835651397705,2.8821799755096436,3.549009084701538,3.185
V.Cancar,Denver Nuggets,[[0.]],[0.1610946],[0.],[0.],[[0.]],0.9860525263348597,0.9835280179977417,0.2855934202671051,1.9079468250274658,0.0
J.Champagnie,Washington Wizards,[[0.]],[0.],[0.],[0.],[[0.]],0.0,0.993611752986908,0.19578061997890472,2.5415537357330322,0.0
D.Murray,New Orleans Pelicans,[[13.8174]],[15.21880903],[14.035],[13.897122],[[11.788918]],13.619888412439543,14.226417541503906,13.752422332763672,12.510626792907715,14.6
I.Quickley,Toronto Raptors,[[13.361384]],[14.1218839],[13.365],[13.261154],[[9.810637]],13.823809228965533,12.320084571838379,13.7259521484375,11.124739646911621,13.39
U.Chomche,Toronto Raptors,[[4.48983]],[1.73781075],[2.005],[2.2059948],[[2.1808882]],3.1114362533671516,3.2326345443725586,2.7521281242370605,3.1445581912994385,2.07
J.Wiseman,Indiana Pacers,[[12.43962]],[4.89793679],[5.765],[5.954989],[[3.8010135]],7.134613965523142,7.231828689575195,6.917008876800537,4.8546319007873535,6.77
